brand,model,model_year,milage,fuel_type,engine,transmission,ext_col,int_col,accident,clean_title,price,price_log,milage_log
Ford,Utility Police Interceptor Base,2013,51000,E85 Flex Fuel,300.0HP 3.7L V6 Cylinder Engine Flex Fuel Capability,6-Speed A/T,Black,Black,At least 1 accident or damage reported,Yes,10300,9.239996256883693,10.839600519357369
Hyundai,Palisade SEL,2021,34742,Gasoline,3.8L V6 24V GDI DOHC,8-Speed Automatic,Moonlight Cloud,Gray,At least 1 accident or damage reported,Yes,38005,10.545499320981303,10.455733391852487
Lexus,RX 350 RX 350,2022,22372,Gasoline,3.5 Liter DOHC,Automatic,Blue,Black,None reported,Yes,54598,10.90777084654696,10.015610153673077
INFINITI,Q50 Hybrid Sport,2015,88900,Hybrid,354.0HP 3.5L V6 Cylinder Engine Gas/Electric Hybrid,7-Speed A/T,Black,Black,None reported,Yes,15500,9.648659816955295,11.395278670032656
Audi,Q3 45 S line Premium Plus,2021,9835,Gasoline,2.0L I4 16V GDI DOHC Turbo,8-Speed Automatic,Glacier White Metallic,Black,None reported,Yes,34999,10.46310334047155,9.193804403336083
Acura,ILX 2.4L,2016,136397,Gasoline,2.4 Liter,F,Silver,Ebony.,None reported,Yes,14798,9.602314889901848,11.8233323615274
Audi,S3 2.0T Premium Plus,2017,84000,Gasoline,292.0HP 2.0L 4 Cylinder Engine Gasoline Fuel,6-Speed A/T,Blue,Black,None reported,Yes,31000,10.34177474101152,11.338583982516495
BMW,740 iL,2001,242000,Gasoline,282.0HP 4.4L 8 Cylinder Engine Gasoline Fuel,A/T,Green,Green,None reported,Yes,7300,8.895766604056085,12.396697137361691
Lexus,RC 350 F Sport,2021,23436,Gasoline,311.0HP 3.5L V6 Cylinder Engine Gasoline Fuel,6-Speed A/T,Black,Black,None reported,Yes,41927,10.643709140482002,10.062071249151874
Tesla,Model X Long Range Plus,2020,34000,Gasoline,534.0HP Electric Motor Electric Fuel System,A/T,Black,Black,None reported,Yes,69950,11.155550275917102,10.434145214930487
Land Rover,Range Rover Sport 3.0 Supercharged HST,2021,27608,Gasoline,V6,Automatic,Fuji White,Pimento / Ebony,None reported,Yes,73897,11.210441042970608,10.225897085506967
Aston Martin,DBS Superleggera,2019,22770,Gasoline,715.0HP 5.2L 12 Cylinder Engine Gasoline Fuel,8-Speed A/T,Silver,Black,None reported,Yes,184606,12.125984520158603,10.033243075528665
Toyota,Supra 3.0 Premium,2021,12500,Gasoline,382.0HP 3.0L Straight 6 Cylinder Engine Gasoline Fuel,A/T,Yellow,Black,None reported,Yes,53500,10.887455624298198,9.433563920090563
Lincoln,Aviator Reserve AWD,2022,18196,Gasoline,400.0HP 3.0L V6 Cylinder Engine Gasoline Fuel,Transmission w/Dual Shift Mode,Black,Brown,None reported,Yes,62000,11.034905792929415,9.809012024313242
Jaguar,F-TYPE,2020,15903,Gasoline,2.0 Liter Supercharged,Automatic,Silver,Black,None reported,Yes,47998,10.778935456339678,9.674325928896355
Land Rover,LR4 HSE,2013,79800,Gasoline,375.0HP 5.0L 8 Cylinder Engine Gasoline Fuel,A/T,White,Black,None reported,Yes,29990,10.30865261563529,11.287291314687705
Mercedes-Benz,Metris Base,2021,1685,Gasoline,2.0L I4 16V GDI DOHC Turbo,9-Speed Automatic,Gray,White,None reported,Yes,250000,12.429220196836383,7.430114138561801
Dodge,Challenger SXT,2013,61074,Gasoline,305.0HP 3.6L V6 Cylinder Engine Gasoline Fuel,A/T,Black,Gray,None reported,Yes,16800,9.729193687429403,11.019857896125941
Nissan,350Z Enthusiast,2003,74000,Gasoline,287.0HP 3.5L V6 Cylinder Engine Gasoline Fuel,6-Speed M/T,Purple,–,None reported,Yes,11000,9.305741456739435,11.211833885608513
Jaguar,F-TYPE R,2018,35250,Gasoline,550.0HP 5.0L 8 Cylinder Engine Gasoline Fuel,8-Speed A/T,Green,Black,None reported,Yes,68750,11.13824656087758,10.470249176632354
Genesis,GV70 3.5T Sport,2023,5400,Gasoline,375.0HP 3.5L V6 Cylinder Engine Gasoline Fuel,8-Speed A/T,Green,Beige,None reported,Yes,60000,11.002116507732017,8.594339400592892
Chevrolet,S-10 LS,2000,133510,E85 Flex Fuel,120.0HP 2.2L 4 Cylinder Engine Flex Fuel Capability,A/T,Blue,Black,None reported,Yes,4500,8.412054873292933,11.80193915043174
BMW,440 Gran Coupe 440i xDrive,2020,25990,Gasoline,3.0 Liter Turbo,Automatic,White,Beige,None reported,Yes,38598,10.560981648381585,10.165505603232393
Ford,F-150 XLT,2023,2823,Gasoline,3.5L V6 24V PDI DOHC Twin Turbo,Automatic,Iconic Silver Metallic,Black,None reported,Yes,58504,10.976867499653059,7.945909598613133
Chevrolet,Suburban RST,2021,52000,Gasoline,355.0HP 5.3L 8 Cylinder Engine Gasoline Fuel,10-Speed A/T,Blue,Black,None reported,Yes,61000,11.0186455364637,10.859018228147887
Hyundai,Elantra N Base,2022,11650,Gasoline,276.0HP 2.0L 4 Cylinder Engine Gasoline Fuel,Transmission w/Dual Shift Mode,Black,Black,None reported,Yes,32300,10.382853468483827,9.36314729221994
Nissan,Sentra SR,2016,96541,Gasoline,1.8 Liter,Automatic,Blue,Black,None reported,Yes,13998,9.546741177474825,11.47773342580122
Mercedes-Benz,AMG CLA 45 Base 4MATIC,2021,17500,Gasoline,382.0HP 2.0L 4 Cylinder Engine Gasoline Fuel,A/T,Gray,Black,None reported,Yes,59995,11.002033172315251,9.770013301136158
BMW,650 Gran Coupe i xDrive,2015,69000,Gasoline,445.0HP 4.4L 8 Cylinder Engine Gasoline Fuel,8-Speed A/T,Gray,Black,None reported,Yes,25700,10.154285180632154,11.141876276228
Audi,Q5 2.0T Premium Plus,2017,81880,E85 Flex Fuel,2.0L I4 16V GDI DOHC Turbo Flexible Fuel,8-Speed Automatic,Mythos Black Metallic,Black,None reported,Yes,21375,9.970024076336372,11.313022252695275
Mercedes-Benz,AMG C 43 Base 4MATIC,2018,28800,Gasoline,362.0HP 3.0L V6 Cylinder Engine Gasoline Fuel,9-Speed A/T,Silver,Black,None reported,Yes,48000,10.778977123006351,10.268165387743457
Dodge,Ram 1500 Laramie Mega Cab,2006,300183,Gasoline,345.0HP 5.7L 8 Cylinder Engine Gasoline Fuel,A/T,Silver,Gray,At least 1 accident or damage reported,Yes,10900,9.296609807128359,12.612150898959655
BMW,i3 120Ah w/Range Extender,2020,35035,Hybrid,120 AH,Automatic,Black,Black,None reported,Yes,24998,10.126591103050316,10.464131383282979
Kia,Sorento SX,2011,171000,Gasoline,276.0HP 3.5L V6 Cylinder Engine Gasoline Fuel,A/T,Black,Black,None reported,Yes,5999,8.699514748210191,12.049424683420915
Lexus,LX 570 Base,2016,118700,Gasoline,383.0HP 5.7L 8 Cylinder Engine Gasoline Fuel,8-Speed A/T,Black,Beige,None reported,Yes,46900,10.75579427616868,11.684363005162105
Jeep,New Compass Trailhawk,2017,119000,Gasoline,180.0HP 2.4L 4 Cylinder Engine Gasoline Fuel,A/T,Red,Black,None reported,Yes,15900,9.674137279312397,11.686887175419702
BMW,340 i,2018,44261,Gasoline,3.0 Liter Turbo,Automatic,Gray,Black,None reported,Yes,33598,10.42225158360364,10.697881800112357
Audi,A4 2.0T Premium Plus quattro,2012,125575,Gasoline,211.0HP 2.0L 4 Cylinder Engine Gasoline Fuel,8-Speed A/T,Silver,Black,None reported,Yes,8999,9.104979856318357,11.740666431955043
Hyundai,Tucson SE,2007,16200,Gasoline,173.0HP 2.7L V6 Cylinder Engine Gasoline Fuel,A/T,Gold,Beige,None reported,Yes,8200,9.012011377036412,9.692828247710418
BMW,Z4 sDrive28i,2014,70000,Gasoline,240.0HP 2.0L 4 Cylinder Engine Gasoline Fuel,A/T,White,Beige,At least 1 accident or damage reported,Yes,20000,9.90353755128617,11.156264806643742
Bentley,Continental GTC Base,2011,20200,E85 Flex Fuel,552.0HP 6.0L 12 Cylinder Engine Flex Fuel Capability,6-Speed A/T,Black,Black,None reported,Yes,79950,11.289169226001263,9.913487387114461
Honda,Passport Elite,2023,2978,Gasoline,3.5 Liter SOHC,Automatic,Lunar Silver Metallic,Gray,None reported,Yes,45498,10.725445626675544,7.999342952713282
Dodge,Sprinter 2500,2007,189719,Diesel,3.0L V6 Cylinder Engine Diesel Fuel,5-Speed A/T,White,Gray,At least 1 accident or damage reported,Yes,14000,9.546884034617925,12.153304579991518
BMW,M850 i xDrive,2019,9949,Gasoline,4.4 Liter DOHC Twin Turbo,Automatic,Blue,Black,None reported,Yes,75798,11.235840378931302,9.205327830152639
Lucid,Air Grand Touring,2022,3552,Gasoline,536.0HP Electric Motor Electric Fuel System,1-Speed A/T,Red,Beige,None reported,Yes,119999,11.695247021764184,8.175547596021026
Audi,A7 Premium,2012,54000,Gasoline,310.0HP 3.0L V6 Cylinder Engine Gasoline Fuel,8-Speed A/T,Black,Brown,At least 1 accident or damage reported,Yes,36880,10.515451792270389,10.896757843893464
Chevrolet,Silverado 1500 Custom Trail Boss,2021,51351,Gasoline,5.3L V8 16V GDI OHV,Automatic,Black,Jet Black,None reported,Yes,43147,10.67239134549532,10.846459162991614
MINI,Convertible John Cooper Works,2017,24280,Gasoline,228.0HP 2.0L 4 Cylinder Engine Gasoline Fuel,6-Speed A/T,Black,Black,At least 1 accident or damage reported,Yes,29000,10.275085591132715,10.097449430486758
Toyota,Avalon Touring,2016,89148,Gasoline,268.0HP 3.5L V6 Cylinder Engine Gasoline Fuel,A/T,Black,Black,None reported,Yes,17500,9.770013301136158,11.39806440617846
Porsche,Cayenne Platinum Edition,2017,73043,Gasoline,300.0HP 3.6L V6 Cylinder Engine Gasoline Fuel,8-Speed A/T,White,Black,None reported,Yes,30990,10.341452118734878,11.198817278281926
Mercedes-Benz,AMG C 63 S,2017,60000,Gasoline,503.0HP 4.0L 8 Cylinder Engine Gasoline Fuel,Transmission w/Dual Shift Mode,Gray,Black,At least 1 accident or damage reported,Yes,52500,10.868587496017359,11.002116507732017
Honda,CR-V EX-L,2016,73549,Gasoline,2.4L I4 16V GDI DOHC,Automatic CVT,Mountain Air Metallic,Black,At least 1 accident or damage reported,Unknown,20848,9.945061264446057,11.205720726029584
Hummer,H2 Base,2005,110900,Gasoline,325.0HP 6.0L 8 Cylinder Engine Gasoline Fuel,A/T,Gray,Black,None reported,Yes,19500,9.87822102528824,11.616393190430356
Porsche,911 Carrera S,2013,39000,Gasoline,400.0HP 3.8L Flat 6 Cylinder Engine Gasoline Fuel,7-Speed A/T,Blue,Black,None reported,Yes,73000,11.19822841866684,10.571342565808699
Mercedes-Benz,CLA-Class CLA 250,2016,120000,Gasoline,208.0HP 2.0L 4 Cylinder Engine Gasoline Fuel,Transmission w/Dual Shift Mode,Black,Black,None reported,Yes,19800,9.893487720457795,11.695255355062795
Chrysler,300 Touring,2009,134602,Gasoline,250.0HP 3.5L V6 Cylinder Engine Gasoline Fuel,Transmission w/Dual Shift Mode,Blue,Black,None reported,Yes,7500,8.922791623969637,11.8100849842059
Nissan,Rogue SV,2023,1094,Gasoline,1.5L I3 12V GDI DOHC Turbo,Automatic CVT,Caspian Blue,Light Gray,None reported,Yes,30999,10.341742483467284,6.9985096422506015
Audi,A3 2.0T,2010,83500,Gasoline,200.0HP 2.0L 4 Cylinder Engine Gasoline Fuel,Transmission w/Dual Shift Mode,Silver,Black,None reported,Yes,6500,8.77971129020447,11.332613886815139
Ford,Mustang GT Premium,2014,37060,Gasoline,420.0HP 5.0L 8 Cylinder Engine Gasoline Fuel,6-Speed M/T,Black,Black,None reported,Yes,28500,10.25769445336048,10.520320482745682
Acura,RL Technology,2010,97700,Gasoline,300.0HP 3.7L V6 Cylinder Engine Gasoline Fuel,Transmission w/Dual Shift Mode,Blue,Beige,None reported,Yes,10995,9.305286849285137,11.489667073393028
Volvo,XC90 Hybrid T8 R-Design,2018,40000,Plug-In Hybrid,400.0HP 2.0L 4 Cylinder Engine Plug-In Electric/Gas,Transmission w/Dual Shift Mode,Black,Black,None reported,Yes,42000,10.645448706505872,10.596659732783579
Audi,R8 5.2 V10,2018,8940,Gasoline,5.2L V10 40V PDI DOHC,7-Speed Automatic with Auto-Shift,Tango Red Metallic,Black,None reported,Yes,144900,11.88380602959621,9.098402718735318
Mercedes-Benz,GLK-Class GLK 350,2014,186000,Gasoline,302.0HP 3.5L V6 Cylinder Engine Gasoline Fuel,A/T,Black,Beige,At least 1 accident or damage reported,Yes,10000,9.210440366976517,12.133507329024972
Toyota,C-HR LE,2021,13180,Gasoline,2.0 Liter,CVT-F,–,–,None reported,Yes,23998,10.085767441795337,9.486531677712465
Lexus,IS 350 Base,2014,104000,Gasoline,306.0HP 3.5L V6 Cylinder Engine Gasoline Fuel,8-Speed A/T,Black,Black,None reported,Yes,21000,9.952325334619427,11.552155793461898
BMW,X4 M40i,2023,8500,Hybrid,382.0HP 3.0L Straight 6 Cylinder Engine Gasoline/Mild Electric Hybrid,Transmission w/Dual Shift Mode,Gray,Beige,None reported,Yes,67900,11.125806040978839,9.04793908261736
BMW,M4 CS,2019,19069,Gasoline,3.0 Liter DOHC Turbo,Automatic,Alpine White,Anthracite,None reported,Yes,69998,11.156236235215168,9.855871698594465
Cadillac,CT5 Premium Luxury,2023,6090,Gasoline,237.0HP 2.0L 4 Cylinder Engine Gasoline Fuel,A/T,White,Beige,None reported,Yes,46900,10.75579427616868,8.714567550836485
Lucid,Air Grand Touring,2022,4900,Gasoline,536.0HP Electric Motor Electric Fuel System,1-Speed A/T,Red,Black,None reported,Yes,99000,11.502885230075814,8.497194544909547
Audi,A5 2.0T Premium Plus,2019,47523,Gasoline,248.0HP 2.0L 4 Cylinder Engine Gasoline Fuel,Transmission w/Dual Shift Mode,Black,Black,None reported,Yes,31000,10.34177474101152,10.768990125578178
Chrysler,300C SRT8,2006,43000,Gasoline,425.0HP 6.1L 8 Cylinder Engine Gasoline Fuel,5-Speed A/T,Silver,Black,At least 1 accident or damage reported,Yes,19995,9.903287532533462,10.668978650219241
Bentley,Continental GT W12,2017,14684,Gasoline,582.0HP 6.0L 12 Cylinder Engine Gasoline Fuel,8-Speed A/T,White,White,None reported,Yes,130000,11.775297421715827,9.59458184363272
BMW,M4 Base,2019,57800,Gasoline,425.0HP 3.0L Straight 6 Cylinder Engine Gasoline Fuel,Transmission w/Dual Shift Mode,Black,Red,None reported,Yes,55999,10.933106969717286,10.96476135554887
Toyota,GR Corolla Circuit Edition,2023,952,Gasoline,300.0HP 1.6L 3 Cylinder Engine Gasoline Fuel,6-Speed M/T,Silver,Gray,None reported,Yes,49950,10.818797803896322,6.859614903654202
Audi,RS 5 2.9T,2019,21240,Gasoline,444.0HP 2.9L V6 Cylinder Engine Gasoline Fuel,8-Speed A/T,Black,Black,At least 1 accident or damage reported,Yes,59950,11.00128284088368,9.963688555226884
Porsche,Cayenne Base,2019,59338,Gasoline,335.0HP 3.0L V6 Cylinder Engine Gasoline Fuel,Transmission w/Dual Shift Mode,Black,Black,None reported,Yes,42499,10.657259354912508,10.991022041663719
Lamborghini,Huracan Tecnica Coupe,2023,255,Gasoline,"5.2L V-10 gasoline direct injection, DOHC, variable valve contro",Automatic,BLU ELEOS,Nero Ade,None reported,Yes,359991,12.793837087963153,5.545177444479562
Maserati,Quattroporte S,2019,23230,Gasoline,424.0HP 3.0L V6 Cylinder Engine Gasoline Fuel,8-Speed A/T,Black,Black,None reported,Yes,44999,10.714417768752456,10.053242872620965
Jaguar,XF 35t R-Sport,2017,48000,Gasoline,340.0HP 3.0L V6 Cylinder Engine Gasoline Fuel,A/T,Red,Black,At least 1 accident or damage reported,Yes,30000,10.308985993422082,10.778977123006351
Lexus,ES 330 Base,2005,41059,Gasoline,225.0HP 3.3L V6 Cylinder Engine Gasoline Fuel,5-Speed A/T,White,Beige,None reported,Yes,11100,9.314790473332646,10.622789690572924
Land Rover,Discovery Sport SE R-Dynamic,2020,21240,Gasoline,2.0 Liter,Automatic,White,Black,None reported,Yes,37998,10.545315122572783,9.963688555226884
Porsche,Cayman GTS,2015,11500,Gasoline,340.0HP 3.4L Flat 6 Cylinder Engine Gasoline Fuel,7-Speed A/T,Silver,–,None reported,Yes,72000,11.184435286790631,9.350189267092581
Genesis,G90 3.3T Premium,2021,9950,Gasoline,365.0HP 3.3L V6 Cylinder Engine Gasoline Fuel,8-Speed A/T,Silver,Blue,None reported,Yes,53950,10.895831506195684,9.205428327615163
Volkswagen,Golf R 20th Anniversary Edition,2023,633,Gasoline,315.0HP 2.0L 4 Cylinder Engine Gasoline Fuel,6-Speed M/T,White,Black,None reported,Yes,47999,10.778956289890028,6.452048954437226
Hyundai,Sonata Hybrid Limited,2015,66000,Hybrid,199.0HP 2.4L 4 Cylinder Engine Gas/Electric Hybrid,A/T,White,Gray,At least 1 accident or damage reported,Yes,15900,9.674137279312397,11.097425172408931
Audi,RS 7 4.0T Prestige,2014,59715,Gasoline,560.0HP 4.0L 8 Cylinder Engine Gasoline Fuel,A/T,Gray,Black,At least 1 accident or damage reported,Yes,45000,10.714439990727769,10.99735527017348
BMW,740 Li,2012,85252,Gasoline,326.0HP 3.0L Straight 6 Cylinder Engine Gasoline Fuel,6-Speed A/T,Black,Black,None reported,Yes,18500,9.825580063659602,11.353378585142424
Mercedes-Benz,GLS 450 Base 4MATIC,2020,17900,Hybrid,362.0HP 3.0L Straight 6 Cylinder Engine Gasoline/Mild Electric Hybrid,9-Speed A/T,Black,Black,At least 1 accident or damage reported,Yes,80000,11.289794413577894,9.792611856190192
BMW,M6 Base,2016,25500,Gasoline,560.0HP 4.4L 8 Cylinder Engine Gasoline Fuel,7-Speed A/T,White,Black,None reported,Yes,55000,10.915106645867503,10.146472946063877
Subaru,Forester 2.5 X,2004,210703,Gasoline,165.0HP 2.5L 4 Cylinder Engine Gasoline Fuel,M/T,Green,Beige,None reported,Yes,2300,7.741099090035366,12.258209583950002
Hyundai,Elantra N Base,2023,3800,Gasoline,276.0HP 2.0L 4 Cylinder Engine Gasoline Fuel,6-Speed M/T,White,Black,None reported,Yes,34000,10.434145214930487,8.24301946898925
Kia,Niro Plug-In Hybrid EX Premium,2022,36602,Hybrid,1.6L I4 16V GDI DOHC Hybrid,6-Speed Automatic with Auto-Shift,Horizon Blue,Charcoal,None reported,Yes,31995,10.373366173968712,10.507885483243443
Rivian,R1S Adventure Package,2023,2800,Gasoline,835.0HP Electric Motor Electric Fuel System,1-Speed A/T,White,Green,None reported,Yes,92000,11.429554725537322,7.937731775260109
Aston Martin,DBS Superleggera,2021,2165,Gasoline,5.2L V12 48V GDI DOHC Twin Turbo,8-Speed Automatic,Black,Black,None reported,Yes,279950,12.5423698668371,7.680637427560936
Mercedes-Benz,SLC 300 Base,2018,33000,Gasoline,241.0HP 2.0L 4 Cylinder Engine Gasoline Fuel,9-Speed A/T,Red,Black,At least 1 accident or damage reported,Yes,29900,10.305647203635566,10.404293143019792
BMW,435 Gran Coupe i,2016,76009,Gasoline,300.0HP 3.0L Straight 6 Cylinder Engine Gasoline Fuel,8-Speed A/T,White,Beige,None reported,Yes,24950,10.124669180536797,11.238620189560086
Jeep,Grand Cherokee Summit,2020,31349,Gasoline,5.7L V8 16V MPFI OHV,8-Speed Automatic,Granite Crystal Clearcoat Metallic,Black,None reported,Yes,39366,10.580683180882003,10.352969546061066
Lexus,RC 350 Base,2015,48000,Gasoline,306.0HP 3.5L V6 Cylinder Engine Gasoline Fuel,Transmission w/Dual Shift Mode,Orange,Red,None reported,Yes,32900,10.401258331428318,10.778977123006351
BMW,525 i,2005,91420,Gasoline,215.0HP 2.5L Straight 6 Cylinder Engine Gasoline Fuel,6-Speed A/T,Black,Black,None reported,Yes,8900,9.093918908958932,11.423230490351397
Toyota,Corolla LE,2003,124756,Gasoline,130.0HP 1.8L 4 Cylinder Engine Gasoline Fuel,M/T,Beige,Beige,At least 1 accident or damage reported,Yes,4995,8.516392871245468,11.734123124263983
Cadillac,CT5-V Blackwing,2023,2415,Gasoline,6.2L V8 16V GDI OHV Supercharged,10-Speed Automatic,Rift Metallic,Gray,None reported,Yes,104900,11.560772327227417,7.789868559054706
GMC,Acadia SLT-1,2012,116226,Gasoline,288.0HP 3.6L V6 Cylinder Engine Gasoline Fuel,6-Speed A/T,Black,Black,None reported,Yes,7900,8.974744612722734,11.66330045441245
Lexus,LC 500 Base,2020,37869,Gasoline,5.0L V8 32V PDI DOHC,10-Speed Automatic,Atomic Silver,Rioja Red,None reported,Yes,75950,11.237843674494187,10.54191452089584
BMW,i8 Base,2019,41500,Plug-In Hybrid,369.0HP 1.5L 3 Cylinder Engine Plug-In Electric/Gas,Transmission w/Dual Shift Mode,White,Black,None reported,Yes,86000,11.362114203075018,10.633472802314019
Lexus,ES 300h Base,2013,87001,Hybrid,200.0HP 2.5L 4 Cylinder Engine Gas/Electric Hybrid,CVT Transmission,Gold,Beige,None reported,Yes,17995,9.797904789961063,11.373686385878237
Cadillac,CT5-V V-Series,2022,4451,Gasoline,3.0L V6 24V GDI DOHC Twin Turbo,Automatic,Summit White,Jet Black,At least 1 accident or damage reported,Yes,55655,10.926945167603478,8.401108712395436
BMW,540 i xDrive,2020,27158,Gasoline,2.0 Liter Turbo,Automatic,Imperial Blue Metallic,Canberra Beige/Black,None reported,Yes,39998,10.596609732783568,10.20946376214355
Chevrolet,Express 1500 Work Van,2014,139804,Gasoline,195.0HP 4.3L V6 Cylinder Engine Gasoline Fuel,A/T,White,Gray,At least 1 accident or damage reported,Yes,14500,9.581972891547895,11.848003873521394
Jeep,Gladiator Rubicon,2022,27300,Gasoline,285.0HP 3.6L V6 Cylinder Engine Gasoline Fuel,A/T,Green,Black,None reported,Yes,47500,10.768506042432708,10.214678610538817
BMW,Z4 sDrive28i,2014,36812,Gasoline,240.0HP 2.0L 4 Cylinder Engine Gasoline Fuel,Transmission w/Dual Shift Mode,White,Beige,None reported,Yes,27000,10.203629181337648,10.513606322644657
Land Rover,LR4 HSE LUX Landmark Edition,2016,144000,Gasoline,340.0HP 3.0L V6 Cylinder Engine Gasoline Fuel,8-Speed A/T,Black,Black,At least 1 accident or damage reported,Yes,18000,9.798182590890704,11.87757552297847
Cadillac,XT4 Sport,2019,44500,Gasoline,237.0HP 2.0L 4 Cylinder Engine Gasoline Fuel,9-Speed A/T,Blue,White,None reported,Yes,28900,10.27163147557801,10.703266939811954
BMW,750 750i xDrive,2021,10917,Gasoline,4.4 Liter Twin Turbo,Automatic,Black,Black,None reported,Yes,73998,11.211806858581484,9.298168082341704
Bentley,Arnage R,2005,8332,Gasoline,400.0HP 6.75L 8 Cylinder Engine Gasoline Fuel,4-Speed A/T,White,Beige,None reported,Yes,47350,10.765343217715396,9.027978814382207
Lincoln,Aviator Reserve AWD,2020,51247,Gasoline,3.0 Liter GTDI,Automatic,Magnetic Gray Clearcoat,Roast,None reported,Yes,47698,10.77266571229609,10.84443187184894
Mercedes-Benz,AMG GL AMG GL 63 4MATIC,2016,69000,Gasoline,550.0HP 5.5L 8 Cylinder Engine Gasoline Fuel,Transmission w/Dual Shift Mode,Black,Brown,None reported,Yes,36500,10.505094936455558,11.141876276228
RAM,ProMaster 3500 High Roof,2021,147834,Gasoline,3.6L V6 24V MPFI DOHC,6-Speed Automatic,Bright White Clearcoat,Black,None reported,Yes,32662,10.39399821778671,11.90385206595727
Ford,Utility Police Interceptor Base,2013,105000,E85 Flex Fuel,300.0HP 3.7L V6 Cylinder Engine Flex Fuel Capability,A/T,White,Black,At least 1 accident or damage reported,Yes,6600,8.79497643168877,11.561725152903833
Audi,A5 2.0T Premium,2011,92203,Gasoline,211.0HP 2.0L 4 Cylinder Engine Gasoline Fuel,Transmission w/Dual Shift Mode,Red,Beige,None reported,Yes,9995,9.209940291954844,11.431758792551568
Nissan,GT-R Premium,2010,15600,Gasoline,485.0HP 3.8L V6 Cylinder Engine Gasoline Fuel,Transmission w/Dual Shift Mode,White,Black,None reported,Yes,69500,11.149096419938578,9.65509029374725
Land Rover,Range Rover Sport 3.0L Supercharged HSE,2018,104700,Gasoline,V6,Automatic,Fuji White,Ivory / Ebony,At least 1 accident or damage reported,Unknown,30775,10.33449044443213,11.558863947911393
Toyota,Corolla LE,2010,72348,Gasoline,132.0HP 1.8L 4 Cylinder Engine Gasoline Fuel,A/T,Red,Gray,At least 1 accident or damage reported,Yes,9995,9.209940291954844,11.18925691026404
Rivian,R1S Adventure Package,2023,2500,Gasoline,835.0HP Electric Motor Electric Fuel System,A/T,Green,White,None reported,Yes,94000,11.451060699493427,7.824445930877619
Mercedes-Benz,C-Class C300 4MATIC,2022,13177,Gasoline,2.0 Liter Turbo,Automatic,White,Silk Beige/Black,None reported,Yes,44798,10.709941096725379,9.486304051473764
Porsche,Cayenne E-Hybrid S,2016,96000,Plug-In Hybrid,416.0HP 3.0L V6 Cylinder Engine Plug-In Electric/Gas,Transmission w/Dual Shift Mode,White,Red,At least 1 accident or damage reported,Yes,23000,10.043292972227004,11.472113887062386
Chevrolet,Express 1500 Work Van,2011,93009,E85 Flex Fuel,5.3L V8 16V MPFI OHV Flexible Fuel,4-Speed Automatic,Summit White,Medium Pewter,None reported,Yes,22495,10.021092794610391,11.440462293236513
INFINITI,Q70h Base,2016,52750,Hybrid,360.0HP 3.5L V6 Cylinder Engine Gas/Electric Hybrid,7-Speed A/T,White,Black,At least 1 accident or damage reported,Yes,28998,10.275016625615446,10.873338008504597
Audi,A7 Premium Plus,2020,25361,Hybrid,3.0 Liter Turbo,Automatic,Typhoon Gray,Black,None reported,Yes,49998,10.81975828421028,10.141007269794844
Audi,Q7 3.0T Premium Plus,2015,98527,Gasoline,280.0HP 3.0L V6 Cylinder Engine Gasoline Fuel,8-Speed A/T,Black,Black,None reported,Yes,9995,9.209940291954844,11.498096050724227
Lucid,Air Pure,2023,1300,Gasoline,620.0HP Electric Motor Electric Fuel System,A/T,Black,Gray,None reported,Yes,86900,11.372524818667134,7.170888478512505
Chrysler,Pacifica Touring,2017,87305,Gasoline,–,9-Speed A/T,Silver,Black,None reported,Yes,9000,9.105090961257085,11.377174467988334
Audi,TTS 2.0T Premium Plus,2012,72922,Gasoline,265.0HP 2.0L 4 Cylinder Engine Gasoline Fuel,6-Speed A/T,White,Black,None reported,Yes,25999,10.165851817003619,11.197159368922746
BMW,650 Gran Coupe i xDrive,2015,41000,Gasoline,445.0HP 4.4L 8 Cylinder Engine Gasoline Fuel,8-Speed A/T,Black,Black,None reported,Yes,30000,10.308985993422082,10.62135173563291
Subaru,Forester Premium,2021,42125,Gasoline,2.5L H4 16V GDI DOHC,Automatic CVT,Crystal Black Silica,Black,None reported,Yes,27899,10.236381967809457,10.648420406245304
Mercedes-Benz,AMG C AMG C 63,2016,62000,Gasoline,469.0HP 4.0L 8 Cylinder Engine Gasoline Fuel,Transmission w/Dual Shift Mode,Black,Black,None reported,Yes,40000,10.596659732783579,11.034905792929415
Land Rover,LR3 HSE,2006,153843,Gasoline,300.0HP 4.4L 8 Cylinder Engine Gasoline Fuel,6-Speed A/T,Red,Beige,At least 1 accident or damage reported,Yes,9950,9.205428327615163,11.943694380964681
BMW,X7 xDrive40i,2019,35248,Gasoline,3.0 Liter Twin Turbo,Automatic,Arctic Gray Metallic,Black,None reported,Yes,53998,10.896720806856424,10.470192439043686
Ford,Transit Connect XLT,2015,194454,Gasoline,169.0HP 2.5L 4 Cylinder Engine Gasoline Fuel,6-Speed A/T,White,Black,None reported,Yes,9888,9.19917830726999,12.177956052804348
Lexus,LX 570 Three-Row,2021,21000,Gasoline,383.0HP 5.7L 8 Cylinder Engine Gasoline Fuel,Transmission w/Dual Shift Mode,White,Black,None reported,Yes,89999,11.407564949312402,9.952325334619427
Porsche,911 Carrera S,2013,18494,Gasoline,400.0HP 3.8L Flat 6 Cylinder Engine Gasoline Fuel,7-Speed M/T,Black,Black,None reported,Yes,86900,11.372524818667134,9.825255704266555
Dodge,Ram 2500 Laramie Quad Cab,2006,218000,Gasoline,330.0HP 5.7L 8 Cylinder Engine Gasoline Fuel,4-Speed A/T,Red,Gray,None reported,Yes,12990,9.472012088995733,12.292254928916668
Nissan,Armada SL,2021,67800,Gasoline,400.0HP 5.6L 8 Cylinder Engine Gasoline Fuel,7-Speed A/T,Silver,Black,At least 1 accident or damage reported,Yes,36500,10.505094936455558,11.124332223082254
Porsche,Cayman Base,2014,79000,Gasoline,275.0HP 2.7L Flat 6 Cylinder Engine Gasoline Fuel,Transmission w/Dual Shift Mode,Red,Black,At least 1 accident or damage reported,Yes,42999,10.668955394675699,11.277215789596893
Mercedes-Benz,GLE 450 GLE 450,2022,24906,Hybrid,3.0 Liter Turbo,Automatic,Selenite Grey Metallic,Black,None reported,Yes,63998,11.066622737219737,10.122904167442703
Chevrolet,Monte Carlo SS,2006,66840,Gasoline,303.0HP 5.3L 8 Cylinder Engine Gasoline Fuel,A/T,White,Gray,At least 1 accident or damage reported,Yes,12000,9.392745258631441,11.110071943698552
BMW,M5 Base,2013,86000,Gasoline,560.0HP 4.4L 8 Cylinder Engine Gasoline Fuel,Transmission w/Dual Shift Mode,Blue,White,None reported,Yes,32000,10.373522431293592,11.362114203075018
Hyundai,Kona N Base,2023,654,Gasoline,2.0L I4 16V GDI DOHC Turbo,8-Speed Automatic with Auto-Shift,Ultra Black,Black,None reported,Yes,34599,10.451608961045816,6.484635235635252
Chevrolet,Monte Carlo SS,2005,75000,Gasoline,240.0HP 3.8L V6 Cylinder Engine Gasoline Fuel,A/T,Black,Black,None reported,Yes,12500,9.433563920090563,11.225256725762893
Land Rover,Range Rover Evoque Pure,2015,84000,Gasoline,240.0HP 2.0L 4 Cylinder Engine Gasoline Fuel,9-Speed A/T,Beige,Black,At least 1 accident or damage reported,Yes,22800,10.034559673629849,11.338583982516495
Audi,S7 4.0T Premium Plus,2017,52500,Gasoline,450.0HP 4.0L 8 Cylinder Engine Gasoline Fuel,Transmission w/Dual Shift Mode,Gray,Gray,None reported,Yes,39999,10.596634733096073,10.868587496017359
GMC,Acadia SLT-1,2011,120000,Gasoline,288.0HP 3.6L V6 Cylinder Engine Gasoline Fuel,6-Speed A/T,Silver,Gray,None reported,Yes,7500,8.922791623969637,11.695255355062795
Alfa Romeo,Stelvio Ti Sport,2020,18665,Gasoline,2.0L I4 16V GDI SOHC Turbo,8-Speed Automatic,Lunare White Metallic,Ice,None reported,Yes,35645,10.481392217583796,9.834458966125691
Ferrari,FF Base,2016,19987,Gasoline,651.0HP 6.3L 12 Cylinder Engine Gasoline Fuel,7-Speed A/T,Black,Brown,None reported,Yes,149900,11.917730355182513,9.902887372464095
Kia,K900 5.0L,2017,36486,Gasoline,420.0HP 5.0L 8 Cylinder Engine Gasoline Fuel,8-Speed A/T,Black,Beige,At least 1 accident or damage reported,Yes,23950,10.083765355620846,10.504711311745423
Ford,E150 XLT,2013,162100,E85 Flex Fuel,255.0HP 5.4L 8 Cylinder Engine Flex Fuel Capability,4-Speed A/T,Black,Gray,None reported,Yes,12500,9.433563920090563,11.9959748767362
Tesla,Model 3 Performance,2022,13079,Gasoline,455.0HP Electric Motor Electric Fuel System,A/T,Black,White,None reported,Yes,47000,10.757924157061597,9.47883962501119
Toyota,4Runner SR5,2022,28377,Gasoline,4.0L V6 24V MPFI DOHC,5-Speed Automatic,Silver,Gray,None reported,Yes,36999,10.51867319162636,10.253369476067258
Subaru,Forester Base,2020,32744,Gasoline,182.0HP 2.5L 4 Cylinder Engine Gasoline Fuel,CVT Transmission,Black,Gray,None reported,Yes,24000,10.085850775128717,10.396505557652153
Porsche,Panamera 2,2012,54000,Gasoline,300.0HP 3.6L V6 Cylinder Engine Gasoline Fuel,A/T,White,–,At least 1 accident or damage reported,Yes,26000,10.165890277802454,10.896757843893464
Toyota,Tacoma PreRunner,2008,202055,Gasoline,236.0HP 4.0L V6 Cylinder Engine Gasoline Fuel,A/T,Silver,Gray,At least 1 accident or damage reported,Yes,8500,9.04793908261736,12.21630016568561
RAM,2500 Laramie,2019,65000,Diesel,370.0HP 6.7L Straight 6 Cylinder Engine Diesel Fuel,6-Speed A/T,Black,Black,None reported,Yes,65000,11.082157933374816,11.082157933374816
Kia,Sportage Nightfall,2022,9686,Gasoline,2.4L I4 16V GDI DOHC,6-Speed Automatic,Hyper Red,Black,None reported,Yes,30990,10.341452118734878,9.178540059426386
Cadillac,DTS Base,2010,49620,Gasoline,275.0HP 4.6L 8 Cylinder Engine Gasoline Fuel,A/T,White,Gray,None reported,Yes,10499,9.259130536145614,10.812169410206767
Nissan,GT-R Premium,2020,16010,Gasoline,565.0HP 3.8L V6 Cylinder Engine Gasoline Fuel,A/T,White,Black,None reported,Yes,114000,11.643962499267984,9.681031265002055
Lexus,NX 350 F SPORT Handling,2023,820,Gasoline,2.4 Liter,8-SPEED AT,Black,Black,None reported,Yes,51998,10.85897976660942,6.710523109452428
Audi,Q7 45 Premium Plus,2021,68000,Gasoline,248.0HP 2.0L 4 Cylinder Engine Gasoline Fuel,8-Speed A/T,Blue,Black,None reported,Yes,36499,10.505067539570582,11.127277689932466
GMC,Terrain SLE,2022,27352,Gasoline,1.5L I4 16V GDI DOHC Turbo,9-Speed Automatic,Summit White,Jet Black,None reported,Yes,27785,10.232287575708806,10.216581491048599
Ford,Escape Limited,2012,129000,Gasoline,171.0HP 2.5L 4 Cylinder Engine Gasoline Fuel,A/T,White,Gray,At least 1 accident or damage reported,Yes,7000,8.853808274977197,11.767575435251748
Lexus,LS 460 L,2014,106731,Gasoline,360.0HP 4.6L 8 Cylinder Engine Gasoline Fuel,8-Speed A/T,White,Beige,At least 1 accident or damage reported,Yes,30000,10.308985993422082,11.578076298606234
Ford,Expedition Platinum,2019,34672,Gasoline,400.0HP 3.5L V6 Cylinder Engine Gasoline Fuel,10-Speed A/T,White,White,None reported,Yes,45500,10.725489582719506,10.453716565076885
Chevrolet,Malibu LTZ,2010,55900,Gasoline,252.0HP 3.6L V6 Cylinder Engine Gasoline Fuel,Transmission w/Dual Shift Mode,Beige,Beige,None reported,Yes,8950,9.099520536870939,10.93133754807084
Audi,RS 7 4.0T quattro,2023,3158,Gasoline,4.0L V8 32V GDI DOHC Twin Turbo,1-Speed Automatic,Daytona Gray Pearl Effect,Black / Express Red,None reported,Yes,128900,11.766799946849087,8.058010800802085
Audi,A5 2.0T Premium Plus,2015,82000,Gasoline,220.0HP 2.0L 4 Cylinder Engine Gasoline Fuel,8-Speed A/T,White,Brown,None reported,Yes,17000,9.741027444837728,11.314486721293981
Genesis,G70 2.0T,2023,4785,Gasoline,2.0L I4 16V GDI DOHC Turbo,Automatic,Vik Black,Obsidian Black,None reported,Yes,42850,10.665484260976488,8.47345026846832
Chevrolet,Trailblazer LS,2021,20497,Gasoline,1.3L I3 12V GDI DOHC Turbo,9-Speed Automatic,Pacific Blue Metallic,Black,None reported,Yes,22999,10.043249494911286,9.928082599391509
Scion,tC Base,2013,177600,Gasoline,180.0HP 2.5L 4 Cylinder Engine Gasoline Fuel,6-Speed A/T,Silver,Black,At least 1 accident or damage reported,Yes,7100,8.867990898182093,12.087294740154986
Lincoln,MKZ Hybrid Base,2014,78568,Hybrid,188.0HP 2.0L 4 Cylinder Engine Gas/Electric Hybrid,A/T,Blue,Beige,None reported,Yes,15500,9.648659816955295,11.271732498584736
Ford,Transit-350 XL,2018,95000,E85 Flex Fuel,275.0HP 3.7L V6 Cylinder Engine Flex Fuel Capability,A/T,White,Gray,None reported,Yes,43000,10.668978650219241,11.461642696843066
Porsche,911 GT2 RS,2018,4529,Gasoline,3.8L H6 24V GDI DOHC Twin Turbo,7-Speed Automatic with Auto-Shift,Black,Black,None reported,Yes,417500,12.94204221847976,8.41847721847708
Ford,Explorer Timberline,2021,25240,Gasoline,2.3L I4 16V GDI DOHC Turbo,10-Speed Automatic,Gray,Ebony,At least 1 accident or damage reported,Unknown,39951,10.595434012519554,10.136224935521659
Volvo,XC90 3.2,2011,88300,Gasoline,235.0HP 3.2L Straight 6 Cylinder Engine Gasoline Fuel,A/T,Blue,Beige,At least 1 accident or damage reported,Yes,11500,9.350189267092581,11.388506711556236
Chevrolet,Avalanche LTZ,2013,98000,E85 Flex Fuel,320.0HP 5.3L 8 Cylinder Engine Flex Fuel Capability,6-Speed A/T,Silver,Black,At least 1 accident or damage reported,Yes,27499,10.221941283654663,11.49273296168228
Audi,TT RS 2.5T,2018,20675,Gasoline,400.0HP 2.5L 5 Cylinder Engine Gasoline Fuel,Transmission w/Dual Shift Mode,Gray,Gray,None reported,Yes,76000,11.23850177707664,9.93672888631593
Lincoln,Navigator L,2008,95000,Gasoline,300.0HP 5.4L 8 Cylinder Engine Gasoline Fuel,A/T,Black,Black,None reported,Yes,10900,9.296609807128359,11.461642696843066
Hyundai,Elantra GLS,2010,107000,Gasoline,138.0HP 2.0L 4 Cylinder Engine Gasoline Fuel,4-Speed A/T,Blue,Blue,At least 1 accident or damage reported,Yes,6250,8.740496729931813,11.580593459194764
Audi,SQ5 3.0T Premium Plus,2016,60000,Gasoline,354.0HP 3.0L V6 Cylinder Engine Gasoline Fuel,Transmission w/Dual Shift Mode,Black,Black,At least 1 accident or damage reported,Yes,24700,10.114599007626499,11.002116507732017
Mitsubishi,Lancer Evolution GSR,2012,33000,Gasoline,291.0HP 2.0L 4 Cylinder Engine Gasoline Fuel,5-Speed M/T,Black,Black,None reported,Yes,34999,10.46310334047155,10.404293143019792
Tesla,Model Y Performance,2023,500,Gasoline,455.0HP Electric Motor Electric Fuel System,1-Speed A/T,Black,White,None reported,Yes,60000,11.002116507732017,6.2166061010848646
Mercedes-Benz,Maybach S S 600,2016,108500,Gasoline,523.0HP 6.0L 12 Cylinder Engine Gasoline Fuel,7-Speed A/T,White,Beige,None reported,Yes,63500,11.05881093278828,11.59451466851004
Nissan,GT-R Premium,2017,37800,Gasoline,565.0HP 3.8L V6 Cylinder Engine Gasoline Fuel,Transmission w/Dual Shift Mode,Orange,Orange,None reported,Yes,149500,11.915058360753719,10.540090836284206
Mercedes-Benz,GLS 550 Base 4MATIC,2018,74422,Gasoline,4.7 Liter Twin Turbo,Automatic,Obsidian Black Metallic,Gray,None reported,Yes,44798,10.709941096725379,11.217520312832272
Chevrolet,Blazer Premier,2019,55621,Gasoline,3.6L V6 24V GDI DOHC,9-Speed Automatic,Silver Ice Metallic,Jet Black,None reported,Yes,34562,10.450539024706163,10.926334085429858
Mazda,CX-9 Grand Touring,2021,46707,Gasoline,2.5L I4 16V GDI DOHC Turbo,6-Speed Automatic,Sonic Silver Metallic,Black,At least 1 accident or damage reported,Yes,32541,10.390286841699265,10.751670735195605
Ford,Expedition Max Limited,2022,26500,Gasoline,440.0HP 3.5L V6 Cylinder Engine Gasoline Fuel,A/T,White,Beige,None reported,Yes,65900,11.095908894882296,10.184937747111391
Nissan,Titan XD SV,2020,10001,Gasoline,5.6L V8 32V GDI DOHC,9-Speed Automatic,Black,Black,None reported,Yes,47214,10.76246691769717,9.21054035197885
Lexus,LX 570 Three-Row,2019,19050,Gasoline,383.0HP 5.7L 8 Cylinder Engine Gasoline Fuel,8-Speed A/T,Black,Beige,None reported,Yes,76900,11.250274159310356,9.854874872615435
Chevrolet,Traverse Premier,2020,52000,Gasoline,310.0HP 3.6L V6 Cylinder Engine Gasoline Fuel,A/T,White,Black,None reported,Yes,35800,10.485731104959568,10.859018228147887
Mercedes-Benz,Sprinter High Roof,2014,65000,Diesel,188.0HP 3.0L V6 Cylinder Engine Diesel Fuel,7-Speed A/T,Black,Black,At least 1 accident or damage reported,Yes,54999,10.915088464214607,11.082157933374816
BMW,X5 3.0i,2004,140000,Gasoline,225.0HP 3.0L Straight 6 Cylinder Engine Gasoline Fuel,Transmission w/Dual Shift Mode,Black,Beige,None reported,Yes,6730,8.814479000010714,11.849404844423074
Ford,Fusion SE,2018,75600,Gasoline,181.0HP 1.5L 4 Cylinder Engine Gasoline Fuel,A/T,Blue,Black,At least 1 accident or damage reported,Yes,14950,9.612533466213927,11.233224789593368
Lincoln,MKZ Base,2015,117292,Gasoline,240.0HP 2.0L 4 Cylinder Engine Gasoline Fuel,A/T,Beige,Beige,None reported,Yes,12000,9.392745258631441,11.67243035681655
Ford,GT,2005,1897,Gasoline,5.4 Liter SC DOHC,Manual,White,–,None reported,Yes,429998,12.971538162085645,7.5485559791698735
Genesis,G90 5.0 Ultimate,2017,26000,Gasoline,420.0HP 5.0L 8 Cylinder Engine Gasoline Fuel,Transmission w/Dual Shift Mode,White,Beige,None reported,Yes,33600,10.422311107413181,10.165890277802454
Lexus,LC 500 Base,2022,2071,Gasoline,5.0L V8 32V PDI DOHC,Automatic,Nightfall Mica,Caramel,None reported,Yes,99950,11.512435344880998,7.6362696033793735
Ford,Shelby GT500 Base,2014,15629,Gasoline,5.8L V8 32V MPFI DOHC Supercharged,6-Speed Manual,Black,Black,None reported,Yes,61900,11.033291613631048,9.656947423415522
Saturn,Sky Base,2008,15020,Gasoline,173.0HP 2.4L 4 Cylinder Engine Gasoline Fuel,A/T,Silver,Red,None reported,Yes,18500,9.825580063659602,9.617204500998055
Audi,RS Q8 4.0T quattro,2022,11322,Gasoline,4.0L V8 32V GDI DOHC Twin Turbo,8-Speed Automatic,Daytona Gray Pearl Effect,Black / Express Red,None reported,Yes,119900,11.694421681264394,9.33459133431404
Toyota,Land Cruiser,2016,50361,Gasoline,5.7 Liter,Automatic,Silver,Black,None reported,Yes,65998,11.097394869378626,10.826992201428478
Mercedes-Benz,SL-Class SL 550,2013,115000,Gasoline,429.0HP 4.6L 8 Cylinder Engine Gasoline Fuel,Transmission w/Dual Shift Mode,Black,Black,At least 1 accident or damage reported,Yes,36000,10.491301994830229,11.652696102959753
Porsche,911 Carrera C2S,2005,28500,Gasoline,355.0HP 3.8L Flat 6 Cylinder Engine Gasoline Fuel,6-Speed M/T,Silver,Black,None reported,Yes,63500,11.05881093278828,10.25769445336048
Mercedes-Benz,AMG GLA 45 Base 4MATIC,2018,51700,Gasoline,375.0HP 2.0L 4 Cylinder Engine Gasoline Fuel,Transmission w/Dual Shift Mode,White,Black,None reported,Yes,32000,10.373522431293592,10.853232402669228
Ford,Taurus X Limited,2008,148949,Gasoline,263.0HP 3.5L V6 Cylinder Engine Gasoline Fuel,A/T,Blue,Beige,None reported,Yes,3900,8.268988209506656,11.911365958141428
BMW,440 Gran Coupe i,2018,39300,Gasoline,320.0HP 3.0L Straight 6 Cylinder Engine Gasoline Fuel,8-Speed A/T,White,Beige,At least 1 accident or damage reported,Yes,31750,10.36567949988784,10.579005242826247
Honda,S2000 CR,2008,82323,Gasoline,237.0HP 2.2L 4 Cylinder Engine Gasoline Fuel,6-Speed M/T,Black,Black,None reported,Yes,28500,10.25769445336048,11.31841796019235
Acura,Integra w/A-Spec Tech Package,2023,3574,Gasoline,1.5 Liter Turbo,Variable,Apex Blue,Orchid,None reported,Yes,34998,10.463074768634808,8.181720455128108
Ford,Excursion Limited,2001,109357,Gasoline,310.0HP 6.8L 10 Cylinder Engine Gasoline Fuel,A/T,Green,Beige,None reported,Yes,12749,9.453286550586572,11.602382183008215
Mercedes-Benz,SL-Class SL500 Roadster,2004,46000,Gasoline,302.0HP 5.0L 8 Cylinder Engine Gasoline Fuel,A/T,White,Gray,None reported,Yes,18853,9.844480371956095,10.736418414365376
Mercedes-Benz,CLS-Class CLS 550,2007,123112,Gasoline,382.0HP 5.5L 8 Cylinder Engine Gasoline Fuel,A/T,Silver,Black,At least 1 accident or damage reported,Yes,104999,11.56171562913966,11.720857911795733
INFINITI,G35 Sport,2007,37100,Gasoline,306.0HP 3.5L V6 Cylinder Engine Gasoline Fuel,6-Speed M/T,Gray,Black,None reported,Yes,16900,9.735128070758227,10.521399202410167
Volkswagen,Golf GTI 2.0T S 4-Door,2016,89000,Gasoline,210.0HP 2.0L 4 Cylinder Engine Gasoline Fuel,6-Speed M/T,Silver,Black,None reported,Yes,14500,9.581972891547895,11.39640288460621
Dodge,Challenger R/T Scat Pack,2022,1240,Gasoline,6.4L V8 16V MPFI OHV,8-Speed Automatic,Go Mango!,Black,None reported,Yes,53900,10.894904309600681,7.123672785204607
Lincoln,Navigator L Reserve,2019,67073,Gasoline,450.0HP 3.5L V6 Cylinder Engine Gasoline Fuel,10-Speed A/T,Black,Black,At least 1 accident or damage reported,Yes,47999,10.778956289890028,11.11355176649838
Maserati,Ghibli S Q4,2015,28700,Gasoline,404.0HP 3.0L V6 Cylinder Engine Gasoline Fuel,8-Speed A/T,White,Red,None reported,Yes,24900,10.122663242288953,10.264687244346277
Tesla,Model X Base,2023,8200,Gasoline,670.0HP Electric Motor Electric Fuel System,A/T,Black,Black,None reported,Yes,93999,11.451050061252142,9.012011377036412
Mercedes-Benz,AMG G 63 Base,2018,41000,Gasoline,563.0HP 5.5L 8 Cylinder Engine Gasoline Fuel,Transmission w/Dual Shift Mode,Gray,Black,None reported,Yes,108900,11.598194491615347,10.62135173563291
Ford,Expedition Limited,2018,98995,Gasoline,3.5 Liter GTDI,Automatic,Ingot Silver Metallic,Ebony,None reported,Yes,34998,10.463074768634808,11.502834724260058
Volkswagen,Routan SE,2012,123815,Gasoline,283.0HP 3.6L V6 Cylinder Engine Gasoline Fuel,6-Speed A/T,Black,Gray,None reported,Yes,5000,8.517393171418904,11.726551871592596
Bugatti,Veyron 16.4 Grand Sport,2011,6330,Gasoline,8.0L W16 64V GDI DOHC Twin Turbo,7-Speed Automatic with Auto-Shift,White,White,None reported,Yes,1950995,14.483850569372496,8.753213480544126
Toyota,Highlander XLE,2020,61341,Gasoline,3.5L V6 24V PDI DOHC,8-Speed Automatic,Midnight Black Metallic,Black,At least 1 accident or damage reported,Unknown,34084,10.436612683796886,11.02422004228832
Honda,Civic LX,2016,96473,Gasoline,2.0L I4 16V MPFI DOHC,Automatic CVT,Black,Black,None reported,Yes,15599,9.655026193237628,11.477028820972466
Jeep,Wrangler Unlimited Sahara,2017,66107,Gasoline,3.6L V6 24V MPFI DOHC,5-Speed Automatic,Black Clearcoat,Black,None reported,Yes,31331,10.352395218487128,11.099045047260717
Land Rover,Range Rover Supercharged,2008,114287,Gasoline,400.0HP 4.2L 8 Cylinder Engine Gasoline Fuel,6-Speed A/T,Black,Black,None reported,Yes,9900,9.200391041122515,11.646476857394754
Acura,ILX 2.0L w/Premium Package,2015,75000,Gasoline,150.0HP 2.0L 4 Cylinder Engine Gasoline Fuel,5-Speed A/T,Gold,Beige,None reported,Yes,14500,9.581972891547895,11.225256725762893
BMW,M6 Base,2016,45800,Gasoline,560.0HP 4.4L 8 Cylinder Engine Gasoline Fuel,7-Speed A/T,Gold,Black,None reported,Yes,36800,10.513280297700861,10.732061203925053
Polestar,2 Launch Edition,2021,12172,Gasoline,Electric,1-Speed Automatic,Thunder Gray,Charcoal,None reported,Yes,35999,10.491274217438248,9.406975663409597
BMW,X6 sDrive35i,2016,70582,Gasoline,300.0HP 3.0L Straight 6 Cylinder Engine Gasoline Fuel,8-Speed A/T,Black,White,At least 1 accident or damage reported,Yes,35000,10.463131911491967,11.164544601284863
Porsche,Cayman S,2014,33088,Gasoline,325.0HP 3.4L Flat 6 Cylinder Engine Gasoline Fuel,7-Speed A/T,Black,Black,None reported,Yes,49750,10.81478584288724,10.40695617984855
Lincoln,Corsair Grand Touring,2021,1850,Plug-In Hybrid,266.0HP 2.5L 4 Cylinder Engine Plug-In Electric/Gas,CVT Transmission,Silver,Beige,None reported,Yes,49000,10.799595985047786,7.523481312573497
Cadillac,DTS Luxury II,2008,94155,Gasoline,275.0HP 4.6L 8 Cylinder Engine Gasoline Fuel,4-Speed A/T,White,Beige,None reported,Yes,10500,9.259225769705994,11.452708260148217
Cadillac,ATS 3.6L Luxury,2016,25000,Gasoline,335.0HP 3.6L V6 Cylinder Engine Gasoline Fuel,8-Speed A/T,Red,Beige,None reported,Yes,17999,9.798127036878302,10.12667110305036
GMC,Sierra 1500 SLT,2016,99500,Gasoline,355.0HP 5.3L 8 Cylinder Engine Gasoline Fuel,8-Speed A/T,Gray,Black,None reported,Yes,27995,10.23981692180943,11.507922973347437
INFINITI,G37 x,2009,158564,Gasoline,328.0HP 3.7L V6 Cylinder Engine Gasoline Fuel,A/T,Blue,Beige,None reported,Yes,8750,9.076923258535832,11.973919882870874
Ford,Transit-350 XLT,2023,20000,Gasoline,310.0HP 3.5L V6 Cylinder Engine Gasoline Fuel,10-Speed A/T,Black,Black,None reported,Yes,78499,11.2708539037705,9.90353755128617
Cadillac,XTS Luxury,2018,46711,Gasoline,304.0HP 3.6L V6 Cylinder Engine Gasoline Fuel,6-Speed A/T,Silver,Black,At least 1 accident or damage reported,Yes,20850,9.94515718770752,10.751756369963374
Nissan,NV Passenger NV3500 HD SL V8,2017,46496,Gasoline,375.0HP 5.6L 8 Cylinder Engine Gasoline Fuel,A/T,Black,Gray,None reported,Yes,41000,10.62135173563291,10.74714307336516
Mercedes-Benz,GLS 450 Base 4MATIC,2019,19800,Gasoline,362.0HP 3.0L V6 Cylinder Engine Gasoline Fuel,9-Speed A/T,Silver,Black,None reported,Yes,53800,10.893047333337728,9.893487720457795
Toyota,Land Cruiser Base,2008,175000,Gasoline,381.0HP 5.7L 8 Cylinder Engine Gasoline Fuel,6-Speed A/T,Black,Beige,At least 1 accident or damage reported,Yes,37900,10.542732775946709,12.07254696717504
Toyota,Land Cruiser Base,2016,61500,Gasoline,381.0HP 5.7L 8 Cylinder Engine Gasoline Fuel,8-Speed A/T,White,Black,None reported,Yes,63500,11.05881093278828,11.026808713825016
RAM,ProMaster 2500 Window Van High Roof,2016,49750,Gasoline,280.0HP 3.6L V6 Cylinder Engine Gasoline Fuel,6-Speed A/T,Black,Gray,None reported,Yes,65000,11.082157933374816,10.81478584288724
Lamborghini,Gallardo Base,2007,38800,Gasoline,493.0HP 5.0L 10 Cylinder Engine Gasoline Fuel,Transmission w/Dual Shift Mode,Orange,Orange,None reported,Yes,100000,11.51293546492023,10.566201298475118
Lincoln,MKZ Base,2011,83765,Gasoline,263.0HP 3.5L V6 Cylinder Engine Gasoline Fuel,A/T,Black,Black,None reported,Yes,8995,9.104535313079205,11.335782476216703
Mercedes-Benz,EQS 450 4MATIC,2023,7388,Gasoline,355.0HP Electric Motor Electric Fuel System,1-Speed A/T,Gray,Beige,None reported,Yes,105500,11.566475710526321,8.907747686788648
Lamborghini,Huracan Tecnica Coupe,2023,278,Gasoline,"5.2L V-10 gasoline direct injection, DOHC, variable valve contro",Automatic,Bianco Monocerus,Nero Ade,None reported,Yes,359991,12.793837087963153,5.631211781821365
Alfa Romeo,Giulia Quadrifoglio,2022,1966,Gasoline,2.9L V6 24V GDI DOHC Twin Turbo,8-Speed Automatic,Verde,Black,None reported,Yes,75900,11.237185138527495,7.584264818389059
Chevrolet,Trailblazer LT,2021,50648,Gasoline,1.2L I3 12V GDI DOHC Turbo,Automatic CVT,Pacific Blue Metallic,Jet Black,None reported,Yes,23995,10.085642428772983,10.832674766145303
Lamborghini,Urus Base,2021,13692,Gasoline,641.0HP 4.0L 8 Cylinder Engine Gasoline Fuel,8-Speed A/T,Black,Red,None reported,Yes,257000,12.456835254920371,9.524640032332234
INFINITI,G37 x,2013,60058,Gasoline,328.0HP 3.7L V6 Cylinder Engine Gasoline Fuel,A/T,White,Beige,At least 1 accident or damage reported,Yes,15000,9.61587214452889,11.003082691382058
Maserati,Levante S,2017,54423,Gasoline,424.0HP 3.0L V6 Cylinder Engine Gasoline Fuel,8-Speed A/T,Black,Black,None reported,Yes,33950,10.432673587634051,10.904560512024897
Toyota,Highlander Limited,2022,24001,Gasoline,3.5L V6 24V PDI DOHC,8-Speed Automatic,Wind Chill Pearl,Graphite,None reported,Yes,47498,10.768463937169544,10.085892439191387
Nissan,Armada SL,2022,14735,Gasoline,5.6 Liter,Automatic,White,Black,None reported,Yes,50998,10.83956130367109,9.598048758495088
Audi,Q5 Premium,2023,2425,Hybrid,2.0 Liter TFSI,Automatic,Mythos Black,–,None reported,Yes,42998,10.668932138591325,7.793999089503996
Ford,Shelby GT500 Base,2022,2050,Gasoline,760.0HP 5.2L 8 Cylinder Engine Gasoline Fuel,Transmission w/Dual Shift Mode,Gray,Black,None reported,Yes,94999,11.461632170582678,7.62608275807238
Lincoln,Navigator L Reserve,2019,64855,Gasoline,450.0HP 3.5L V6 Cylinder Engine Gasoline Fuel,10-Speed A/T,Silver,Beige,None reported,Yes,46995,10.757817770687463,11.079924706667542
Mercedes-Benz,EQS 450+ Base,2022,16238,Gasoline,329.0HP Electric Motor Electric Fuel System,1-Speed A/T,White,Beige,None reported,Yes,62479,11.042601784513568,9.695171035465087
RAM,1500 Laramie,2022,18051,Gasoline,5.7L V8 16V MPFI OHV,Automatic,Patriot Blue Pearlcoat,Black,None reported,Yes,47995,10.77887295308428,9.801011760946892
Lincoln,Town Car Base,2004,36524,Gasoline,239.0HP 4.6L 8 Cylinder Engine Gasoline Fuel,4-Speed A/T,Black,Black,None reported,Yes,14900,9.60918360377546,10.5057522366189
Acura,TLX w/A-Spec Package,2022,14896,Gasoline,2.0 Liter DOHC Turbo,2,Lunar Silver Metallic,Ebony,None reported,Yes,39998,10.596609732783568,9.608915129379593
Toyota,Camry Hybrid LE,2022,14048,Hybrid,2.5L I4 16V PDI DOHC Hybrid,Automatic CVT,Black,Black,None reported,Yes,29999,10.308952660644293,9.550306497851652
Honda,CR-V EX,2003,224000,Gasoline,160.0HP 2.4L 4 Cylinder Engine Gasoline Fuel,M/T,Black,Gray,None reported,Yes,3900,8.268988209506656,12.319405795112926
Mercedes-Benz,E-Class E 550,2014,80581,Gasoline,402.0HP 4.7L 8 Cylinder Engine Gasoline Fuel,Transmission w/Dual Shift Mode,Gray,Beige,None reported,Yes,26000,10.165890277802454,11.29703057849193
Mazda,MX-5 Miata Grand Touring,2007,81400,Gasoline,166.0HP 2.0L 4 Cylinder Engine Gasoline Fuel,6-Speed M/T,Red,–,At least 1 accident or damage reported,Yes,11000,9.305741456739435,11.307142836927456
Porsche,718 Boxster Base,2019,6700,Gasoline,300.0HP 2.0L 4 Cylinder Engine Gasoline Fuel,7-Speed A/T,Gray,Black,None reported,Yes,63000,11.050905878263567,8.81001204797317
Ford,Transit-350 XLT,2015,143000,Gasoline,275.0HP 3.7L V6 Cylinder Engine Gasoline Fuel,6-Speed A/T,Silver,Gray,None reported,Yes,22500,10.021315031649332,11.870606902224587
Kia,Sportage SX Turbo,2017,87842,Gasoline,2.0L I4 16V GDI DOHC Turbo,6-Speed Automatic,Black Cherry,Black,None reported,Yes,18688,9.835690394470303,11.383306409165622
INFINITI,G37 S Sport,2010,116451,Gasoline,328.0HP 3.7L V6 Cylinder Engine Gasoline Fuel,6-Speed M/T,White,Gray,None reported,Yes,16500,9.711176264112805,11.665234449918115
Nissan,Titan XD S,2019,53677,Gasoline,390.0HP 5.6L 8 Cylinder Engine Gasoline Fuel,7-Speed A/T,Red,Gray,None reported,Yes,27900,10.236417809461043,10.89075851312733
Audi,S7 2.9T Prestige,2021,12000,Hybrid,444.0HP 2.9L V6 Cylinder Engine Gasoline/Mild Electric Hybrid,8-Speed A/T,Gray,Black,None reported,Yes,77500,11.258046118484,9.392745258631441
Land Rover,Discovery HSE,2019,20034,Gasoline,3.0 Liter,Automatic,Yulong White,Tan/Ebony,None reported,Yes,43998,10.691922185369403,9.905236023070245
Ford,Transit-350 XLT,2020,32000,Diesel,210.0HP 2.0L 4 Cylinder Engine Diesel Fuel,A/T,Black,Black,None reported,Yes,68000,11.127277689932466,10.373522431293592
INFINITI,Q70 3.7,2014,70312,Gasoline,330.0HP 3.7L V6 Cylinder Engine Gasoline Fuel,7-Speed A/T,Black,Black,None reported,Yes,19995,9.903287532533462,11.160711982466704
Jeep,Gladiator Rubicon,2022,8794,Gasoline,285.0HP 3.6L V6 Cylinder Engine Gasoline Fuel,A/T,White,Black,None reported,Yes,54000,10.896757843893464,9.081938657171658
Lincoln,MKX Base,2010,156000,Gasoline,265.0HP 3.5L V6 Cylinder Engine Gasoline Fuel,6-Speed A/T,Black,Black,At least 1 accident or damage reported,Yes,5900,8.682877107057168,11.957617696467539
Porsche,911 Carrera 4S,2020,25568,Gasoline,3.0L H6 24V GDI DOHC Twin Turbo,7-Speed Manual,Red,Black,None reported,Yes,134999,11.813030057420567,10.149135959190406
Mercedes-Benz,AMG C 43 Base 4MATIC,2018,67100,Gasoline,362.0HP 3.0L V6 Cylinder Engine Gasoline Fuel,Transmission w/Dual Shift Mode,Gray,Black,At least 1 accident or damage reported,Yes,34250,10.441471040344437,11.11395422597838
Porsche,Cayman Base,2014,52000,Gasoline,275.0HP 2.7L Flat 6 Cylinder Engine Gasoline Fuel,Transmission w/Dual Shift Mode,Blue,Beige,At least 1 accident or damage reported,Yes,37000,10.518700218288165,10.859018228147887
Acura,MDX 3.7L Advance,2011,137200,Gasoline,300.0HP 3.7L V6 Cylinder Engine Gasoline Fuel,Transmission w/Dual Shift Mode,White,Gray,None reported,Yes,12000,9.392745258631441,11.829202282877098
Volkswagen,Golf R 4-Door w/DCC & Navigation,2018,36000,Gasoline,292.0HP 2.0L 4 Cylinder Engine Gasoline Fuel,7-Speed A/T,White,Black,At least 1 accident or damage reported,Yes,32000,10.373522431293592,10.491301994830229
Kia,Forte GT-Line,2023,15500,Gasoline,147.0HP 2.0L 4 Cylinder Engine Gasoline Fuel,CVT Transmission,White,Black,At least 1 accident or damage reported,Yes,24500,10.106469212026385,9.648659816955295
BMW,M8 Competition,2020,10906,Gasoline,4.4 Liter Twin Turbo,Automatic,Donington Grey Metallic,Black,None reported,Yes,96998,11.482455948154028,9.297160063928743
Lincoln,MKC Select,2019,49814,Gasoline,2.0L I4 16V GDI DOHC Turbo,6-Speed Automatic,Ruby Red Metallic Tinted Clearcoat,Cappuccino,None reported,Yes,26545,10.186634356186147,10.816071422478956
BMW,i8 Base,2015,846,Plug-In Hybrid,357.0HP 1.5L 3 Cylinder Engine Plug-In Electric/Gas,A/T,White,White,None reported,Yes,86999,11.37366339763672,6.741700694652055
Toyota,Highlander XLE,2021,67039,Gasoline,3.5L V6 24V PDI DOHC,8-Speed Automatic,Blue,Black,None reported,Yes,34645,10.452937557838887,11.113044735155965
Mazda,CX-30 Premium Package,2023,2636,Gasoline,2.5L I4 16V,6-Speed Automatic,Platinum Quartz Metallic,Black,None reported,Yes,28535,10.258921727038727,7.877397186353287
Porsche,Cayenne Platinum Edition,2018,50166,Gasoline,3.6L V6 24V GDI DOHC,8-Speed Automatic,White,Black,At least 1 accident or damage reported,Yes,43550,10.681687944129537,10.823112718999155
Lincoln,MKZ Reserve,2017,37375,Gasoline,400.0HP 3.0L V6 Cylinder Engine Gasoline Fuel,6-Speed A/T,Blue,Brown,None reported,Yes,27500,10.221977646629885,10.5287840661879
Tesla,Model 3 Standard Range Plus,2021,21600,Gasoline,271.0HP Electric Motor Electric Fuel System,A/T,White,Black,None reported,Yes,31000,10.34177474101152,9.980494888896912
Porsche,718 Cayman S,2019,9500,Gasoline,350.0HP 2.5L 4 Cylinder Engine Gasoline Fuel,7-Speed A/T,Red,Black,At least 1 accident or damage reported,Yes,69000,11.141876276228,9.15915233520675
Chevrolet,Corvette Base,2005,143095,Gasoline,400.0HP 6.0L 8 Cylinder Engine Gasoline Fuel,4-Speed A/T,Red,Black,None reported,Yes,16000,9.680406499268875,11.871271012673082
Acura,RSX Type S,2002,80000,Gasoline,200.0HP 2.0L 4 Cylinder Engine Gasoline Fuel,6-Speed M/T,Beige,Beige,At least 1 accident or damage reported,Yes,8500,9.04793908261736,11.289794413577894
Ferrari,Roma Base,2021,3000,Gasoline,611.0HP 3.9L 8 Cylinder Engine Gasoline Fuel,8-Speed A/T,Blue,Brown,None reported,Yes,275000,12.524530013005734,8.006700845440367
Porsche,Cayman S,2007,5856,Gasoline,295.0HP 3.4L Flat 6 Cylinder Engine Gasoline Fuel,6-Speed M/T,Black,Black,None reported,Yes,45000,10.714439990727769,8.675392806089782
Rolls-Royce,Phantom Drophead Coupe Drophead,2013,2958,Gasoline,6.8L V12 48V GDI DOHC,8-Speed Automatic,Yellow,–,None reported,Yes,488880,13.099874385058442,7.99260665240021
Audi,SQ7 4.0T,2022,28927,Gasoline,4.0L V8 32V GDI DOHC Twin Turbo,Automatic,Matador Red Metallic,Black,None reported,Yes,74900,11.223922520551032,10.272565263191902
Mercedes-Benz,AMG GLS 63 4MATIC,2022,4102,Hybrid,603.0HP 4.0L 8 Cylinder Engine Gasoline/Mild Electric Hybrid,9-Speed A/T,Black,Black,None reported,Yes,144664,11.882176003610741,8.319473692442186
Honda,Ridgeline RTL-E,2021,14442,Gasoline,280.0HP 3.5L V6 Cylinder Engine Gasoline Fuel,9-Speed A/T,White,Beige,None reported,Yes,38500,10.55843949396453,9.577965147101168
Mercedes-Benz,CLK-Class 500 Cabriolet,2005,64000,Gasoline,302.0HP 5.0L 8 Cylinder Engine Gasoline Fuel,7-Speed A/T,Silver,Black,None reported,Yes,12995,9.472396896788991,11.06665398721974
Lexus,GX 470 Base,2004,154000,Gasoline,235.0HP 4.7L 8 Cylinder Engine Gasoline Fuel,A/T,White,Beige,At least 1 accident or damage reported,Yes,10000,9.210440366976517,11.944714374881176
Lexus,NX 200t Base,2015,54000,Gasoline,235.0HP 2.0L 4 Cylinder Engine Gasoline Fuel,6-Speed A/T,White,Black,None reported,Yes,27000,10.203629181337648,10.896757843893464
Dodge,Dakota SLT Quad Cab,2007,232492,Gasoline,210.0HP 3.7L V6 Cylinder Engine Gasoline Fuel,4-Speed A/T,Silver,Gray,At least 1 accident or damage reported,Yes,6000,8.699681400989514,12.356615396029426
Maserati,Ghibli S Q4 GranSport,2020,25721,Gasoline,3.0L V6 24V GDI DOHC Twin Turbo,8-Speed Automatic,Blu,Nero,None reported,Yes,52645,10.87134554126669,10.155101935826032
Land Rover,Discovery Sport SE R-Dynamic,2020,20927,Gasoline,2.0 Liter,Automatic,Fuji White,–,None reported,Yes,35998,10.49124643927466,9.948843254256925
Aston Martin,DBX Base,2021,2353,Gasoline,4.0L V8 32V GDI DOHC Twin Turbo,9-Speed Automatic,Green,Sahara Tan,None reported,Yes,159500,11.979805470779858,7.763871287820222
Audi,Q3 45 S line Premium,2022,9325,Gasoline,2.0L I4 16V GDI DOHC Turbo,8-Speed Automatic,Mythos Black Metallic,Black,None reported,Yes,33610,10.422608673326225,9.140561477368266
Ford,Explorer XLT,2020,61001,Gasoline,2.3L I4 16V GDI DOHC Turbo,10-Speed Automatic,Gray,Ebony,At least 1 accident or damage reported,Yes,28616,10.261756225813318,11.018661929503216
Mercedes-Benz,AMG GLC 63 Base 4MATIC,2018,71962,Gasoline,469.0HP 4.0L 8 Cylinder Engine Gasoline Fuel,9-Speed A/T,White,Black,None reported,Yes,46900,10.75579427616868,11.183907377023155
Subaru,BRZ Premium,2023,5800,Gasoline,228.0HP 2.4L 4 Cylinder Engine Gasoline Fuel,6-Speed M/T,Black,Black,None reported,Yes,29990,10.30865261563529,8.665785595466064
BMW,640 i,2016,40080,Gasoline,315.0HP 3.0L Straight 6 Cylinder Engine Gasoline Fuel,8-Speed A/T,Black,Black,None reported,Yes,28499,10.257659366256743,10.598657685547298
Kia,Stinger GT2,2020,57000,Gasoline,365.0HP 3.3L V6 Cylinder Engine Gasoline Fuel,A/T,Black,Red,At least 1 accident or damage reported,Yes,36500,10.505094936455558,10.950824090522445
Chevrolet,Bolt EUV Premier,2022,7624,Gasoline,Electric,1-Speed Automatic,Mosaic Black Metallic,Jet Black,None reported,Yes,31985,10.373053586050816,8.939187601475613
Subaru,Forester 2.5 XT,2004,122000,Gasoline,210.0HP 2.5L 4 Cylinder Engine Gasoline Fuel,5-Speed M/T,Gold,Black,At least 1 accident or damage reported,Yes,9999,9.210340371976184,11.711784520403112
Kia,Sportage X-Pro,2023,459,Gasoline,2.5L I4 16V PDI DOHC,8-Speed Automatic,Jungle Green,Black,None reported,Yes,36998,10.518646164234097,6.131226489483141
BMW,M4 Base,2016,62500,Gasoline,425.0HP 3.0L Straight 6 Cylinder Engine Gasoline Fuel,7-Speed A/T,Black,Orange,At least 1 accident or damage reported,Yes,40500,10.609081944147828,11.042937835596494
Hyundai,Equus Signature,2013,72000,Gasoline,429.0HP 5.0L 8 Cylinder Engine Gasoline Fuel,8-Speed A/T,Silver,Black,None reported,Yes,17500,9.770013301136158,11.184435286790631
Mercedes-Benz,AMG E 53 4MATIC,2020,8375,Gasoline,"AMG 3L I-6 gasoline direct injection, DOHC, variable valve contr","Automatic, 9-Spd 9G-Tronic",BLACK,BLACK,None reported,Yes,69900,11.154835234271214,9.033125752550372
BMW,M550 i xDrive,2020,40000,Gasoline,523.0HP 4.4L 8 Cylinder Engine Gasoline Fuel,Transmission w/Dual Shift Mode,Blue,Black,None reported,Yes,53000,10.87806606028079,10.596659732783579
Subaru,Impreza WRX STI,2014,77000,Gasoline,305.0HP 2.5L 4 Cylinder Engine Gasoline Fuel,6-Speed M/T,Gray,Black,At least 1 accident or damage reported,Yes,30000,10.308985993422082,11.251573687764477
Mercedes-Benz,AMG G 63 Base,2019,19593,Gasoline,4.0 Liter Twin Turbo,Automatic,Black,Black,None reported,Yes,159998,11.982922844196432,9.882978675904587
Mazda,Mazda6 Grand Touring,2020,35902,Gasoline,2.5L I4 16V GDI DOHC Turbo,6-Speed Automatic,Deep Crystal Blue Mica,Black,None reported,Yes,22966,10.041813682016414,10.488576136444582
Hyundai,Veloster Base,2013,800,Gasoline,132.0HP 1.6L 4 Cylinder Engine Gasoline Fuel,Transmission w/Dual Shift Mode,Black,Gray,None reported,Yes,9800,9.19023970026918,6.68586094706836
Bentley,Bentayga S,2023,2600,Gasoline,4.0L V8 32V GDI DOHC Twin Turbo,8-Speed Automatic,Beluga Black,Hotspur,None reported,Yes,239995,12.388377535518572,7.8636512654486515
Land Rover,Defender X-Dynamic SE,2023,6204,Hybrid,3.0 Liter,Automatic,Eiger Grey,–,None reported,Yes,79998,11.289769413577893,8.733110697638708
Kia,Telluride SX,2020,69185,Gasoline,3.8L V6 24V GDI DOHC,8-Speed Automatic,Ebony Black,Gray,None reported,Yes,37405,10.529586398342945,11.144553808999172
Maserati,GranTurismo Sport,2015,45000,Gasoline,454.0HP 4.7L 8 Cylinder Engine Gasoline Fuel,6-Speed A/T,Black,Black,None reported,Yes,41900,10.643064971973882,10.714439990727769
BMW,540 i xDrive,2020,37426,Gasoline,2.0 Liter Turbo,Automatic,White,Black,None reported,Yes,39998,10.596609732783568,10.530147648073713
INFINITI,M56 Base,2011,137000,Gasoline,420.0HP 5.6L 8 Cylinder Engine Gasoline Fuel,Transmission w/Dual Shift Mode,Gray,Brown,At least 1 accident or damage reported,Yes,8500,9.04793908261736,11.827743504053695
Mazda,Mazda3 s Grand Touring,2016,85000,Gasoline,–,A/T,Black,Black,At least 1 accident or damage reported,Yes,18500,9.825580063659602,11.350418300109132
Chevrolet,Corvette Stingray w/1LT,2023,4000,Gasoline,490.0HP 6.2L 8 Cylinder Engine Gasoline Fuel,8-Speed A/T,Black,Red,At least 1 accident or damage reported,Yes,73900,11.210481638644469,8.294299608857235
Audi,Q5 S line Premium Plus,2023,4648,Hybrid,2.0 Liter TFSI,Automatic,Mythos Black,Black,None reported,Yes,47598,10.770567031595471,8.444407421690585
Lexus,GX 460 Base,2018,52100,Gasoline,301.0HP 4.6L 8 Cylinder Engine Gasoline Fuel,6-Speed A/T,White,Beige,None reported,Yes,38000,10.545367754151743,10.860939421415225
BMW,X1 sDrive28i,2014,50100,Gasoline,240.0HP 2.0L 4 Cylinder Engine Gasoline Fuel,A/T,Brown,Beige,None reported,Yes,10795,9.286930974137896,10.821796246953596
Alfa Romeo,Stelvio Ti,2020,41000,Gasoline,280.0HP 2.0L 4 Cylinder Engine Gasoline Fuel,8-Speed A/T,White,Black,None reported,Yes,32400,10.385944565501662,10.62135173563291
RAM,1500 Big Horn,2021,70968,Gasoline,395.0HP 5.7L 8 Cylinder Engine Gasoline Fuel,8-Speed A/T,Black,Black,None reported,Yes,34000,10.434145214930487,11.169998440958999
BMW,M4 Base,2015,26600,Gasoline,425.0HP 3.0L Straight 6 Cylinder Engine Gasoline Fuel,A/T,White,–,None reported,Yes,53000,10.87806606028079,10.188704088048116
Tesla,Model X Long Range,2022,15443,Gasoline,670.0HP Electric Motor Electric Fuel System,1-Speed A/T,Red,Black,None reported,Yes,84500,11.344518647594766,9.644975857384127
Volvo,S90 T5 Momentum,2018,95000,Gasoline,250.0HP 2.0L 4 Cylinder Engine Gasoline Fuel,8-Speed A/T,White,Beige,None reported,Yes,18000,9.798182590890704,11.461642696843066
Subaru,Impreza WRX Sti,2005,94000,Gasoline,300.0HP 2.5L 4 Cylinder Engine Gasoline Fuel,6-Speed M/T,Black,Blue,None reported,Yes,19500,9.87822102528824,11.451060699493427
BMW,X6 xDrive40i,2020,45076,Gasoline,3.0 Liter Turbo,Automatic,Blue,Black,None reported,Yes,57998,10.968181048000611,10.716127417580799
Cadillac,CTS 2.0L Turbo Luxury,2014,110000,Gasoline,272.0HP 2.0L 4 Cylinder Engine Gasoline Fuel,A/T,Gold,Beige,None reported,Yes,11000,9.305741456739435,11.608244735642321
Land Rover,Discovery Sport HSE,2016,49083,Gasoline,2.0L I4 16V GDI DOHC Turbo,9-Speed Automatic,Indus Silver,Ebony,None reported,Yes,21590,9.980031840175913,10.801288395096439
Genesis,G90 5.0 Ultimate,2017,63500,Gasoline,420.0HP 5.0L 8 Cylinder Engine Gasoline Fuel,Transmission w/Dual Shift Mode,Silver,Black,None reported,Yes,27500,10.221977646629885,11.05881093278828
Mercedes-Benz,CLK-Class CLK 350,2009,21500,Gasoline,268.0HP 3.5L V6 Cylinder Engine Gasoline Fuel,A/T,Black,Black,At least 1 accident or damage reported,Yes,18000,9.798182590890704,9.975854724662028
Land Rover,Range Rover Autobiography,2023,324,Gasoline,4.4 Liter,Automatic,Black,Blk,None reported,Yes,199998,12.206067645517674,5.783825182329737
Kia,Optima EX,2019,68166,Gasoline,"1.6L I-4 gasoline direct injection, DOHC, variable valve control",Automatic,Ebony Black,Black,None reported,Yes,20818,9.943621310275773,11.129715855760479
Toyota,Highlander SE,2018,53607,Gasoline,3.5L V6 24V PDI DOHC,8-Speed Automatic,Midnight Black Metallic,Black,At least 1 accident or damage reported,Unknown,31853,10.368918241811727,10.889453589653007
Mercedes-Benz,Sprinter 4500 High Roof,2019,16813,Diesel,188.0HP 3.0L V6 Cylinder Engine Diesel Fuel,Transmission w/Dual Shift Mode,Gray,Black,None reported,Yes,45900,10.734242182303689,9.729967151695242
BMW,X1 xDrive28i,2020,18200,Gasoline,228.0HP 2.0L 4 Cylinder Engine Gasoline Fuel,A/T,White,Beige,At least 1 accident or damage reported,Yes,29500,10.292179440058462,9.809231816610408
Audi,R8 5.2,2015,51000,Gasoline,550.0HP 5.2L 10 Cylinder Engine Gasoline Fuel,Transmission w/Dual Shift Mode,White,Black,At least 1 accident or damage reported,Yes,102000,11.532737896139919,10.839600519357369
Audi,S3 2.0T Tech Premium Plus,2018,16400,Gasoline,292.0HP 2.0L 4 Cylinder Engine Gasoline Fuel,A/T,Blue,Red,None reported,Yes,42800,10.664316745782925,9.70509758756311
Toyota,Tundra Hybrid TRD Pro,2022,7000,Hybrid,437.0HP 3.4L V6 Cylinder Engine Gas/Electric Hybrid,10-Speed A/T,Orange,–,None reported,Yes,75500,11.231901180182515,8.853808274977197
Audi,SQ5 3.0T Premium Plus,2022,8497,Gasoline,3.0L V6 24V GDI DOHC Turbo,Automatic,Ibis White,Black,None reported,Yes,52900,10.876177521259402,9.047586120674756
Audi,A6 2.0T Premium Plus,2016,68000,Gasoline,252.0HP 2.0L 4 Cylinder Engine Gasoline Fuel,Transmission w/Dual Shift Mode,White,Black,At least 1 accident or damage reported,Yes,20000,9.90353755128617,11.127277689932466
Lamborghini,Huracan EVO Base,2022,2523,Gasoline,5.2L V10 40V GDI DOHC,7-Speed Manual,Bianco Icarus Metallic,Nero Ade,None reported,Yes,288900,12.573839347853667,7.8336002236611035
BMW,328 xi,2007,83000,Gasoline,230.0HP 3.0L Straight 6 Cylinder Engine Gasoline Fuel,6-Speed A/T,Black,Brown,None reported,Yes,8995,9.104535313079205,11.326607934898927
Audi,SQ5 3.0T Prestige,2018,25000,Gasoline,354.0HP 3.0L V6 Cylinder Engine Gasoline Fuel,8-Speed A/T,Gray,Black,None reported,Yes,50000,10.819798284210286,10.12667110305036
Cadillac,Escalade Sport Platinum,2021,15689,Diesel,3.0L I6 24V DDI DOHC Turbo Diesel,10-Speed Automatic,Infrared Tintcoat,Jet Black,None reported,Yes,97952,11.492243050775025,9.660778845727078
BMW,M235 i,2014,125450,Gasoline,320.0HP 3.0L Straight 6 Cylinder Engine Gasoline Fuel,6-Speed M/T,Blue,Black,None reported,Yes,17200,9.75272280064639,11.739670523066106
Kia,Telluride SX,2023,9822,Gasoline,3.8L V6 24V GDI DOHC,8-Speed Automatic,Midnight Black,Gray,None reported,Yes,50998,10.83956130367109,9.19248185367487
Chevrolet,Express 3500 Base,2008,144000,Gasoline,323.0HP 6.0L 8 Cylinder Engine Gasoline Fuel,A/T,White,Gray,None reported,Yes,22000,9.99884318585288,11.87757552297847
GMC,Acadia SLE,2020,30900,Gasoline,2.5L I4 16V GDI DOHC,9-Speed Automatic,Summit White,Jet Black,None reported,Yes,27654,10.227561822428779,10.33854382482173
BMW,X3 xDrive30i,2021,2492,Gasoline,2.0 Liter Turbo,Automatic,Phytonic Blue Metallic,Canberra Beige/Black,None reported,Yes,41598,10.635831407498888,7.821242083523558
Audi,TT 2.0T,2015,126760,Gasoline,211.0HP 2.0L 4 Cylinder Engine Gasoline Fuel,A/T,Black,Black,At least 1 accident or damage reported,Yes,14000,9.546884034617925,11.750058702697691
Subaru,Outback 3.6R Touring,2017,100680,Gasoline,256.0HP 3.6L Flat 6 Cylinder Engine Gasoline Fuel,A/T,Brown,–,None reported,Yes,20500,9.928228944424575,11.519712381659202
Mitsubishi,Eclipse Spyder GS,2001,90400,Gasoline,140.0HP 2.4L 4 Cylinder Engine Gasoline Fuel,A/T,Red,–,None reported,Yes,4495,8.410943391573527,11.412010608265987
Hyundai,Santa Fe SEL,2022,26895,Gasoline,2.5L I4 16V PDI DOHC,8-Speed Automatic,Quartz White,Black,None reported,Yes,29800,10.30229722897745,10.199732855648397
BMW,M5 Base,2018,20500,Gasoline,600.0HP 4.4L 8 Cylinder Engine Gasoline Fuel,8-Speed A/T,Silver,Black,None reported,Yes,67000,11.112462823634855,9.928228944424575
Dodge,Ram 1500 ST,2011,134000,Gasoline,390.0HP 5.7L 8 Cylinder Engine Gasoline Fuel,A/T,Black,Gray,At least 1 accident or damage reported,Yes,10500,9.259225769705994,11.80560254159177
Ford,Fusion Energi Titanium,2015,84352,Plug-In Hybrid,188.0HP 2.0L 4 Cylinder Engine Plug-In Electric/Gas,CVT Transmission,Blue,Black,At least 1 accident or damage reported,Yes,10000,9.210440366976517,11.342765653435313
Toyota,Tundra Hybrid TRD Pro,2022,19000,Hybrid,437.0HP 3.4L V6 Cylinder Engine Gas/Electric Hybrid,10-Speed A/T,Orange,Black,None reported,Yes,71000,11.170449240431308,9.852246888342531
Land Rover,Range Rover Evoque Pure,2015,115550,Gasoline,240.0HP 2.0L 4 Cylinder Engine Gasoline Fuel,9-Speed A/T,White,Black,None reported,Yes,17500,9.770013301136158,11.657467269927302
Lincoln,Navigator Base,2009,191775,E85 Flex Fuel,310.0HP 5.4L 8 Cylinder Engine Flex Fuel Capability,6-Speed A/T,White,Beige,At least 1 accident or damage reported,Yes,9750,9.18512512283512,12.164083303257911
Ford,Mustang Mach-E Select,2023,923,Gasoline,Standard Range Battery,Automatic,Rapid Red Metallic Tinted Clearcoat,Black Onyx,None reported,Yes,46998,10.757881603870102,6.828712071641684
Mercedes-Benz,Sprinter 3500 High Roof,2017,124630,Diesel,188.0HP 3.0L V6 Cylinder Engine Diesel Fuel,5-Speed A/T,Black,Black,None reported,Yes,75000,11.225256725762893,11.733112650538533
Mercedes-Benz,AMG E 63 S 4MATIC,2019,17000,Gasoline,603.0HP 4.0L 8 Cylinder Engine Gasoline Fuel,9-Speed A/T,White,Brown,None reported,Yes,95000,11.461642696843066,9.741027444837728
BMW,440 i xDrive,2018,73500,Gasoline,320.0HP 3.0L Straight 6 Cylinder Engine Gasoline Fuel,A/T,Black,Blue,None reported,Yes,32000,10.373522431293592,11.205054290550551
Audi,Q7 55 Prestige,2019,73837,Gasoline,3.0L V6 24V GDI DOHC Supercharged,8-Speed Automatic,Cobra Beige Metallic,Nougat Brown,None reported,Yes,36340,10.500701859458179,11.209628783219447
BMW,M6 Base,2014,29500,Gasoline,560.0HP 4.4L 8 Cylinder Engine Gasoline Fuel,Transmission w/Dual Shift Mode,Silver,Black,None reported,Yes,40999,10.621327345686446,10.292179440058462
Volkswagen,Arteon 2.0T SE,2021,13613,Gasoline,2.0 Liter TSI,Automatic,Pure White,Titan Black,None reported,Yes,29798,10.302230114883466,9.518853954007897
Lexus,LX 600 F SPORT,2023,1185,Gasoline,409.0HP 3.4L V6 Cylinder Engine Gasoline Fuel,10-Speed A/T,Black,Black,None reported,Yes,120990,11.703471441647247,7.078341579557671
INFINITI,Q40 Base,2015,143250,Gasoline,328.0HP 3.7L V6 Cylinder Engine Gasoline Fuel,Transmission w/Dual Shift Mode,Silver,Black,None reported,Yes,11500,9.350189267092581,11.872353615355413
BMW,Z4 3.0i Roadster,2006,46508,Gasoline,215.0HP 3.0L Straight 6 Cylinder Engine Gasoline Fuel,Transmission w/Dual Shift Mode,Green,Beige,At least 1 accident or damage reported,Yes,11500,9.350189267092581,10.747401121234471
BMW,M6 Base,2015,18651,Gasoline,560.0HP 4.4L 8 Cylinder Engine Gasoline Fuel,Transmission w/Dual Shift Mode,Red,Black,None reported,Yes,59549,10.994571574783446,9.833708657928211
BMW,X3 M40i,2019,36438,Gasoline,3.0 Liter Turbo,Automatic,Alpine White,Oyster W/Contrast,None reported,Yes,39998,10.596609732783568,10.503394908626325
Kia,Sorento LX,2014,46628,Gasoline,2.4L I4 16V GDI DOHC,6-Speed Automatic,Snow White Pearl,Beige,None reported,Yes,15363,9.639782389465795,10.749977944151007
Rivian,R1S Adventure Package,2023,5700,Gasoline,835.0HP Electric Motor Electric Fuel System,1-Speed A/T,Gray,White,None reported,Yes,95000,11.461642696843066,8.648396877031582
BMW,Z4 sDrive28i,2015,57550,Gasoline,240.0HP 2.0L 4 Cylinder Engine Gasoline Fuel,6-Speed M/T,Black,White,None reported,Yes,29995,10.30881931842128,10.960426790193678
Cadillac,CTS-V Base,2017,48600,Gasoline,640.0HP 6.2L 8 Cylinder Engine Gasoline Fuel,Transmission w/Dual Shift Mode,Black,Black,None reported,Yes,60999,11.018629143155449,10.791399385808587
Ford,Transit Connect XL,2020,119000,Gasoline,169.0HP 2.5L 4 Cylinder Engine Gasoline Fuel,A/T,White,Black,None reported,Yes,18000,9.798182590890704,11.686887175419702
Land Rover,Range Rover Velar SVAutobiography Dynamic Edition,2020,36500,Gasoline,550.0HP 5.0L 8 Cylinder Engine Gasoline Fuel,Transmission w/Dual Shift Mode,White,Red,None reported,Yes,72000,11.184435286790631,10.505094936455558
Lexus,IS 250 Base,2010,121250,Gasoline,204.0HP 2.5L V6 Cylinder Engine Gasoline Fuel,6-Speed A/T,Black,White,At least 1 accident or damage reported,Yes,13250,9.491828300264636,11.705618056188401
BMW,X7 xDrive40i,2023,2437,Hybrid,375.0HP 3.0L Straight 6 Cylinder Engine Gasoline/Mild Electric Hybrid,Transmission w/Dual Shift Mode,Gray,Black,None reported,Yes,78350,11.268954010944581,7.798933310041217
Volvo,XC90 T6 Momentum,2018,110380,Gasoline,316.0HP 2.0L 4 Cylinder Engine Gasoline Fuel,A/T,Gray,Beige,At least 1 accident or damage reported,Yes,22000,9.99884318585288,11.611693296564702
Hyundai,Tucson Limited,2008,149000,Gasoline,173.0HP 2.7L V6 Cylinder Engine Gasoline Fuel,4-Speed A/T,Black,Gray,None reported,Yes,3850,8.25608813381491,11.91170829631447
Dodge,Durango GT,2021,14684,Gasoline,3.6L V6 24V MPFI DOHC,8-Speed Automatic,DB Black Clearcoat,Black,None reported,Yes,37995,10.545236170010073,9.59458184363272
Mercedes-Benz,AMG C 43 Base 4MATIC,2017,39000,Gasoline,362.0HP 3.0L V6 Cylinder Engine Gasoline Fuel,9-Speed A/T,White,Black,At least 1 accident or damage reported,Yes,39000,10.571342565808699,10.571342565808699
GMC,Yukon XL SLT,2019,65212,Gasoline,5.3L V8 16V GDI OHV,Automatic,Summit White,Jet Black,None reported,Yes,42995,10.668862367092954,11.085414114542965
Audi,RS Q8 4.0T,2020,41856,Gasoline,591.0HP 4.0L 8 Cylinder Engine Gasoline Fuel,Transmission w/Dual Shift Mode,Gray,Black,None reported,Yes,91500,11.424105180165641,10.642014325968784
Rivian,R1S Adventure Package,2023,655,Gasoline,835.0HP Electric Motor Electric Fuel System,1-Speed A/T,Red,Silver,None reported,Yes,94500,11.456365695436427,6.486160788944089
Toyota,RAV4 Hybrid XLE,2019,54000,Hybrid,219.0HP 2.5L 4 Cylinder Engine Gas/Electric Hybrid,CVT Transmission,Gray,Gray,None reported,Yes,33000,10.404293143019792,10.896757843893464
Alfa Romeo,Stelvio Quadrifoglio,2019,26500,Gasoline,505.0HP 2.9L V6 Cylinder Engine Gasoline Fuel,8-Speed A/T,Gray,Black,None reported,Yes,53900,10.894904309600681,10.184937747111391
Land Rover,Range Rover Evoque SE,2020,38356,Gasoline,2.0 Liter,Automatic,Firenze Red Metallic,Ebony,None reported,Yes,36598,10.507776196611822,10.554692319474022
Alfa Romeo,Stelvio Ti Sport,2020,21487,Gasoline,2.0L I4 16V GDI SOHC Turbo,8-Speed Automatic,Anodized Blue Metallic,Ice,None reported,Yes,35345,10.472940510749742,9.97524991876302
Cadillac,Escalade EXT Base,2007,99000,Gasoline,403.0HP 6.2L 8 Cylinder Engine Gasoline Fuel,6-Speed A/T,Black,Black,None reported,Yes,22999,10.043249494911286,11.502885230075814
Ford,F-250 Lariat,2019,35597,E85 Flex Fuel,6.2L V8 16V MPFI SOHC Flexible Fuel,6-Speed Automatic,Black,Black,None reported,Yes,47756,10.773880932023246,10.480044735486699
Nissan,350Z Enthusiast,2005,130307,Gasoline,287.0HP 3.5L V6 Cylinder Engine Gasoline Fuel,5-Speed A/T,Blue,Black,None reported,Yes,9950,9.205428327615163,11.7776561580049
Subaru,Legacy 2.5 i Premium,2010,178000,Gasoline,170.0HP 2.5L 4 Cylinder Engine Gasoline Fuel,A/T,Blue,Black,None reported,Yes,7600,8.936035096566041,12.08954444723597
Honda,Civic LX,2003,160265,Gasoline,115.0HP 1.7L 4 Cylinder Engine Gasoline Fuel,A/T,White,Gray,At least 1 accident or damage reported,Yes,3000,8.006700845440367,11.984590213792597
McLaren,570S Spider,2020,8700,Gasoline,562.0HP 3.8L 8 Cylinder Engine Gasoline Fuel,Transmission w/Dual Shift Mode,Black,Black,None reported,Yes,185000,12.128116509451258,9.071193240566025
Maserati,Ghibli S Q4,2016,1000,Gasoline,404.0HP 3.0L V6 Cylinder Engine Gasoline Fuel,Transmission w/Dual Shift Mode,Gray,Red,None reported,Yes,36000,10.491301994830229,6.90875477931522
Jeep,Wagoneer Series II 4x4,2022,29800,Gasoline,"HEMI 5.7L V-8 variable valve control, regular unleaded, engine w","Automatic, 8-Spd",–,–,None reported,Yes,58900,10.983613347424248,10.30229722897745
Maserati,Ghibli S Q4,2017,49750,Gasoline,404.0HP 3.0L V6 Cylinder Engine Gasoline Fuel,Transmission w/Dual Shift Mode,White,Red,None reported,Yes,27995,10.23981692180943,10.81478584288724
Lexus,RX 300 Base,2002,121000,Gasoline,220.0HP 3.0L V6 Cylinder Engine Gasoline Fuel,A/T,Silver,Black,None reported,Yes,6348,8.75605259917045,11.703554089007538
Lincoln,Aviator Luxury,2005,140000,Gasoline,302.0HP 4.6L 8 Cylinder Engine Gasoline Fuel,A/T,Black,Beige,None reported,Yes,2000,7.601402334583733,11.849404844423074
Ford,Transit Connect XL,2018,66770,E85 Flex Fuel,169.0HP 2.5L 4 Cylinder Engine Flex Fuel Capability,6-Speed A/T,Red,–,None reported,Yes,21500,9.975854724662028,11.109024133525745
Cadillac,SRX Luxury Collection,2016,61549,Gasoline,3.6 Liter SIDI DOHC,Automatic,Red,Ebony,At least 1 accident or damage reported,Unknown,19998,9.903437551286085,11.0276051316126
Lincoln,MKS EcoBoost,2016,38100,Gasoline,365.0HP 3.5L V6 Cylinder Engine Gasoline Fuel,A/T,Silver,Beige,None reported,Yes,21000,9.952325334619427,10.547995807489514
Toyota,Yaris Base,2010,138071,Gasoline,106.0HP 1.5L 4 Cylinder Engine Gasoline Fuel,5-Speed M/T,Red,Gray,None reported,Yes,5000,8.517393171418904,11.835530567211238
Mercedes-Benz,AMG E 63 S 4MATIC,2019,40000,Gasoline,603.0HP 4.0L 8 Cylinder Engine Gasoline Fuel,Transmission w/Dual Shift Mode,Black,Black,At least 1 accident or damage reported,Yes,72000,11.184435286790631,10.596659732783579
Mercedes-Benz,GLS 450 Base,2022,41545,Hybrid,3.0 Liter DOHC Twin Turbo,Automatic,MANUFAKTUR Diamond White Bright,Macchiato Beige/Black,None reported,Yes,71998,11.184407509012852,10.634556526094629
Mercedes-Benz,G-Class G 550 4MATIC,2019,47850,Gasoline,416.0HP 4.0L 8 Cylinder Engine Gasoline Fuel,A/T,White,Black,At least 1 accident or damage reported,Yes,127899,11.759003987566935,10.775847295304315
Hyundai,Veloster Turbo R-Spec,2014,128000,Gasoline,201.0HP 1.6L 4 Cylinder Engine Gasoline Fuel,6-Speed M/T,Blue,Red,None reported,Yes,11000,9.305741456739435,11.759793355371237
Toyota,4Runner Limited,2019,48156,Gasoline,4.0L V6 24V MPFI DOHC,5-Speed Automatic,Midnight Black Metallic,Sand Beige,None reported,Yes,40368,10.605817442670727,10.78222178568365
Mercedes-Benz,S-Class S 580 4MATIC,2021,4700,Hybrid,496.0HP 4.0L 8 Cylinder Engine Gasoline/Mild Electric Hybrid,9-Speed A/T,Black,Black,None reported,Yes,99900,11.511934974596555,8.45553053102413
Audi,RS 7 4.0T Performance Prestige,2017,39071,Gasoline,4.0L V8 32V GDI DOHC Twin Turbo,8-Speed Automatic,White,Black,None reported,Yes,67900,11.125806040978839,10.57316137691043
Mercedes-Benz,AMG C 43 Base,2017,53500,Gasoline,362.0HP 3.0L V6 Cylinder Engine Gasoline Fuel,9-Speed A/T,White,Brown,At least 1 accident or damage reported,Yes,33999,10.4341158035983,10.887455624298198
Chevrolet,Corvette Z06,2007,11025,Gasoline,505.0HP 7.0L 8 Cylinder Engine Gasoline Fuel,6-Speed M/T,Orange,Black,None reported,Yes,47500,10.768506042432708,9.30801139914963
Ford,F-250 King Ranch,2021,44000,Diesel,475.0HP 6.7L 8 Cylinder Engine Diesel Fuel,10-Speed A/T,White,Brown,At least 1 accident or damage reported,Yes,73000,11.19822841866684,10.691967639914864
Volkswagen,Tiguan 2.0T SE,2022,11000,Gasoline,184.0HP 2.0L 4 Cylinder Engine Gasoline Fuel,A/T,Blue,White,None reported,Yes,27900,10.236417809461043,9.305741456739435
BMW,750 Li xDrive,2012,103000,Gasoline,407.0HP 4.4L 8 Cylinder Engine Gasoline Fuel,6-Speed A/T,Black,Black,None reported,Yes,16000,9.680406499268875,11.542493975902508
BMW,M3 CS,2024,456,Gasoline,543.0HP 3.0L Straight 6 Cylinder Engine Gasoline Fuel,Transmission w/Dual Shift Mode,Black,Black,None reported,Yes,128995,11.76753667511112,6.124683390894205
Lexus,GX 460 Base,2018,64000,Gasoline,301.0HP 4.6L 8 Cylinder Engine Gasoline Fuel,6-Speed A/T,Red,Brown,None reported,Yes,37300,10.526775414924009,11.06665398721974
Audi,Q7 3.0T Premium,2017,108000,Gasoline,333.0HP 3.0L V6 Cylinder Engine Gasoline Fuel,8-Speed A/T,Gray,Brown,None reported,Yes,25999,10.165851817003619,11.58989576532275
Alfa Romeo,Stelvio Ti Sport,2018,37045,Gasoline,280.0HP 2.0L 4 Cylinder Engine Gasoline Fuel,Transmission w/Dual Shift Mode,White,Red,At least 1 accident or damage reported,Yes,26600,10.188704088048116,10.519915662682669
Land Rover,Defender X,2023,5433,Hybrid,3.0 Liter,Automatic,Santorin Black,Black,None reported,Yes,95998,11.472093053729052,8.600430789986293
BMW,750 i xDrive,2019,28744,Gasoline,4.4 Liter DOHC Twin Turbo,Automatic,Black,Black,None reported,Yes,50998,10.83956130367109,10.266219118057391
BMW,M3 Base,2015,65800,Gasoline,425.0HP 3.0L Straight 6 Cylinder Engine Gasoline Fuel,Transmission w/Dual Shift Mode,White,Red,None reported,Yes,44950,10.713328286593352,11.094390314766315
Rolls-Royce,Ghost Base,2021,850,Gasoline,563.0HP 6.7L 12 Cylinder Engine Gasoline Fuel,A/T,White,White,None reported,Yes,314900,12.66001358269538,6.7464121285733745
Audi,e-tron Prestige,2019,33012,Gasoline,355.0HP Electric Motor Electric Fuel System,1-Speed A/T,Blue,Beige,None reported,Yes,38000,10.545367754151743,10.404656702268806
Lexus,IS 250 Base,2011,107818,Gasoline,204.0HP 2.5L V6 Cylinder Engine Gasoline Fuel,6-Speed A/T,Gray,Beige,At least 1 accident or damage reported,Yes,11400,9.34145634983372,11.588209174245527
Land Rover,Range Rover Evoque SE Premium,2016,79500,Gasoline,240.0HP 2.0L 4 Cylinder Engine Gasoline Fuel,9-Speed A/T,White,Black,None reported,Yes,19000,9.852246888342531,11.283524879179666
Ferrari,California T,2015,20000,Gasoline,553.0HP 3.9L 8 Cylinder Engine Gasoline Fuel,7-Speed A/T,Red,Brown,At least 1 accident or damage reported,Yes,124990,11.735997013692314,9.90353755128617
Lexus,LC 500 Base,2018,37000,Gasoline,471.0HP 5.0L 8 Cylinder Engine Gasoline Fuel,10-Speed A/T,Black,Red,None reported,Yes,63997,11.066607111853518,10.518700218288165
Kia,EV6 Wind,2022,11945,Gasoline,111.2Ah / FR 70kW / RR 160kW (697V),Automatic,Glacier,Black,None reported,Yes,38998,10.571291283757406,9.388151773292252
GMC,Sierra 1500 SLE Crew Cab,2005,131800,Gasoline,295.0HP 5.3L 8 Cylinder Engine Gasoline Fuel,4-Speed A/T,Silver,Gray,At least 1 accident or damage reported,Yes,5800,8.665785595466064,11.789048488275174
Lexus,ES 350 Base,2008,146000,Gasoline,272.0HP 3.5L V6 Cylinder Engine Gasoline Fuel,A/T,Red,Beige,None reported,Yes,8995,9.104535313079205,11.891368749982085
Nissan,370Z NISMO,2010,29000,Gasoline,350.0HP 3.7L V6 Cylinder Engine Gasoline Fuel,M/T,Silver,–,None reported,Yes,29000,10.275085591132715,10.275085591132715
Dodge,Ram 1500 Laramie,2004,141209,Gasoline,345.0HP 5.7L 8 Cylinder Engine Gasoline Fuel,A/T,Black,Black,None reported,Yes,5700,8.648396877031582,11.858003423063298
Ford,Expedition Limited,2016,85253,Gasoline,365.0HP 3.5L V6 Cylinder Engine Gasoline Fuel,A/T,White,Beige,None reported,Yes,19995,9.903287532533462,11.35339031486613
INFINITI,QX70 Base,2015,87009,Gasoline,325.0HP 3.7L V6 Cylinder Engine Gasoline Fuel,A/T,Gray,Black,None reported,Yes,17800,9.787009914477434,11.37377833356007
BMW,X5 M Base,2023,4348,Gasoline,4.4L V8 32V GDI DOHC Twin Turbo,8-Speed Automatic,Alpine White,Black,None reported,Yes,105900,11.570259974415547,8.37770121259764
Lincoln,Navigator Select,2016,158000,Gasoline,380.0HP 3.5L V6 Cylinder Engine Gasoline Fuel,Transmission w/Dual Shift Mode,Red,Beige,None reported,Yes,19780,9.892477160016076,11.970356641102999
Volvo,V60 Cross Country T5,2020,10500,Gasoline,250.0HP 2.0L 4 Cylinder Engine Gasoline Fuel,8-Speed A/T,White,Black,None reported,Yes,36000,10.491301994830229,9.259225769705994
Audi,A7 3.0T Premium Plus,2018,45843,Gasoline,340.0HP 3.0L V6 Cylinder Engine Gasoline Fuel,A/T,Silver,Black,None reported,Yes,37000,10.518700218288165,10.73299960761659
Ford,Bronco Sport Outer Banks,2021,15198,Gasoline,1.5L I3 12V PDI DOHC Turbo,8-Speed Automatic,Blue,Navy Pier,None reported,Yes,31621,10.36160835987009,9.628984915196462
Volkswagen,Eurovan MV,2001,220000,Gasoline,140.0HP 2.8L V6 Cylinder Engine Gasoline Fuel,A/T,Silver,–,None reported,Yes,5500,8.612685172875459,12.301387370778713
Jaguar,F-TYPE R,2017,58000,Gasoline,550.0HP 5.0L 8 Cylinder Engine Gasoline Fuel,A/T,Black,Black,None reported,Yes,51500,10.849356503939038,10.968215530759236
Land Rover,Range Rover Evoque R-Dynamic HSE,2020,30424,Hybrid,2.0 Liter,Automatic,Silver,Black,None reported,Yes,44998,10.714395546283317,10.323019917855728
RAM,1500 Laramie,2021,38012,Gasoline,5.7L V8 16V MPFI OHV,8-Speed Automatic,Delmonico Red Pearlcoat,Black,None reported,Yes,45277,10.720576542290251,10.545683485467018
Rivian,R1S Adventure Package,2023,2500,Gasoline,835.0HP Electric Motor Electric Fuel System,A/T,Gray,Gray,None reported,Yes,91000,11.418625774449598,7.824445930877619
BMW,M760 i xDrive,2021,11078,Gasoline,"6.6L V-12 gasoline direct injection, DOHC, variable valve contro","Automatic, 8-Spd Sport w/Sport & Manual Modes",BLACK,WHITE,None reported,Yes,91900,11.428467189677395,9.312806703520673
Lexus,LX 570 Three-Row,2018,50000,Gasoline,383.0HP 5.7L 8 Cylinder Engine Gasoline Fuel,A/T,White,Black,None reported,Yes,65000,11.082157933374816,10.819798284210286
Land Rover,Range Rover Velar P250 SE R-Dynamic,2019,58000,Gasoline,247.0HP 2.0L 4 Cylinder Engine Gasoline Fuel,A/T,White,Black,None reported,Yes,38000,10.545367754151743,10.968215530759236
Acura,MDX w/Technology Package,2023,3415,Gasoline,3.5 Liter SOHC,F,White,Parchment.,None reported,Yes,54998,10.915070282231135,8.13622555490846
Lexus,LC 500 Base,2018,61000,Gasoline,471.0HP 5.0L 8 Cylinder Engine Gasoline Fuel,Transmission w/Dual Shift Mode,Black,Black,None reported,Yes,65000,11.082157933374816,11.0186455364637
Audi,SQ5 3.0T Prestige,2019,48500,Gasoline,349.0HP 3.0L V6 Cylinder Engine Gasoline Fuel,Transmission w/Dual Shift Mode,Gray,Black,At least 1 accident or damage reported,Yes,43500,10.680539205318292,10.789339695269716
Land Rover,Range Rover Velar P250 SE R-Dynamic,2018,65680,Gasoline,247.0HP 2.0L 4 Cylinder Engine Gasoline Fuel,A/T,Silver,Black,At least 1 accident or damage reported,Yes,34900,10.460270761075149,11.092564969345363
RAM,1500 Limited,2020,44362,Gasoline,5.7L V8 16V MPFI OHV,8-Speed Automatic,Bright White Clearcoat,Black,None reported,Yes,50658,10.832872183921442,10.700161067671738
Audi,S4 3.0T Premium,2019,18603,Gasoline,3.0L V6 24V GDI DOHC Turbo,8-Speed Automatic,Brilliant Black,Black,None reported,Yes,42900,10.666650414667744,9.831131890343988
Audi,A8 4.0,2020,35999,Hybrid,4.0 Liter Turbo,Automatic,Mythos Black Metallic,Sarder Brown,None reported,Yes,59598,10.995394074389191,10.491274217438248
Cadillac,Escalade ESV Sport,2021,8044,Gasoline,420.0HP 6.2L 8 Cylinder Engine Gasoline Fuel,Transmission w/Dual Shift Mode,Black,Beige,None reported,Yes,93000,11.440365524765756,8.992806059426483
Mercedes-Benz,AMG GT AMG GT S,2016,9738,Gasoline,503.0HP 4.0L 8 Cylinder Engine Gasoline Fuel,7-Speed A/T,Red,Black,None reported,Yes,85500,11.356283350762888,9.1838937219612
BMW,M3 Base,2009,112000,Gasoline,420.0HP 4.0L 8 Cylinder Engine Gasoline Fuel,Transmission w/Dual Shift Mode,Gray,Black,At least 1 accident or damage reported,Yes,28000,10.239995502805316,11.626263078808801
Honda,Accord EX-L,2009,167300,Gasoline,190.0HP 2.4L 4 Cylinder Engine Gasoline Fuel,5-Speed A/T,Silver,Black,None reported,Yes,6250,8.740496729931813,12.027549864243364
Rolls-Royce,Cullinan,2022,115,Gasoline,6.7L V12 48V GDI DOHC Twin Turbo,8-Speed Automatic,–,Grace White,None reported,Yes,449995,13.016993972818106,4.7535901911063645
Cadillac,Escalade Premium,2015,71000,Gasoline,420.0HP 6.2L 8 Cylinder Engine Gasoline Fuel,6-Speed A/T,Black,Brown,At least 1 accident or damage reported,Yes,35999,10.491274217438248,11.170449240431308
Acura,RDX Technology Package,2020,31015,Gasoline,2.0L I4 16V GDI DOHC Turbo,10-Speed Automatic,Silver,Ebony,None reported,Yes,36570,10.50701085558772,10.342258479350765
BMW,X2 xDrive28i,2022,33000,Gasoline,228.0HP 2.0L 4 Cylinder Engine Gasoline Fuel,Transmission w/Dual Shift Mode,Orange,Black,None reported,Yes,29999,10.308952660644293,10.404293143019792
Chrysler,Pacifica Touring,2017,63000,Gasoline,–,9-Speed A/T,White,Beige,None reported,Yes,20000,9.90353755128617,11.050905878263567
Buick,Verano Convenience,2013,68325,E85 Flex Fuel,180.0HP 2.4L 4 Cylinder Engine Flex Fuel Capability,Transmission w/Dual Shift Mode,Silver,Gray,None reported,Yes,11995,9.392328539868899,11.132045646620377
Mercedes-Benz,AMG S 63 Base 4MATIC,2020,20937,Gasoline,4.0L V8 32V GDI DOHC Twin Turbo,9-Speed Automatic,Magnetite Black Metallic,Black,None reported,Yes,104900,11.560772327227417,9.9493209688793
RAM,2500 Tradesman,2021,34365,Gasoline,410.0HP 6.4L 8 Cylinder Engine Gasoline Fuel,8-Speed A/T,Gray,Gray,At least 1 accident or damage reported,Yes,48000,10.778977123006351,10.44482298250669
Mercedes-Benz,Metris Base,2018,32000,Gasoline,208.0HP 2.0L 4 Cylinder Engine Gasoline Fuel,Transmission w/Dual Shift Mode,Black,Black,None reported,Yes,44900,10.712215345197256,10.373522431293592
Land Rover,Range Rover Evoque S,2020,40237,Gasoline,2.0 Liter,Automatic,Carpathian Grey Premium Metallic,Cloud,None reported,Yes,36998,10.518646164234097,10.602567101749182
Volvo,XC90 T6 Inscription,2020,22500,Gasoline,316.0HP 2.0L 4 Cylinder Engine Gasoline Fuel,A/T,Black,White,None reported,Yes,50000,10.819798284210286,10.021315031649332
Ford,Expedition King Ranch,2020,58700,Gasoline,375.0HP 3.5L V6 Cylinder Engine Gasoline Fuel,10-Speed A/T,Black,Brown,At least 1 accident or damage reported,Yes,48999,10.799575577092764,10.980212041446208
Toyota,Highlander Hybrid Limited,2006,264893,Hybrid,208.0HP 3.3L V6 Cylinder Engine Gas/Electric Hybrid,A/T,Gold,Beige,At least 1 accident or damage reported,Yes,5000,8.517393171418904,12.487085024947019
Toyota,Tundra SR5 Access Cab,2005,209500,Gasoline,282.0HP 4.7L 8 Cylinder Engine Gasoline Fuel,5-Speed A/T,Blue,Gray,None reported,Yes,8500,9.04793908261736,12.252483791602627
Ford,Transit-350 Base,2023,195,Gasoline,310.0HP 3.5L V6 Cylinder Engine Gasoline Fuel,10-Speed A/T,Blue,Gray,None reported,Yes,87500,11.37940550085183,5.278114659230517
Chevrolet,Express 3500 LT,2016,120000,Diesel,260.0HP 6.6L 8 Cylinder Engine Diesel Fuel,6-Speed A/T,White,Gray,None reported,Yes,19500,9.87822102528824,11.695255355062795
Chevrolet,Bolt EUV Premier,2022,14676,Gasoline,200.0HP Electric Motor Electric Fuel System,A/T,Black,Blue,None reported,Yes,33000,10.404293143019792,9.594036921611199
Jeep,Wrangler Unlimited 4xe Sahara,2021,33704,Hybrid,2.0L I4 16V GDI DOHC Turbo Hybrid,8-Speed Automatic,Bright White Clearcoat,Black,None reported,Yes,42998,10.668932138591325,10.42540147328754
BMW,X7 xDrive40i,2023,2950,Hybrid,375.0HP 3.0L Straight 6 Cylinder Engine Gasoline/Mild Electric Hybrid,8-Speed A/T,Black,Brown,None reported,Yes,87000,11.373674891823535,7.989899374942939
Mercedes-Benz,AMG GT 53 Base,2021,17994,Gasoline,3.0L I6 24V GDI DOHC Turbo,9-Speed Automatic,–,–,None reported,Yes,87500,11.37940550085183,9.79784922051313
Toyota,Tundra Limited,2020,44101,Gasoline,5.7L V8 32V MPFI DOHC,6-Speed Automatic,Gray,Black,None reported,Yes,45423,10.723795878712753,10.694260411880514
BMW,X1 xDrive28i,2021,25918,Gasoline,228.0HP 2.0L 4 Cylinder Engine Gasoline Fuel,Transmission w/Dual Shift Mode,Gray,Black,None reported,Yes,32000,10.373522431293592,10.16273156947506
BMW,135 i,2008,87000,Gasoline,300.0HP 3.0L Straight 6 Cylinder Engine Gasoline Fuel,A/T,White,Beige,None reported,Yes,15300,9.635673464721814,11.373674891823535
Mazda,Mazda3 Touring,2018,28333,Gasoline,184.0HP 2.5L 4 Cylinder Engine Gasoline Fuel,Transmission w/Dual Shift Mode,Blue,Black,None reported,Yes,20500,9.928228944424575,10.251817775939296
Audi,A7 3.0T Premium Plus,2018,29294,Gasoline,340.0HP 3.0L V6 Cylinder Engine Gasoline Fuel,A/T,White,Beige,None reported,Yes,39999,10.596634733096073,10.28517213197889
Saturn,Sky Red Line,2008,37000,Gasoline,260.0HP 2.0L 4 Cylinder Engine Gasoline Fuel,A/T,Blue,Black,None reported,Yes,14995,9.615538777855802,10.518700218288165
BMW,Z4 2.5i Roadster,2005,138000,Gasoline,184.0HP 2.5L Straight 6 Cylinder Engine Gasoline Fuel,5-Speed A/T,White,Beige,None reported,Yes,9950,9.205428327615163,11.835016210489899
Volvo,XC90 Hybrid T8 Inscription,2020,44487,Plug-In Hybrid,400.0HP 2.0L 4 Cylinder Engine Plug-In Electric/Gas,8-Speed A/T,Blue,Brown,None reported,Yes,65000,11.082157933374816,10.7029747688674
Acura,TLX A-Spec,2021,16878,Gasoline,2.0L I4 16V GDI DOHC Turbo,10-Speed Automatic,Red,Ebony,None reported,Yes,38781,10.565711500442564,9.733825524688928
Acura,MDX w/Technology Package,2022,30177,Gasoline,3.5L 24V SOHC I-VTEC V6,2,Majestic Black Pearl,Espresso,None reported,Yes,46598,10.749334360656016,10.314868461073596
Chevrolet,Tahoe High Country,2021,53000,Gasoline,420.0HP 6.2L 8 Cylinder Engine Gasoline Fuel,10-Speed A/T,Black,Black,At least 1 accident or damage reported,Yes,67100,11.11395422597838,10.87806606028079
Tesla,Model Y Long Range,2021,61308,Gasoline,425.0HP Electric Motor Electric Fuel System,A/T,White,White,None reported,Yes,42000,10.645448706505872,11.023681930070788
Mercedes-Benz,GLK-Class GLK 350,2013,99200,Gasoline,302.0HP 3.5L V6 Cylinder Engine Gasoline Fuel,A/T,Silver,Black,None reported,Yes,11495,9.34975442775886,11.504903373867316
Chevrolet,Traverse LS,2022,32117,Gasoline,3.6L V6 24V GDI DOHC,Automatic,Northsky Blue Metallic,Jet Black,None reported,Yes,33299,10.413312675968536,10.377171899621436
BMW,550 Gran Turismo i,2013,79341,Gasoline,445.0HP 4.4L 8 Cylinder Engine Gasoline Fuel,A/T,Gold,Brown,None reported,Yes,16800,9.729193687429403,11.281522901716324
Land Rover,Range Rover Sport HSE,2007,220000,Gasoline,300.0HP 4.4L 8 Cylinder Engine Gasoline Fuel,A/T,White,Beige,None reported,Yes,5750,8.657129031713755,12.301387370778713
BMW,430 i xDrive,2021,16900,Gasoline,255.0HP 2.0L 4 Cylinder Engine Gasoline Fuel,8-Speed A/T,Blue,White,None reported,Yes,43000,10.668978650219241,9.735128070758227
Porsche,Cayman Base,2007,75137,Gasoline,245.0HP 2.7L Flat 6 Cylinder Engine Gasoline Fuel,M/T,Black,Gray,At least 1 accident or damage reported,Yes,24999,10.126631103850338,11.227081701792088
Ford,Expedition Max King Ranch,2021,37594,Gasoline,3.5L V6 24V PDI DOHC Twin Turbo,10-Speed Automatic,Black,Mesa,None reported,Yes,62595,11.044456657283062,10.534626341812126
Rivian,R1S Adventure Package,2023,250,Gasoline,835.0HP Electric Motor Electric Fuel System,A/T,Red,Black,None reported,Yes,94000,11.451060699493427,5.5254529391317835
Mercedes-Benz,GLC 300 GLC 300,2021,12771,Gasoline,2.0 Liter Turbo,Automatic,Black,–,None reported,Yes,42598,10.659586057803535,9.455010553834672
Ford,Mustang Shelby GT500,2012,6400,Gasoline,550.0HP 5.4L 8 Cylinder Engine Gasoline Fuel,6-Speed M/T,Silver,Black,None reported,Yes,48000,10.778977123006351,8.764209507142004
Tesla,Model Y Long Range,2021,69548,Gasoline,425.0HP Electric Motor Electric Fuel System,1-Speed A/T,Black,Black,At least 1 accident or damage reported,Yes,36300,10.499600568082863,11.149786819103003
Nissan,370Z Base,2009,79893,Gasoline,332.0HP 3.7L V6 Cylinder Engine Gasoline Fuel,7-Speed A/T,Silver,Black,None reported,Yes,15900,9.674137279312397,11.288456035067346
Toyota,Sequoia Platinum,2014,124838,Gasoline,381.0HP 5.7L 8 Cylinder Engine Gasoline Fuel,A/T,Black,Gray,None reported,Yes,33000,10.404293143019792,11.73478018609951
Nissan,NV Passenger NV3500 HD SL V8,2020,14353,Gasoline,375.0HP 5.6L 8 Cylinder Engine Gasoline Fuel,A/T,Black,Gray,None reported,Yes,63900,11.065090289695444,9.571783927990017
Ford,Transit Connect XL w/Rear Symmetrical Doors,2022,22985,Gasoline,169.0HP 2.5L 4 Cylinder Engine Gasoline Fuel,A/T,White,Gray,None reported,Yes,33500,10.419330568113901,10.042640613928704
INFINITI,QX80 Base,2014,161894,Gasoline,400.0HP 5.6L 8 Cylinder Engine Gasoline Fuel,7-Speed A/T,White,Beige,None reported,Yes,18900,9.846970109700957,11.994703255927556
Aston Martin,V8 Vantage Base,2008,25025,Gasoline,380.0HP 4.3L 8 Cylinder Engine Gasoline Fuel,6-Speed A/T,White,Black,At least 1 accident or damage reported,Yes,39000,10.571342565808699,10.127670563425001
Porsche,911 Carrera S,2017,16701,Gasoline,3.0 Liter,–,Red,–,None reported,Yes,107998,11.58987724680423,9.723283751713176
Lotus,Evora 400 Base,2017,19650,Gasoline,400.0HP 3.5L V6 Cylinder Engine Gasoline Fuel,6-Speed M/T,Silver,Red,None reported,Yes,69250,11.145492864378536,9.885883506587767
Land Rover,Range Rover Velar P250 S R-Dynamic,2020,29500,Gasoline,247.0HP 2.0L 4 Cylinder Engine Gasoline Fuel,A/T,Red,White,None reported,Yes,45000,10.714439990727769,10.292179440058462
Nissan,Xterra S,2007,132272,Gasoline,261.0HP 4.0L V6 Cylinder Engine Gasoline Fuel,M/T,Gray,Gray,At least 1 accident or damage reported,Yes,6700,8.81001204797317,11.792623247642904
Dodge,Charger R/T,2012,122000,Gasoline,370.0HP 5.7L 8 Cylinder Engine Gasoline Fuel,5-Speed A/T,White,Black,At least 1 accident or damage reported,Yes,13500,9.510519035757246,11.711784520403112
Buick,Encore GX Essence,2022,18185,Gasoline,1.3L I3 12V GDI DOHC Turbo,Automatic CVT,Summit White,Whisper Beige,None reported,Yes,31755,10.365836962845004,9.808407346285858
Nissan,Leaf S,2018,56450,Gasoline,147.0HP Electric Motor Electric Fuel System,A/T,Black,Black,At least 1 accident or damage reported,Yes,13999,9.546812608597396,10.941128284212754
Nissan,Leaf SL,2012,102000,Gasoline,107.0HP Electric Motor Electric Fuel System,1-Speed A/T,Silver,Gray,None reported,Yes,4200,8.343077871169383,11.532737896139919
Jeep,Grand Wagoneer Series III,2022,18428,Gasoline,6.4 Liter,Automatic,Baltic Gray,Black,None reported,Yes,83998,11.338560172992684,9.821680789832037
Nissan,Z Proto Spec,2023,535,Gasoline,400.0HP 3.0L V6 Cylinder Engine Gasoline Fuel,6-Speed M/T,Yellow,Black,None reported,Yes,65990,11.097273648073832,6.284134161070802
Land Rover,Range Rover Sport HSE,2013,81648,Gasoline,"5L V-8 gasoline direct injection, DOHC, variable valve control,","Auto, 6-Spd w/CmdShft",Fuji White,–,None reported,Yes,15900,9.674137279312397,11.310184850926182
Porsche,Boxster S,2003,138202,Gasoline,3.2L H6 24V MPFI DOHC,6-Speed Manual,Silver,Black,At least 1 accident or damage reported,Yes,22550,10.023534689845578,11.836478897750142
Bentley,Continental GT Base,2004,69600,Gasoline,550.0HP 6.0L 12 Cylinder Engine Gasoline Fuel,A/T,Silver,Black,None reported,Yes,37900,10.542732775946709,11.150534214035387
Jaguar,F-TYPE R,2018,39900,Gasoline,550.0HP 5.0L 8 Cylinder Engine Gasoline Fuel,8-Speed A/T,White,Black,None reported,Yes,53600,10.889323003601277,10.594156665220533
Cadillac,Escalade ESV Sport,2021,36500,Gasoline,420.0HP 6.2L 8 Cylinder Engine Gasoline Fuel,Transmission w/Dual Shift Mode,White,Black,None reported,Yes,85000,11.350418300109132,10.505094936455558
Audi,TT 2.0T,2018,42650,Gasoline,220.0HP 2.0L 4 Cylinder Engine Gasoline Fuel,Transmission w/Dual Shift Mode,Gray,Black,None reported,Yes,31990,10.373209892223665,10.660805999303808
Jeep,Wrangler Unlimited Sahara,2020,68816,Gasoline,2.0L I4 16V GDI DOHC Turbo,8-Speed Automatic,Black Clearcoat,Black,None reported,Yes,35297,10.471581584092512,11.139206086422238
Audi,S6 4.0T,2016,91188,Gasoline,450.0HP 4.0L 8 Cylinder Engine Gasoline Fuel,7-Speed A/T,Black,Black,None reported,Yes,29995,10.30881931842128,11.420689554752878
GMC,Sierra 2500 SLE,2015,116210,E85 Flex Fuel,360.0HP 6.0L 8 Cylinder Engine Flex Fuel Capability,Transmission Overdrive Switch,Black,Beige,None reported,Yes,31900,10.370392636243981,11.663162783291332
Tesla,Model 3 Long Range,2022,3077,Gasoline,Dual Motor - Standard,Automatic,Silver,Black,None reported,Yes,44998,10.714395546283317,8.032035314398824
Mazda,CX-90 Premium,2024,3880,Gasoline,2.5L,8-Speed Automatic,Machine Gray Metallic,Black,None reported,Yes,52991,10.877896237744931,8.263848131368906
Ford,C-Max Energi SE,2017,67482,Plug-In Hybrid,188.0HP 2.0L 4 Cylinder Engine Plug-In Electric/Gas,CVT Transmission,Gray,Black,At least 1 accident or damage reported,Yes,11499,9.350102314351341,11.119630993288766
Cadillac,Escalade ESV Platinum,2018,67726,Gasoline,420.0HP 6.2L 8 Cylinder Engine Gasoline Fuel,10-Speed A/T,Black,Black,None reported,Yes,52000,10.859018228147887,11.123240197709581
Audi,TT 3.2 Cabriolet quattro,2008,207000,Gasoline,250.0HP 3.2L V6 Cylinder Engine Gasoline Fuel,6-Speed M/T,Black,Black,At least 1 accident or damage reported,Yes,10500,9.259225769705994,12.240478903153711
Hyundai,Santa Fe SE,2021,35550,Gasoline,2.5L I4 16V PDI DOHC,8-Speed Automatic,Twilight Black,Black,At least 1 accident or damage reported,Yes,25987,10.165390172000421,10.47872356423098
Mercedes-Benz,AMG GLE AMG GLE 63 S-Model 4MATIC,2016,44000,Gasoline,577.0HP 5.5L 8 Cylinder Engine Gasoline Fuel,7-Speed A/T,Black,Black,None reported,Yes,46599,10.749355820113736,10.691967639914864
Mercedes-Benz,SL-Class SL 550,2015,11249,Gasoline,429.0HP 4.7L 8 Cylinder Engine Gasoline Fuel,7-Speed A/T,White,Beige,None reported,Yes,54500,10.905974329106854,9.328123407632566
Acura,MDX 3.5L Technology Package,2014,111650,Gasoline,290.0HP 3.5L V6 Cylinder Engine Gasoline Fuel,6-Speed A/T,Green,Beige,At least 1 accident or damage reported,Yes,17500,9.770013301136158,11.623133213788876
RAM,2500 Laramie,2019,18526,Diesel,6.7L I6 24V DDI OHV Turbo Diesel,6-Speed Automatic,Pearl White,Black,None reported,Yes,67999,11.127262984158243,9.826984406550013
Audi,A7 Premium,2012,103272,Gasoline,310.0HP 3.0L V6 Cylinder Engine Gasoline Fuel,8-Speed A/T,Black,Brown,None reported,Yes,15500,9.648659816955295,11.545131246306447
BMW,M2 Base,2023,1160,Gasoline,453.0HP 3.0L Straight 6 Cylinder Engine Gasoline Fuel,6-Speed M/T,Gray,Black,None reported,Yes,73600,11.206413891581187,7.057036981697891
RAM,1500 Laramie,2019,107714,Gasoline,5.7L V8 16V MPFI OHV,8-Speed Automatic,Diamond Black,Black,None reported,Yes,34918,10.460786372659188,11.587244129212527
Audi,Q5 2.0T Premium Plus,2013,111773,Gasoline,211.0HP 2.0L 4 Cylinder Engine Gasoline Fuel,8-Speed A/T,Brown,Beige,None reported,Yes,17000,9.741027444837728,11.624234254517763
Cadillac,XTS Luxury,2019,54002,Gasoline,304.0HP 3.6L V6 Cylinder Engine Gasoline Fuel,A/T,Black,Beige,At least 1 accident or damage reported,Yes,22500,10.021315031649332,10.896794879558815
Volkswagen,Jetta 1.4T SE,2016,87000,Gasoline,150.0HP 1.4L 4 Cylinder Engine Gasoline Fuel,Transmission w/Dual Shift Mode,Gray,Gray,At least 1 accident or damage reported,Yes,13000,9.472781556562168,11.373674891823535
Ford,Focus RS Base,2016,49700,Gasoline,350.0HP 2.3L 4 Cylinder Engine Gasoline Fuel,6-Speed M/T,Blue,Black,None reported,Yes,31700,10.36410350510914,10.813780332606648
Mercedes-Benz,AMG C 63 S,2017,34500,Gasoline,503.0HP 4.0L 8 Cylinder Engine Gasoline Fuel,7-Speed A/T,Gray,Black,None reported,Yes,64600,11.075985169527042,10.448743588106625
Ford,Bronco Sport Big Bend,2021,31729,Gasoline,1.5L I3 12V PDI DOHC Turbo,8-Speed Automatic,Maroon,Medium Dark Slate,At least 1 accident or damage reported,Yes,29614,10.296036268711065,10.365017884577242
Jeep,Gladiator Overland,2021,7388,Gasoline,3.6L V6 24V MPFI DOHC,8-Speed Automatic,Firecracker Red Clearcoat,Black,None reported,Yes,43663,10.68427924294812,8.907747686788648
BMW,330e iPerformance,2017,41550,Plug-In Hybrid,247.0HP 2.0L 4 Cylinder Engine Plug-In Electric/Gas,Transmission w/Dual Shift Mode,Silver,Black,None reported,Yes,20995,9.95208722237219,10.634676867382668
Mercedes-Benz,GLC 300 Base 4MATIC,2018,44486,Gasoline,2.0L I4 16V GDI DOHC Turbo,9-Speed Automatic,Gray,Black,None reported,Yes,25625,10.151362740069521,10.702952290643179
Acura,MDX 3.7L Advance,2013,20750,Gasoline,300.0HP 3.7L V6 Cylinder Engine Gasoline Fuel,6-Speed A/T,Black,Black,None reported,Yes,33000,10.404293143019792,9.940349717268694
Genesis,G70 3.3T,2022,12000,Gasoline,365.0HP 3.3L V6 Cylinder Engine Gasoline Fuel,8-Speed A/T,Green,Beige,None reported,Yes,41000,10.62135173563291,9.392745258631441
Lexus,LX 570 Three-Row,2021,14206,Gasoline,383.0HP 5.7L 8 Cylinder Engine Gasoline Fuel,A/T,Black,Black,None reported,Yes,98000,11.49273296168228,9.561490079872078
Jeep,Grand Cherokee L Limited,2022,31700,Gasoline,293.0HP 3.6L V6 Cylinder Engine Gasoline Fuel,A/T,Gray,Black,None reported,Yes,43500,10.680539205318292,10.36410350510914
Hyundai,IONIQ Plug-In Hybrid SEL,2022,13044,Plug-In Hybrid,139.0HP 1.6L 4 Cylinder Engine Plug-In Electric/Gas,A/T,Blue,Gray,At least 1 accident or damage reported,Yes,24999,10.126631103850338,9.47616019757083
Kia,Sportage LX,2009,100730,Gasoline,173.0HP 2.7L V6 Cylinder Engine Gasoline Fuel,A/T,Gold,Gold,None reported,Yes,6975,8.850230965588816,11.520208876416488
BMW,X5 PHEV xDrive45e,2023,5338,Plug-In Hybrid,389.0HP 3.0L Straight 6 Cylinder Engine Plug-In Electric/Gas,8-Speed A/T,Blue,White,None reported,Yes,76500,11.245059091624615,8.582793648500186
Ford,Expedition EL XLT,2014,85149,Gasoline,5.4 Liter,Automatic,Oxford White,Camel Leather,None reported,Yes,23598,10.06895961723459,11.352169686090834
BMW,X6 M Base,2018,48291,Gasoline,567.0HP 4.4L 8 Cylinder Engine Gasoline Fuel,Transmission w/Dual Shift Mode,Gray,Brown,None reported,Yes,67250,11.116187167242005,10.785021194452279
Volkswagen,Eurovan MV,2001,111887,Gasoline,140.0HP 2.8L V6 Cylinder Engine Gasoline Fuel,A/T,Blue,Gray,None reported,Yes,14000,9.546884034617925,11.625253649943648
Rolls-Royce,Ghost Base,2010,79000,Gasoline,563.0HP 6.6L 12 Cylinder Engine Gasoline Fuel,8-Speed A/T,Silver,Black,None reported,Yes,69000,11.141876276228,11.277215789596893
Lincoln,Navigator Reserve,2016,125000,Gasoline,380.0HP 3.5L V6 Cylinder Engine Gasoline Fuel,Transmission w/Dual Shift Mode,Gray,Beige,None reported,Yes,26500,10.184937747111391,11.736077016252437
Mercedes-Benz,GLA 250 Base 4MATIC,2022,13777,Gasoline,221.0HP 2.0L 4 Cylinder Engine Gasoline Fuel,8-Speed A/T,Black,Black,At least 1 accident or damage reported,Yes,39777,10.591069274623191,9.530828396153142
RAM,1500 Big Horn,2022,14920,Gasoline,3.6L V6 24V MPFI DOHC,Automatic,Diamond Black,Black,None reported,Yes,41741,10.639263095151696,9.610524895640422
Jeep,Grand Cherokee L Summit,2022,14627,Gasoline,3.6L V6 24V MPFI DOHC,Automatic,Diamond Black,Tupelo,None reported,Yes,56740,10.946252332458506,9.590692779269272
Volvo,S80 3.2,2010,90050,Gasoline,235.0HP 3.2L Straight 6 Cylinder Engine Gasoline Fuel,A/T,Brown,Beige,None reported,Yes,5800,8.665785595466064,11.408131455484142
Subaru,BRZ Premium,2014,45000,Gasoline,200.0HP 2.0L 4 Cylinder Engine Gasoline Fuel,6-Speed M/T,Blue,Black,At least 1 accident or damage reported,Yes,25000,10.12667110305036,10.714439990727769
Hummer,H2 SUT,2006,89900,Gasoline,325.0HP 6.0L 8 Cylinder Engine Gasoline Fuel,4-Speed A/T,Red,Beige,None reported,Yes,29994,10.308785980087194,11.40646434386837
Audi,RS 7 4.0T,2021,14724,Hybrid,4.0 Liter TFSI,Automatic,Glacier White,Black/Red,None reported,Yes,101998,11.532718288296781,9.597302008519787
Ford,Edge Sport,2011,132000,Gasoline,305.0HP 3.7L V6 Cylinder Engine Gasoline Fuel,Transmission w/Dual Shift Mode,Black,Black,At least 1 accident or damage reported,Yes,10999,9.305650551780507,11.790564777297387
GMC,Terrain SLT,2010,32652,Gasoline,182.0HP 2.4L 4 Cylinder Engine Gasoline Fuel,6-Speed A/T,Red,Brown,None reported,Yes,6500,8.77971129020447,10.393692014097626
Land Rover,Range Rover 5.0L Supercharged Autobiography LWB,2018,36632,Gasoline,518.0HP 5.0L 8 Cylinder Engine Gasoline Fuel,8-Speed A/T,Blue,Blue,None reported,Yes,72567,11.19227933229478,10.508704752501131
Jeep,Grand Cherokee WK Laredo X,2022,11164,Gasoline,293.0HP 3.6L V6 Cylinder Engine Gasoline Fuel,8-Speed A/T,Black,Black,None reported,Yes,37500,10.53212287826962,9.320539164274258
BMW,M4 Base,2020,22655,Gasoline,425.0HP 3.0L Straight 6 Cylinder Engine Gasoline Fuel,7-Speed A/T,Silver,Black,None reported,Yes,63999,11.06663836234181,10.028179996493446
Mercedes-Benz,AMG GT 63 S 4-Door,2019,9500,Gasoline,630.0HP 4.0L 8 Cylinder Engine Gasoline Fuel,Transmission w/Dual Shift Mode,Gray,Gray,None reported,Yes,135000,11.813037464800539,9.15915233520675
Chevrolet,Camaro 1LT,2021,10300,Gasoline,335.0HP 3.6L V6 Cylinder Engine Gasoline Fuel,M/T,Black,Black,None reported,Yes,29900,10.305647203635566,9.239996256883693
BMW,X6 M Base,2018,48000,Gasoline,567.0HP 4.4L 8 Cylinder Engine Gasoline Fuel,8-Speed A/T,Blue,Black,None reported,Yes,54000,10.896757843893464,10.778977123006351
Mercedes-Benz,CLK-Class 550,2007,138000,Gasoline,382.0HP 5.5L 8 Cylinder Engine Gasoline Fuel,7-Speed A/T,Silver,Black,At least 1 accident or damage reported,Yes,10000,9.210440366976517,11.835016210489899
RAM,1500 TRX,2022,24058,Gasoline,"HEMI 6.2L V-8 intercooled supercharger, premium unleaded, engine","Automatic, 8-Spd",Flame Red Clearcoat,BLACK,None reported,Yes,81900,11.313266479778829,10.088264425905146
Audi,RS 7 4.0T Prestige,2016,31500,Gasoline,560.0HP 4.0L 8 Cylinder Engine Gasoline Fuel,8-Speed A/T,Gray,Black,None reported,Yes,67000,11.112462823634855,10.357774570341576
Porsche,Macan S,2020,19701,Gasoline,3.0 Liter,Automatic,–,–,None reported,Yes,55998,10.933089112414988,9.888475432415625
Genesis,GV70 3.5T Sport,2022,10200,Gasoline,375.0HP 3.5L V6 Cylinder Engine Gasoline Fuel,A/T,White,Black,None reported,Yes,50500,10.829748417047593,9.23024103368252
Aston Martin,V8 Vantage Base,2008,62378,Gasoline,380.0HP 4.3L 8 Cylinder Engine Gasoline Fuel,M/T,Red,Beige,At least 1 accident or damage reported,Yes,33995,10.433998149618517,11.040983959254204
Nissan,350Z Touring,2006,84200,Gasoline,300.0HP 3.5L V6 Cylinder Engine Gasoline Fuel,6-Speed M/T,Silver,Gray,None reported,Yes,10200,9.23024103368252,11.340962076644454
Toyota,Sequoia SR5,2013,138700,E85 Flex Fuel,381.0HP 5.7L 8 Cylinder Engine Flex Fuel Capability,A/T,White,Gray,At least 1 accident or damage reported,Yes,18800,9.841665338892785,11.840075816082267
Chevrolet,Tahoe Premier,2021,41050,Gasoline,355.0HP 5.3L 8 Cylinder Engine Gasoline Fuel,10-Speed A/T,Gray,Gray,None reported,Yes,62900,11.049317340813348,10.622570475119794
Jeep,Compass Limited,2020,39192,Gasoline,2.4L I4 16V MPFI SOHC,9-Speed Automatic,White Clearcoat,Black,None reported,Yes,24590,10.11013580132114,10.576253438404207
BMW,430 430i,2022,7758,Gasoline,2.0 Liter Turbo,Automatic,Black,Black,None reported,Yes,47998,10.778935456339678,8.95660873889395
Ford,Bronco Sport Outer Banks,2021,31654,Gasoline,1.5L I3 12V PDI DOHC Turbo,8-Speed Automatic,Rapid Red Metallic Tinted Clearcoat,Navy Pier,None reported,Yes,33410,10.41664046606121,10.362651392978227
Mercedes-Benz,AMG C 63 Base,2017,63000,Gasoline,469.0HP 4.0L 8 Cylinder Engine Gasoline Fuel,A/T,White,Black,At least 1 accident or damage reported,Yes,42000,10.645448706505872,11.050905878263567
Volvo,S40 T5,2005,257700,Gasoline,218.0HP 2.5L 5 Cylinder Engine Gasoline Fuel,6-Speed M/T,Red,Beige,None reported,Yes,3550,8.174984532943087,12.459555277114108
Mercedes-Benz,GLE 350 Base 4MATIC,2017,57000,Gasoline,302.0HP 3.5L V6 Cylinder Engine Gasoline Fuel,7-Speed A/T,White,Black,At least 1 accident or damage reported,Yes,29500,10.292179440058462,10.950824090522445
Chevrolet,Silverado 1500 1LT,2017,89000,Gasoline,355.0HP 5.3L 8 Cylinder Engine Gasoline Fuel,6-Speed A/T,Gray,Gray,None reported,Yes,29999,10.308952660644293,11.39640288460621
Chevrolet,Tahoe LTZ,2015,134500,Gasoline,355.0HP 5.3L 8 Cylinder Engine Gasoline Fuel,A/T,Black,Black,None reported,Yes,28000,10.239995502805316,11.80932691294063
Acura,MDX Technology,2022,15895,Gasoline,3.5L V6 24V GDI SOHC,10-Speed Automatic,Majestic Black Pearl,Parchment,None reported,Yes,47950,10.777934935151473,9.673822784231653
Bentley,Bentayga Speed,2020,15109,Gasoline,6.0L W12 48V PDI DOHC Twin Turbo,8-Speed Automatic,Ice,Beluga Hide,None reported,Yes,162950,12.001204821098673,9.623112055266786
Rolls-Royce,Cullinan,2022,398,Gasoline,6.7L V12 48V GDI DOHC Twin Turbo,8-Speed Automatic,Silver,Charles Blue,None reported,Yes,695000,13.451668563394815,5.988961416889864
Genesis,GV70 2.5T,2022,20319,Gasoline,300.0HP 2.5L 4 Cylinder Engine Gasoline Fuel,Transmission w/Dual Shift Mode,White,Black,None reported,Yes,44249,10.697610650436076,9.919360901692418
Lexus,GX 460 Base,2021,40906,Gasoline,4.6 Liter,Automatic,Black,Black,None reported,Yes,51998,10.85897976660942,10.619056476530803
BMW,ALPINA B7 ALPINA B7 xDrive,2020,33749,Gasoline,4.4 Liter Twin Turbo,Automatic,Blue,Red,None reported,Yes,85998,11.362090947261063,10.426735696300677
BMW,M4 Competition xDrive,2023,1120,Gasoline,503.0HP 3.0L Straight 6 Cylinder Engine Gasoline Fuel,8-Speed A/T,Gray,White,None reported,Yes,92900,11.439289689006644,7.02197642307216
Jeep,Grand Cherokee L Limited,2021,26088,Gasoline,3.6L V6 24V MPFI DOHC,8-Speed Automatic,Silver Zynith,Global Black,None reported,Yes,38383,10.555395985079477,10.169269048534572
Kia,Forte GT-Line,2022,14950,Gasoline,147.0HP 2.0L 4 Cylinder Engine Gasoline Fuel,A/T,Silver,Gray,At least 1 accident or damage reported,Yes,24000,10.085850775128717,9.612533466213927
Kia,Forte LX,2018,47466,Gasoline,"2L I-4 DOHC, D-CVVT variable valve control, engine with 147HP",Automatic,Silky Silver,Black,None reported,Yes,14699,9.595602772766828,10.767790011739155
BMW,X6 M Base,2022,10376,Gasoline,4.4L V8 32V GDI DOHC Twin Turbo,8-Speed Automatic,Ametrin Metallic,Black,None reported,Yes,98900,11.501874628783144,9.247347097605278
RAM,ProMaster 3500 High Roof,2021,18500,Gasoline,280.0HP 3.6L V6 Cylinder Engine Gasoline Fuel,A/T,White,Black,None reported,Yes,41950,10.6442575495135,9.825580063659602
Volkswagen,Atlas Cross Sport 3.6L V6 SEL Premium,2021,24596,Gasoline,3.6L V6 24V GDI DOHC,8-Speed Automatic,Deep Black Pearl Effect,Titan Black / Quarzit,None reported,Yes,38322,10.553805517120653,10.110379763264287
Hyundai,Santa Fe SEL,2021,2905,Gasoline,2.5L I4 16V PDI DOHC,8-Speed Automatic,Shimmering Silver,Black,None reported,Yes,27599,10.225571051705241,7.974532844130228
Jaguar,XF 3.0 Portfolio,2015,71290,Gasoline,340.0HP 3.0L V6 Cylinder Engine Gasoline Fuel,A/T,Brown,Black,At least 1 accident or damage reported,Yes,21000,9.952325334619427,11.174525371226087
Audi,A7 55 Premium Plus,2022,15000,Hybrid,335.0HP 3.0L V6 Cylinder Engine Gasoline/Mild Electric Hybrid,A/T,Gray,Black,None reported,Yes,63000,11.050905878263567,9.61587214452889
INFINITI,QX30 Premium,2017,37900,Gasoline,208.0HP 2.0L 4 Cylinder Engine Gasoline Fuel,7-Speed A/T,Gray,Black,None reported,Yes,22000,9.99884318585288,10.542732775946709
Mercedes-Benz,AMG G 63 4MATIC,2022,2000,Gasoline,577.0HP 4.0L 8 Cylinder Engine Gasoline Fuel,Transmission w/Dual Shift Mode,Black,Black,None reported,Yes,244896,12.40859299296731,7.601402334583733
Mercedes-Benz,AMG C 43 AMG C 43 4MATIC,2019,32500,Gasoline,385.0HP 3.0L V6 Cylinder Engine Gasoline Fuel,9-Speed A/T,Black,Black,None reported,Yes,43500,10.680539205318292,10.389026137075234
Mitsubishi,Lancer Evolution Base,2003,61491,Gasoline,271.0HP 2.0L 4 Cylinder Engine Gasoline Fuel,5-Speed M/T,Blue,Black,At least 1 accident or damage reported,Yes,28000,10.239995502805316,11.02666236403249
Jeep,Wrangler Unlimited Sport,2013,77634,Gasoline,3.6L V6 24V MPFI DOHC,5-Speed Automatic,Gecko Pearlcoat,Black,None reported,Yes,24590,10.11013580132114,11.25977363541527
Audi,A3 2.0 TDI Premium Plus,2015,83000,Diesel,150.0HP 2.0L 4 Cylinder Engine Diesel Fuel,6-Speed A/T,Black,Black,At least 1 accident or damage reported,Yes,18999,9.852194258148577,11.326607934898927
Volkswagen,Jetta GLX VR6,2002,121800,Gasoline,174.0HP 2.8L V6 Cylinder Engine Gasoline Fuel,5-Speed M/T,Black,Black,None reported,Yes,4300,8.366602832783736,11.710143844404854
BMW,ALPINA B7 ALPINA B7 xDrive,2020,65852,Gasoline,4.4 Liter Twin Turbo,Automatic,Black,Mocha,None reported,Yes,68998,11.141847290720753,11.09518026422025
Bentley,Bentayga Azure First Edition,2023,1335,Gasoline,4.0L V8 32V GDI DOHC Twin Turbo,8-Speed Automatic,Onyx,Portland,None reported,Yes,272950,12.517047570877859,7.197435354096591
Mercedes-Benz,CLA-Class CLA 250,2014,83315,Gasoline,208.0HP 2.0L 4 Cylinder Engine Gasoline Fuel,A/T,White,White,None reported,Yes,15000,9.61587214452889,11.330395886541273
BMW,i8 Base,2019,18421,Plug-In Hybrid,369.0HP 1.5L 3 Cylinder Engine Plug-In Electric/Gas,6-Speed A/T,Black,Black,None reported,Yes,85000,11.350418300109132,9.821300881548181
Lexus,CT 200h Premium,2015,101000,Hybrid,134.0HP 1.8L 4 Cylinder Engine Gas/Electric Hybrid,A/T,Black,Black,At least 1 accident or damage reported,Yes,16500,9.711176264112805,11.522885696764481
Toyota,Tundra SR5,2022,29322,Gasoline,3.4L V6 24V PDI DOHC Twin Turbo,10-Speed Automatic,Gray,Black,None reported,Yes,44999,10.714417768752456,10.286127470002349
Mercedes-Benz,SLC 300 Base,2019,23900,Gasoline,241.0HP 2.0L 4 Cylinder Engine Gasoline Fuel,9-Speed A/T,White,Black,None reported,Yes,35999,10.491274217438248,10.081675578048475
Mercedes-Benz,AMG C AMG C 63 S,2016,40515,Gasoline,4.0L V8 32V GDI DOHC Twin Turbo,7-Speed Automatic,Black,Black,At least 1 accident or damage reported,Unknown,47999,10.778956289890028,10.609452236806687
Ford,F-150 XLT,2020,67516,Gasoline,3.5L V6 24V PDI DOHC Twin Turbo,Automatic,Gray,Medium Light Camel,None reported,Yes,36994,10.518538047359652,11.120134697003119
Mazda,CX-9 Grand Touring,2010,155000,Gasoline,273.0HP 3.7L V6 Cylinder Engine Gasoline Fuel,6-Speed A/T,Silver,Black,None reported,Yes,8300,9.024131268455035,11.951186847493476
Honda,Ridgeline RTL-E,2019,26998,Gasoline,3.5L V6 24V GDI SOHC,6-Speed Automatic,Black,Black,None reported,Yes,35557,10.478920445076517,10.203555107263542
Bentley,Bentayga Onyx Edition,2018,18500,Gasoline,600.0HP 6.0L 12 Cylinder Engine Gasoline Fuel,8-Speed A/T,Black,Brown,None reported,Yes,115000,11.652696102959753,9.825580063659602
MINI,Cooper S Clubman Base,2009,137600,Gasoline,172.0HP 1.6L 4 Cylinder Engine Gasoline Fuel,6-Speed M/T,Gold,Black,None reported,Yes,6880,8.83651926920248,11.832113471896832
Nissan,Murano SL,2005,125500,Gasoline,245.0HP 3.5L V6 Cylinder Engine Gasoline Fuel,CVT Transmission,Black,Beige,None reported,Yes,3950,8.281723990411392,11.74006900564972
Bentley,Bentayga V8,2019,22039,Gasoline,542.0HP 4.0L 8 Cylinder Engine Gasoline Fuel,8-Speed A/T,White,Black,None reported,Yes,113990,11.643874776891703,10.00061426326685
Nissan,Juke SV,2011,137483,Gasoline,188.0HP 1.6L 4 Cylinder Engine Gasoline Fuel,CVT Transmission,White,Gray,None reported,Yes,3200,8.071218539969863,11.831262825681627
Ford,Expedition Max Limited,2019,67500,Gasoline,375.0HP 3.5L V6 Cylinder Engine Gasoline Fuel,10-Speed A/T,Gray,Black,None reported,Yes,40500,10.609081944147828,11.119897691565697
Ford,Expedition Max King Ranch,2020,52000,Gasoline,375.0HP 3.5L V6 Cylinder Engine Gasoline Fuel,10-Speed A/T,Gray,Brown,At least 1 accident or damage reported,Yes,53722,10.891596494200753,10.859018228147887
Lamborghini,Murcielago Base,2006,10000,Gasoline,571.0HP 6.2L 12 Cylinder Engine Gasoline Fuel,A/T,Red,Black,None reported,Yes,259000,12.464587201678082,9.210440366976517
Chevrolet,Suburban LT,2017,195361,Gasoline,355.0HP 5.3L 8 Cylinder Engine Gasoline Fuel,Transmission Overdrive Switch,Black,Black,At least 1 accident or damage reported,Yes,26000,10.165890277802454,12.182609526802366
Bentley,Bentayga Onyx Edition,2018,32500,Gasoline,600.0HP 6.0L 12 Cylinder Engine Gasoline Fuel,A/T,Black,Beige,At least 1 accident or damage reported,Yes,103000,11.542493975902508,10.389026137075234
BMW,M760 i xDrive,2019,14806,Gasoline,601.0HP 6.6L 12 Cylinder Engine Gasoline Fuel,Transmission w/Dual Shift Mode,Black,Black,At least 1 accident or damage reported,Yes,81330,11.306282526671115,9.602855320908718
Genesis,GV70 2.5T,2022,11000,Gasoline,300.0HP 2.5L 4 Cylinder Engine Gasoline Fuel,A/T,White,–,At least 1 accident or damage reported,Yes,48950,10.79857507675918,9.305741456739435
Chevrolet,Tahoe LT,2011,92530,E85 Flex Fuel,320.0HP 5.3L 8 Cylinder Engine Flex Fuel Capability,A/T,Red,Black,At least 1 accident or damage reported,Yes,18500,9.825580063659602,11.435299002490416
Dodge,Durango GT,2017,34845,Gasoline,295.0HP 3.6L V6 Cylinder Engine Gasoline Fuel,A/T,White,Black,At least 1 accident or damage reported,Yes,30000,10.308985993422082,10.45869363198285
Porsche,718 Cayman GTS,2018,16280,Gasoline,365.0HP 2.5L 4 Cylinder Engine Gasoline Fuel,Transmission w/Dual Shift Mode,Red,Black,None reported,Yes,85500,11.356283350762888,9.697754062731514
Porsche,Cayman Base,2011,77000,Gasoline,265.0HP 2.9L Flat 6 Cylinder Engine Gasoline Fuel,A/T,Red,Beige,None reported,Yes,32000,10.373522431293592,11.251573687764477
Porsche,Panamera Turbo,2010,63000,Gasoline,500.0HP 4.8L 8 Cylinder Engine Gasoline Fuel,7-Speed A/T,Black,Beige,At least 1 accident or damage reported,Yes,38500,10.55843949396453,11.050905878263567
Lexus,ES 350 Base,2016,39700,Gasoline,268.0HP 3.5L V6 Cylinder Engine Gasoline Fuel,6-Speed A/T,White,Beige,None reported,Yes,25500,10.146472946063877,10.589131655274922
Kia,Optima Hybrid LX,2013,103111,Hybrid,199.0HP 2.4L 4 Cylinder Engine Gas/Electric Hybrid,A/T,Silver,Beige,At least 1 accident or damage reported,Yes,9200,9.127067452782361,11.543571055084616
Land Rover,Range Rover Velar R-Dynamic SE,2019,75897,Gasoline,2.0 Liter,Automatic,Black,Black,None reported,Yes,35998,10.49124643927466,11.237145612575409
Jaguar,XF S,2017,55000,Gasoline,380.0HP 3.0L V6 Cylinder Engine Gasoline Fuel,Transmission w/Dual Shift Mode,Gray,Red,None reported,Yes,34000,10.434145214930487,10.915106645867503
Lexus,GX 470 Base,2005,114000,Gasoline,270.0HP 4.7L 8 Cylinder Engine Gasoline Fuel,A/T,Silver,Gray,At least 1 accident or damage reported,Yes,13450,9.506808731708581,11.643962499267984
Mercedes-Benz,GL-Class GL 550,2011,80124,Gasoline,382.0HP 5.5L 8 Cylinder Engine Gasoline Fuel,7-Speed A/T,Black,Black,None reported,Yes,17500,9.770013301136158,11.291343194222971
BMW,X6 M Base,2023,7000,Gasoline,600.0HP 4.4L 8 Cylinder Engine Gasoline Fuel,Transmission w/Dual Shift Mode,Gray,Gray,None reported,Yes,144900,11.88380602959621,8.853808274977197
RAM,1500 Longhorn,2023,4285,Gasoline,5.7L V8 16V MPFI OHV,Automatic,Delmonico Red Pearlcoat,Black / Saddle,None reported,Yes,65688,11.092686762753445,8.363109176033522
Lamborghini,Huracan LP580-2S,2019,17175,Gasoline,5.2L V10 40V GDI DOHC,7-Speed Automatic with Auto-Shift,Rosso Mars Metallic,Nero Ade,None reported,Yes,234900,12.366919427768636,9.751268339558617
Toyota,Highlander Hybrid Limited Platinum,2017,34049,Hybrid,3.5L V6 24V PDI DOHC Hybrid,Automatic CVT,Shoreline Blue Pearl,Ash,None reported,Yes,37999,10.545341438708522,10.435585311577658
Audi,e-tron Prestige,2019,16000,Gasoline,355.0HP Electric Motor Electric Fuel System,A/T,White,Beige,At least 1 accident or damage reported,Yes,39990,10.596409707779776,9.680406499268875
Land Rover,Range Rover Velar SVAutobiography Dynamic Edition,2020,59355,Gasoline,V8,Automatic,Santorini Black,Ebony / Pimento,None reported,Yes,72995,11.198159924108706,10.991308490126016
Chevrolet,Bolt EUV Premier,2022,31000,Gasoline,200.0HP Electric Motor Electric Fuel System,1-Speed A/T,Red,White,None reported,Yes,36000,10.491301994830229,10.34177474101152
BMW,M240 i,2019,19300,Gasoline,335.0HP 3.0L Straight 6 Cylinder Engine Gasoline Fuel,8-Speed A/T,White,Red,None reported,Yes,36000,10.491301994830229,9.867912187022208
Cadillac,Escalade EXT Base,2009,155000,E85 Flex Fuel,403.0HP 6.2L 8 Cylinder Engine Flex Fuel Capability,6-Speed A/T,Red,Beige,At least 1 accident or damage reported,Yes,16900,9.735128070758227,11.951186847493476
Scion,tC Release Series 6.0,2010,120010,Gasoline,161.0HP 2.4L 4 Cylinder Engine Gasoline Fuel,4-Speed A/T,Gray,Black,At least 1 accident or damage reported,Yes,6500,8.77971129020447,11.695338684229718
Kia,Optima EX,2012,152520,Gasoline,200.0HP 2.4L 4 Cylinder Engine Gasoline Fuel,6-Speed A/T,White,Beige,None reported,Yes,10900,9.296609807128359,11.935057570467185
Maserati,Quattroporte Base,2005,32000,Gasoline,394.0HP 4.2L 8 Cylinder Engine Gasoline Fuel,Transmission w/Dual Shift Mode,Red,Beige,At least 1 accident or damage reported,Yes,2954083,14.898699177688124,10.373522431293592
Porsche,Panamera Turbo,2015,47000,Gasoline,520.0HP 4.8L 8 Cylinder Engine Gasoline Fuel,Transmission w/Dual Shift Mode,Black,Brown,None reported,Yes,50000,10.819798284210286,10.757924157061597
Genesis,G70 2.0T,2023,2046,Gasoline,252.0HP 2.0L 4 Cylinder Engine Gasoline Fuel,8-Speed A/T,Green,Gray,None reported,Yes,43499,10.680516217076775,7.624130585661289
Chevrolet,Trailblazer LS,2021,24965,Gasoline,1.2L I3 12V GDI DOHC Turbo,Automatic CVT,Mosaic Black Metallic,Jet Black,At least 1 accident or damage reported,Yes,22995,10.043075566743182,10.125270178210997
Toyota,Camry LE,2005,108000,Gasoline,160.0HP 2.4L 4 Cylinder Engine Gasoline Fuel,5-Speed A/T,Beige,Gray,None reported,Yes,7850,8.968396191198256,11.58989576532275
Toyota,Sienna LE,2015,76000,Gasoline,266.0HP 3.5L V6 Cylinder Engine Gasoline Fuel,A/T,Red,Gray,None reported,Yes,18300,9.814710982145282,11.23850177707664
Porsche,911 Carrera S,2014,30000,Gasoline,400.0HP 3.8L Flat 6 Cylinder Engine Gasoline Fuel,7-Speed A/T,Black,Brown,None reported,Yes,78500,11.270866642542865,10.308985993422082
Volvo,V60 T6 R-Design Platinum,2015,59271,Gasoline,325.0HP 3.0L Straight 6 Cylinder Engine Gasoline Fuel,6-Speed A/T,Blue,Black,None reported,Yes,29900,10.305647203635566,10.989892298096493
Lexus,LX 600 Premium,2023,1500,Gasoline,409.0HP 3.4L V6 Cylinder Engine Gasoline Fuel,10-Speed A/T,Gray,Black,None reported,Yes,119500,11.691080018519527,7.313886831633462
BMW,330e iPerformance,2017,52500,Plug-In Hybrid,247.0HP 2.0L 4 Cylinder Engine Plug-In Electric/Gas,Transmission w/Dual Shift Mode,Blue,Black,At least 1 accident or damage reported,Yes,24950,10.124669180536797,10.868587496017359
Tesla,Model Y Long Range,2020,23100,Gasoline,425.0HP Electric Motor Electric Fuel System,A/T,Blue,White,None reported,Yes,36495,10.50495794452417,10.047631185616188
FIAT,124 Spider Abarth,2017,45000,Gasoline,164.0HP 1.4L 4 Cylinder Engine Gasoline Fuel,6-Speed M/T,Gray,Black,At least 1 accident or damage reported,Yes,22500,10.021315031649332,10.714439990727769
Dodge,Ram 1500 Quad Cab,2002,179000,Gasoline,245.0HP 5.9L 8 Cylinder Engine Gasoline Fuel,A/T,Black,Black,At least 1 accident or damage reported,Yes,6500,8.77971129020447,12.095146671399466
Toyota,Supra A91-MT Edition,2023,1500,Gasoline,382.0HP 3.0L Straight 6 Cylinder Engine Gasoline Fuel,6-Speed M/T,Gray,Orange,None reported,Yes,84900,11.349241150793087,7.313886831633462
BMW,X7 xDrive40i,2022,38671,Hybrid,3.0 Liter Turbo,Automatic,Gray,Blk,None reported,Yes,66998,11.112432972888584,10.562871102943264
Jeep,Wrangler Unlimited X,2007,135465,Gasoline,205.0HP 3.8L V6 Cylinder Engine Gasoline Fuel,A/T,Black,Gray,None reported,Yes,15750,9.664659134301736,11.816475965306347
MINI,Countryman Cooper S ALL4,2014,79000,Gasoline,181.0HP 1.6L 4 Cylinder Engine Gasoline Fuel,Transmission w/Dual Shift Mode,White,Black,None reported,Yes,17000,9.741027444837728,11.277215789596893
Nissan,Maxima SV,2012,42259,Gasoline,290.0HP 3.5L V6 Cylinder Engine Gasoline Fuel,CVT Transmission,Black,Black,At least 1 accident or damage reported,Yes,17000,9.741027444837728,10.651596291170048
Toyota,Camry Solara SLE V6,2006,159890,Gasoline,225.0HP 3.3L V6 Cylinder Engine Gasoline Fuel,A/T,Blue,Gray,At least 1 accident or damage reported,Yes,6500,8.77971129020447,11.982247612059739
Maserati,Grecale Modena,2023,2200,Hybrid,325.0HP 2.0L 4 Cylinder Engine Gasoline/Mild Electric Hybrid,Transmission w/Dual Shift Mode,Black,Red,None reported,Yes,75000,11.225256725762893,7.696667081526462
Lexus,RX 450h Base,2022,15833,Hybrid,308.0HP 3.5L V6 Cylinder Engine Gas/Electric Hybrid,CVT Transmission,White,Beige,None reported,Yes,52000,10.859018228147887,9.669914805731379
BMW,328 i xDrive,2013,96000,Gasoline,240.0HP 2.0L 4 Cylinder Engine Gasoline Fuel,Transmission w/Dual Shift Mode,Black,Black,At least 1 accident or damage reported,Yes,13500,9.510519035757246,11.472113887062386
BMW,135 i,2009,72900,Gasoline,300.0HP 3.0L Straight 6 Cylinder Engine Gasoline Fuel,6-Speed A/T,Gray,Gray,None reported,Yes,15500,9.648659816955295,11.196857635323791
BMW,X7 M50i,2021,7121,Gasoline,4.4 Liter Twin Turbo,Automatic,Gray,Black,None reported,Yes,94998,11.461621644211487,8.870943863837724
Hyundai,Tucson Hybrid SEL Convenience,2023,3402,Hybrid,226.0HP 1.6L 4 Cylinder Engine Gas/Electric Hybrid,A/T,White,Black,None reported,Yes,44000,10.691967639914864,8.132412674500905
Volvo,C30 T5 Premier Plus,2013,73000,Gasoline,227.0HP 2.5L 5 Cylinder Engine Gasoline Fuel,A/T,Silver,Black,None reported,Yes,13900,9.539716058977092,11.19822841866684
Karma,Revero Base,2018,21000,Gasoline,403.0HP 2.0L Electric Motor Electric Fuel System,A/T,White,Black,None reported,Yes,51000,10.839600519357369,9.952325334619427
BMW,X7 xDrive40i,2021,30309,Hybrid,3.0 Liter Turbo,Automatic,Blue,Tan,None reported,Yes,63598,11.06035302593416,10.319232970051848
Ford,Mustang Mach-E California Route 1,2021,24000,Gasoline,290.0HP Electric Motor Electric Fuel System,1-Speed A/T,White,Black,None reported,Yes,38000,10.545367754151743,10.085850775128717
BMW,740 i,2016,73000,Gasoline,320.0HP 3.0L Straight 6 Cylinder Engine Gasoline Fuel,Transmission w/Dual Shift Mode,Black,Black,None reported,Yes,23999,10.085809109330082,11.19822841866684
Ford,Edge SEL,2019,26465,Gasoline,2.0L I4 16V GDI DOHC Turbo,8-Speed Automatic,White Platinum Tri-Coat Metallic,Ebony,None reported,Yes,24998,10.126591103050316,10.183616169332995
Volkswagen,Arteon 2.0T SEL Premium R-Line,2020,26870,Gasoline,2.0L I4 16V GDI DOHC Turbo,8-Speed Automatic,Deep Black Pearl Effect,Mistral Gray / Raven,At least 1 accident or damage reported,Yes,34645,10.452937557838887,10.198802917143304
Honda,Pilot EX,2004,184000,Gasoline,240.0HP 3.5L V6 Cylinder Engine Gasoline Fuel,A/T,Blue,Gray,At least 1 accident or damage reported,Yes,10500,9.259225769705994,12.122696471358964
BMW,X7 ALPINA XB7,2022,4514,Gasoline,4.4 Liter Twin Turbo,Automatic,Gray,Black,None reported,Yes,132998,11.798096888378632,8.415160465851086
RAM,2500 Tradesman,2022,1300,Gasoline,410.0HP 6.4L 8 Cylinder Engine Gasoline Fuel,8-Speed A/T,Red,Black,None reported,Yes,48000,10.778977123006351,7.170888478512505
Jeep,Grand Cherokee Limited,2018,49924,Gasoline,293.0HP 3.6L V6 Cylinder Engine Gasoline Fuel,8-Speed A/T,White,Black,None reported,Yes,26500,10.184937747111391,10.818277158284015
GMC,Yukon Denali,2019,36526,Gasoline,420.0HP 6.2L 8 Cylinder Engine Gasoline Fuel,10-Speed A/T,Red,Black,None reported,Yes,57850,10.965626018557122,10.505806992135533
BMW,M6 Base,2015,37000,Gasoline,560.0HP 4.4L 8 Cylinder Engine Gasoline Fuel,Transmission w/Dual Shift Mode,Silver,Silver,None reported,Yes,45950,10.735330890332664,10.518700218288165
Acura,MDX 3.5L w/Advance & Entertainment Pkgs,2017,79884,Gasoline,3.5L V6 24V GDI SOHC,9-Speed Automatic,Gray,Graystone,At least 1 accident or damage reported,Unknown,24840,10.12025079288605,11.288343379461672
Volkswagen,Beetle 1.8T,2016,30000,Gasoline,170.0HP 1.8L 4 Cylinder Engine Gasoline Fuel,Transmission w/Dual Shift Mode,Blue,Beige,At least 1 accident or damage reported,Yes,19000,9.852246888342531,10.308985993422082
BMW,X6 M Base,2021,11102,Gasoline,600.0HP 4.4L 8 Cylinder Engine Gasoline Fuel,8-Speed A/T,Black,Black,None reported,Yes,101000,11.522885696764481,9.314970621054266
Ford,Mustang GT Premium,2012,105500,Gasoline,412.0HP 5.0L 8 Cylinder Engine Gasoline Fuel,6-Speed M/T,Silver,Black,None reported,Yes,19000,9.852246888342531,11.566475710526321
BMW,X7 xDrive50i,2019,31157,Gasoline,4.4 Liter GDI DOHC Twin Turbo,Automatic,Black,Blk,None reported,Yes,65998,11.097394869378626,10.346826313072373
Kia,Sorento LX V6,2019,86204,Gasoline,3.3L V6 24V GDI DOHC,8-Speed Automatic,Sparkling Silver,Satin Black,At least 1 accident or damage reported,Unknown,20708,9.938323667371586,11.364483459609952
BMW,435 i,2014,80211,Gasoline,300.0HP 3.0L Straight 6 Cylinder Engine Gasoline Fuel,A/T,Gray,Red,At least 1 accident or damage reported,Yes,17995,9.797904789961063,11.292428408596924
Aston Martin,V8 Vantage Base,2010,25991,Gasoline,420.0HP 4.7L 8 Cylinder Engine Gasoline Fuel,6-Speed A/T,Silver,Black,None reported,Yes,69995,11.156193376541639,10.165544077348937
Mercedes-Benz,CLK-Class CLK 350,2008,73000,Gasoline,268.0HP 3.5L V6 Cylinder Engine Gasoline Fuel,7-Speed A/T,Black,Black,None reported,Yes,8400,9.036106025364846,11.19822841866684
BMW,740 i,2018,40989,Gasoline,320.0HP 3.0L Straight 6 Cylinder Engine Gasoline Fuel,8-Speed A/T,Black,Gold,None reported,Yes,35000,10.463131911491967,10.621083413498383
Dodge,Caliber Express,2010,102681,Gasoline,158.0HP 2.0L 4 Cylinder Engine Gasoline Fuel,M/T,Red,Black,None reported,Yes,6000,8.699681400989514,11.539392112785254
Acura,ZDX Base,2010,123000,Gasoline,300.0HP 3.7L V6 Cylinder Engine Gasoline Fuel,Transmission w/Dual Shift Mode,Black,Black,At least 1 accident or damage reported,Yes,13888,9.53885243891622,11.719947764402807
Jeep,Wrangler X,2005,160900,Gasoline,190.0HP 4.0L Straight 6 Cylinder Engine Gasoline Fuel,4-Speed A/T,Black,–,At least 1 accident or damage reported,Yes,7200,8.881975184248867,11.98854454800156
BMW,M3 Base,2011,105000,Gasoline,414.0HP 4.0L 8 Cylinder Engine Gasoline Fuel,6-Speed M/T,Silver,Black,At least 1 accident or damage reported,Yes,21900,9.994287576862567,11.561725152903833
Kia,Sportage Plug-In Hybrid X-Line,2023,1340,Plug-In Hybrid,177.0HP 1.6L 4 Cylinder Engine Plug-In Electric/Gas,A/T,Black,Black,None reported,Yes,41000,10.62135173563291,7.201170883281678
Ford,Mustang Mach-E Premium,2021,17850,Gasoline,266.0HP Electric Motor Electric Fuel System,A/T,Red,Black,None reported,Yes,41999,10.645424897265505,9.789814808047552
BMW,M3 Base,2011,72277,Gasoline,414.0HP 4.0L 8 Cylinder Engine Gasoline Fuel,Transmission w/Dual Shift Mode,Gray,Red,None reported,Yes,34950,10.461702359555922,11.188275074151784
Jeep,Wrangler Rubicon,2023,7000,Hybrid,285.0HP 3.6L V6 Cylinder Engine Gasoline/Mild Electric Hybrid,8-Speed A/T,Gray,Black,None reported,Yes,46000,10.736418414365376,8.853808274977197
Porsche,Panamera 4 Platinum Edition,2022,10627,Gasoline,"2.9L V-6 gasoline direct injection, DOHC, variable valve control","Automatic, 8-Spd PDK Dual-Clutch",Chalk,BLACK,None reported,Yes,99000,11.502885230075814,9.271247306879705
Ford,Explorer XLT,2020,67015,Gasoline,2.3L I4 16V GDI DOHC Turbo,10-Speed Automatic,Oxford White,Sandstone,None reported,Yes,28590,10.260847261969445,11.112686675833645
BMW,M4 Base,2018,19600,Gasoline,425.0HP 3.0L Straight 6 Cylinder Engine Gasoline Fuel,7-Speed A/T,Black,Black,At least 1 accident or damage reported,Yes,62000,11.034905792929415,9.883335864325275
Ford,Mustang Mach-E Premium,2022,5800,Gasoline,346.0HP Electric Motor Electric Fuel System,1-Speed A/T,White,White,None reported,Yes,42500,10.657282884047461,8.665785595466064
FIAT,500e Battery Electric,2017,33812,Gasoline,111.0HP Electric Motor Electric Fuel System,1-Speed A/T,Silver,Black,None reported,Yes,14999,9.615805480084347,10.428600622910189
Cadillac,Escalade Luxury,2015,99897,Gasoline,420.0HP 6.2L 8 Cylinder Engine Gasoline Fuel,8-Speed A/T,Black,Black,None reported,Yes,26950,10.201775681400134,11.511904944416221
Mercedes-Benz,SL-Class SL 550,2014,127500,Gasoline,429.0HP 4.7L 8 Cylinder Engine Gasoline Fuel,Transmission w/Dual Shift Mode,White,White,None reported,Yes,29000,10.275085591132715,11.755879486687116
Ford,Expedition Limited,2021,23842,Gasoline,3.5L V6 24V PDI DOHC Twin Turbo,10-Speed Automatic,Gray,Medium Stone,None reported,Yes,59203,10.98874438615708,10.079245952188407
Rivian,R1S Adventure Package,2023,2108,Gasoline,835.0HP Electric Motor Electric Fuel System,1-Speed A/T,Silver,White,None reported,Yes,91000,11.418625774449598,7.653969180478774
BMW,M6 Base,2014,65550,Gasoline,560.0HP 4.4L 8 Cylinder Engine Gasoline Fuel,Transmission w/Dual Shift Mode,Black,Black,None reported,Yes,39985,10.596284671831778,11.090583744605611
Lamborghini,Huracan LP580-2,2017,22000,Gasoline,573.0HP 5.2L 10 Cylinder Engine Gasoline Fuel,Transmission w/Dual Shift Mode,White,Black,None reported,Yes,210000,12.25486757159303,9.99884318585288
Ford,Bronco Wildtrak Advanced,2022,15600,Gasoline,315.0HP 2.7L V6 Cylinder Engine Gasoline Fuel,Transmission w/Dual Shift Mode,Gray,–,At least 1 accident or damage reported,Yes,68995,11.14180381088452,9.65509029374725
Lexus,LC 500 Base,2021,22400,Gasoline,471.0HP 5.0L 8 Cylinder Engine Gasoline Fuel,A/T,White,Red,None reported,Yes,81900,11.313266479778829,10.016860879703811
Lexus,LS 460 Crafted Line,2015,89150,Gasoline,360.0HP 4.6L 8 Cylinder Engine Gasoline Fuel,A/T,White,Black,None reported,Yes,31900,10.370392636243981,11.398086840278292
BMW,M4 Base,2023,15000,Gasoline,"3L I-6 gasoline direct injection, DOHC, Double VANOS variable va","Automatic, 8-Spd M STEPTRONIC w/Drivelogic, Sport & Manual Modes",BLUE,ORANGE,None reported,Yes,81000,11.302216779257382,9.61587214452889
Audi,A3 2.0T Tech Premium,2018,49500,Gasoline,220.0HP 2.0L 4 Cylinder Engine Gasoline Fuel,6-Speed A/T,Blue,Gray,None reported,Yes,25000,10.12667110305036,10.809748150372926
Audi,S8 4.2 quattro,2003,126000,Gasoline,360.0HP 4.2L 8 Cylinder Engine Gasoline Fuel,Transmission w/Dual Shift Mode,Gray,Black,None reported,Yes,13850,9.536112711175099,11.744045122410057
Volkswagen,Golf GTI 2.0T Autobahn 4-Door,2015,85385,Gasoline,210.0HP 2.0L 4 Cylinder Engine Gasoline Fuel,6-Speed M/T,Gray,Black,None reported,Yes,15550,9.651880224221337,11.354937431911715
Cadillac,Escalade Sport,2023,3000,Diesel,277.0HP 3.0L Straight 6 Cylinder Engine Diesel Fuel,A/T,White,Brown,None reported,Yes,123999,11.728036844587175,8.006700845440367
Hyundai,Tucson SE,2018,66126,Gasoline,2.0L I4 16V GDI DOHC,6-Speed Automatic,Dazzling White,Gray,None reported,Yes,19190,9.862196698118247,11.099332414449899
Toyota,GR86 Premium,2023,1075,Gasoline,228.0HP 2.4L 4 Cylinder Engine Gasoline Fuel,6-Speed M/T,White,Black,None reported,Yes,35000,10.463131911491967,6.98100574072173
Ford,Bronco Raptor,2023,2489,Gasoline,3.0L V6 24V GDI DOHC Twin Turbo,10-Speed Automatic,Oxford White,Black Onyx,None reported,Yes,98900,11.501874628783144,7.820037989458753
Hyundai,Santa Fe SEL,2021,25000,Gasoline,191.0HP 2.5L 4 Cylinder Engine Gasoline Fuel,8-Speed A/T,Black,Gray,None reported,Yes,28500,10.25769445336048,10.12667110305036
Nissan,Armada Platinum,2017,92000,Gasoline,390.0HP 5.6L 8 Cylinder Engine Gasoline Fuel,7-Speed A/T,Black,Black,None reported,Yes,20900,9.94755228369823,11.429554725537322
Lexus,GX 470 Base,2008,123500,Gasoline,263.0HP 4.7L 8 Cylinder Engine Gasoline Fuel,A/T,White,Gray,At least 1 accident or damage reported,Yes,14500,9.581972891547895,11.724004532183379
Cadillac,CTS Premium,2013,105000,Gasoline,318.0HP 3.6L V6 Cylinder Engine Gasoline Fuel,6-Speed A/T,Black,Black,At least 1 accident or damage reported,Yes,12000,9.392745258631441,11.561725152903833
Audi,R8 Base,2008,49000,Gasoline,420.0HP 4.2L 8 Cylinder Engine Gasoline Fuel,6-Speed M/T,Black,Black,None reported,Yes,63000,11.050905878263567,10.799595985047786
Jaguar,F-PACE S,2020,28357,Gasoline,3.0 Liter,Automatic,Santorini Black Metallic,Pimento Red w/Ebony,None reported,Yes,47598,10.770567031595471,10.252664456297504
Chevrolet,Silverado 1500 1LT,2018,81000,E85 Flex Fuel,285.0HP 4.3L V6 Cylinder Engine Flex Fuel Capability,A/T,Red,Gray,None reported,Yes,32000,10.373522431293592,11.302216779257382
Ford,Expedition Limited,2021,45000,Gasoline,375.0HP 3.5L V6 Cylinder Engine Gasoline Fuel,Transmission w/Dual Shift Mode,Gray,Black,None reported,Yes,52000,10.859018228147887,10.714439990727769
Toyota,Sequoia Platinum,2011,173456,E85 Flex Fuel,381.0HP 5.7L 8 Cylinder Engine Flex Fuel Capability,6-Speed A/T,Black,Gray,At least 1 accident or damage reported,Yes,16000,9.680406499268875,12.063685009035272
BMW,M440 i,2021,13700,Hybrid,382.0HP 3.0L Straight 6 Cylinder Engine Gasoline/Mild Electric Hybrid,8-Speed A/T,Black,Beige,None reported,Yes,60000,11.002116507732017,9.525224101853109
Audi,A8 L 55,2019,93400,Hybrid,335.0HP 3.0L V6 Cylinder Engine Gasoline/Mild Electric Hybrid,A/T,Silver,Brown,None reported,Yes,42500,10.657282884047461,11.444657330797734
Toyota,Avalon XLE,2015,90000,Gasoline,268.0HP 3.5L V6 Cylinder Engine Gasoline Fuel,6-Speed A/T,White,Beige,None reported,Yes,18200,9.809231816610408,11.407576060361786
Porsche,Macan Base,2017,40600,Gasoline,252.0HP 2.0L 4 Cylinder Engine Gasoline Fuel,7-Speed A/T,Gray,Black,None reported,Yes,32000,10.373522431293592,10.611547975828369
Lexus,IS 350 F Sport,2023,20121,Gasoline,311.0HP 3.5L V6 Cylinder Engine Gasoline Fuel,8-Speed A/T,Gray,Red,None reported,Yes,47124,10.760558924750312,9.909569022851995
Mercedes-Benz,Metris Base,2020,3921,Gasoline,2.0L I4 16V GDI DOHC Turbo,7-Speed Automatic,Black,White,None reported,Yes,175000,12.07254696717504,8.274357006756292
Lexus,RX 350 Base,2011,187450,Gasoline,275.0HP 3.5L V6 Cylinder Engine Gasoline Fuel,A/T,Silver,Beige,At least 1 accident or damage reported,Yes,10400,9.249657234353133,12.141272756905764
Toyota,Supra A91 Edition,2021,6400,Gasoline,382.0HP 3.0L Straight 6 Cylinder Engine Gasoline Fuel,Transmission w/Dual Shift Mode,Gray,Black,None reported,Yes,68000,11.127277689932466,8.764209507142004
Mercedes-Benz,AMG C 43 Base 4MATIC,2017,54500,Gasoline,362.0HP 3.0L V6 Cylinder Engine Gasoline Fuel,9-Speed A/T,White,Black,None reported,Yes,37995,10.545236170010073,10.905974329106854
BMW,X6 xDrive50i,2017,78500,Gasoline,445.0HP 4.4L 8 Cylinder Engine Gasoline Fuel,8-Speed A/T,Red,Brown,At least 1 accident or damage reported,Yes,42000,10.645448706505872,11.270866642542865
Chevrolet,Tahoe LT,2018,75000,Gasoline,355.0HP 5.3L 8 Cylinder Engine Gasoline Fuel,6-Speed A/T,Silver,Black,None reported,Yes,36000,10.491301994830229,11.225256725762893
Ford,F-150 SVT Raptor,2014,89988,Gasoline,411.0HP 6.2L 8 Cylinder Engine Gasoline Fuel,A/T,Red,Red,At least 1 accident or damage reported,Yes,42500,10.657282884047461,11.407442719620436
Subaru,Outback 3.0 R VDC Limited,2005,107000,Gasoline,250.0HP 3.0L Flat 6 Cylinder Engine Gasoline Fuel,A/T,Gold,Beige,None reported,Yes,7100,8.867990898182093,11.580593459194764
Alfa Romeo,Giulia Ti,2019,21400,Gasoline,280.0HP 2.0L 4 Cylinder Engine Gasoline Fuel,8-Speed A/T,White,Black,None reported,Yes,28500,10.25769445336048,9.97119292889014
Mazda,CX-7 Grand Touring,2007,83150,Gasoline,244.0HP 2.3L 4 Cylinder Engine Gasoline Fuel,6-Speed A/T,White,Beige,None reported,Yes,6950,8.846640813100485,11.328413511006964
Ford,F-150 Platinum,2018,92000,Diesel,250.0HP 3.0L V6 Cylinder Engine Diesel Fuel,10-Speed A/T,Black,Black,At least 1 accident or damage reported,Yes,36500,10.505094936455558,11.429554725537322
Mercedes-Benz,GLE 350 Base 4MATIC,2021,15042,Gasoline,2.0L I4 16V GDI DOHC Turbo,9-Speed Automatic,Selenite Gray Metallic,Macchiato,None reported,Yes,54599,10.907789161732996,9.618668045697824
Audi,A7 3.0T Premium Plus,2017,39000,Gasoline,333.0HP 3.0L V6 Cylinder Engine Gasoline Fuel,Transmission w/Dual Shift Mode,Black,Black,At least 1 accident or damage reported,Yes,35000,10.463131911491967,10.571342565808699
RAM,2500 Laramie,2017,67483,Gasoline,410.0HP 6.4L 8 Cylinder Engine Gasoline Fuel,6-Speed A/T,Brown,Beige,At least 1 accident or damage reported,Yes,46500,10.747229096720554,11.119645811725865
Tesla,Model S 70D,2015,62089,Gasoline,329.0HP Electric Motor Electric Fuel System,A/T,Black,Beige,None reported,Yes,29975,10.308152340473523,11.036340224358938
Audi,S8 4.0T Plus,2017,54300,Gasoline,605.0HP 4.0L 8 Cylinder Engine Gasoline Fuel,8-Speed A/T,Black,Black,None reported,Yes,53500,10.887455624298198,10.902297921958713
Hyundai,Sonata Hybrid Limited,2022,30565,Hybrid,192.0HP 2.0L 4 Cylinder Engine Gas/Electric Hybrid,A/T,Gray,Black,None reported,Yes,29000,10.275085591132715,10.327643559087782
Audi,A8 L 4.0T,2016,142666,Gasoline,450.0HP 4.0L 8 Cylinder Engine Gasoline Fuel,8-Speed A/T,Black,Black,At least 1 accident or damage reported,Yes,22000,9.99884318585288,11.868268522341692
Ford,Ranger Sport SuperCab,2009,166200,Gasoline,207.0HP 4.0L V6 Cylinder Engine Gasoline Fuel,A/T,Blue,Gray,At least 1 accident or damage reported,Yes,6999,8.85366542803745,12.020953178232556
INFINITI,Q50 Hybrid Premium,2015,88977,Hybrid,354.0HP 3.5L V6 Cylinder Engine Gas/Electric Hybrid,7-Speed A/T,Gray,Black,At least 1 accident or damage reported,Yes,19977,9.902386947092095,11.396144427146307
BMW,M3 Base,2011,114890,Gasoline,414.0HP 4.0L 8 Cylinder Engine Gasoline Fuel,Transmission w/Dual Shift Mode,White,Beige,None reported,Yes,20990,9.951849053414007,11.651739131787249
Mercedes-Benz,E-Class E 350 4MATIC,2009,171000,Gasoline,268.0HP 3.5L V6 Cylinder Engine Gasoline Fuel,5-Speed A/T,Black,Black,At least 1 accident or damage reported,Yes,4750,8.46611040118692,12.049424683420915
Ford,Explorer sport,2019,90067,Gasoline,3.5L V6 24V GDI DOHC Twin Turbo,6-Speed Automatic,Black,Ebony Black,None reported,Yes,28590,10.260847261969445,11.40832021957955
Chevrolet,Camaro 1LT,2014,97579,Gasoline,323.0HP 3.6L V6 Cylinder Engine Gasoline Fuel,Transmission w/Dual Shift Mode,Black,Black,At least 1 accident or damage reported,Yes,15000,9.61587214452889,11.488427833369828
Mazda,MX-5 Miata RF Grand Touring,2017,52000,Gasoline,155.0HP 2.0L 4 Cylinder Engine Gasoline Fuel,6-Speed M/T,Black,Black,At least 1 accident or damage reported,Yes,20500,9.928228944424575,10.859018228147887
Jeep,Grand Cherokee L Limited,2021,25968,Gasoline,3.6L V6 24V MPFI DOHC,8-Speed Automatic,Metallic,Global Black,None reported,Yes,38405,10.555968976370059,10.164658797946995
MINI,Hardtop Cooper S,2016,41680,Gasoline,189.0HP 2.0L 4 Cylinder Engine Gasoline Fuel,6-Speed A/T,Silver,Black,None reported,Yes,17495,9.769727562356604,10.637800668461894
Saab,9-3 SE,2002,77200,Gasoline,205.0HP 2.0L 4 Cylinder Engine Gasoline Fuel,5-Speed M/T,Black,Beige,None reported,Yes,7500,8.922791623969637,11.25416768929685
BMW,X5 xDrive40i,2019,50000,Gasoline,335.0HP 3.0L Straight 6 Cylinder Engine Gasoline Fuel,8-Speed A/T,Blue,Gold,None reported,Yes,43000,10.668978650219241,10.819798284210286
Porsche,Macan,2021,21613,Gasoline,2.0 Liter,Automatic,White,–,None reported,Yes,58998,10.985275773591676,9.98109653186311
Audi,Q3 S line Premium Plus,2022,17377,Gasoline,2.0 Liter TFSI,Automatic,Glacier White,Pearl Beige,None reported,Yes,39998,10.596609732783568,9.762960317399152
GMC,Acadia SLE,2020,30426,Gasoline,2.5L I4 16V GDI DOHC,9-Speed Automatic,Ebony Twilight Metallic,Jet Black,None reported,Yes,29645,10.297082488073805,10.323085651110205
Audi,allroad 2.7T,2005,153000,Gasoline,250.0HP 2.7L V6 Cylinder Engine Gasoline Fuel,M/T,Blue,Blue,At least 1 accident or damage reported,Yes,6500,8.77971129020447,11.938199736300925
Mercury,Marauder Base,2004,56600,Gasoline,302.0HP 4.6L 8 Cylinder Engine Gasoline Fuel,Transmission Overdrive Switch,Silver,Black,None reported,Yes,23000,10.043292972227004,10.943781931879723
Hyundai,Genesis 3.8,2015,116612,Gasoline,311.0HP 3.8L V6 Cylinder Engine Gasoline Fuel,8-Speed A/T,White,White,At least 1 accident or damage reported,Yes,12700,9.44943600950432,11.66661603896503
Audi,SQ5 3.0T Premium Plus,2018,72000,Gasoline,354.0HP 3.0L V6 Cylinder Engine Gasoline Fuel,A/T,Blue,Black,At least 1 accident or damage reported,Yes,30000,10.308985993422082,11.184435286790631
Audi,A8 L 55,2019,39000,Hybrid,335.0HP 3.0L V6 Cylinder Engine Gasoline/Mild Electric Hybrid,8-Speed A/T,Black,Brown,None reported,Yes,50000,10.819798284210286,10.571342565808699
Lincoln,Navigator Base,2008,149000,Gasoline,300.0HP 5.4L 8 Cylinder Engine Gasoline Fuel,A/T,Gold,Beige,None reported,Yes,10099,9.22029070282935,11.91170829631447
BMW,M4 Base,2018,19300,Gasoline,425.0HP 3.0L Straight 6 Cylinder Engine Gasoline Fuel,6-Speed M/T,White,Silver,None reported,Yes,64000,11.06665398721974,9.867912187022208
Mazda,CX-9 Carbon Edition,2021,27836,Gasoline,2.5L I4 16V GDI DOHC Turbo,6-Speed Automatic,Polymetal Gray Metallic,Red,None reported,Yes,36969,10.517862051930678,10.234121350021288
Chevrolet,Corvette Stingray w/1LT,2023,3273,Gasoline,490.0HP 6.2L 8 Cylinder Engine Gasoline Fuel,Transmission w/Dual Shift Mode,Black,Red,None reported,Yes,78999,11.27720313144916,8.09376775793108
Ford,F-150 Lariat,2017,74349,Gasoline,375.0HP 3.5L V6 Cylinder Engine Gasoline Fuel,10-Speed A/T,White,–,None reported,Yes,36000,10.491301994830229,11.216538951888301
Ford,F-250 Lariat,2019,85000,Diesel,450.0HP 6.7L 8 Cylinder Engine Diesel Fuel,6-Speed A/T,White,Black,At least 1 accident or damage reported,Yes,55000,10.915106645867503,11.350418300109132
Ferrari,Roma Base,2022,2250,Gasoline,611.0HP 3.9L 8 Cylinder Engine Gasoline Fuel,8-Speed A/T,Gray,Blue,None reported,Yes,259500,12.466515835145202,7.719129840906732
Mercedes-Benz,GLS 450 Base 4MATIC,2017,46100,Gasoline,362.0HP 3.0L V6 Cylinder Engine Gasoline Fuel,9-Speed A/T,Black,Beige,At least 1 accident or damage reported,Yes,33000,10.404293143019792,10.738589920723442
Hyundai,Santa Fe SEL Plus 2.4,2019,49500,Gasoline,185.0HP 2.4L 4 Cylinder Engine Gasoline Fuel,8-Speed A/T,Silver,Gray,None reported,Yes,28000,10.239995502805316,10.809748150372926
Mercedes-Benz,E-Class E 350,2012,31130,Gasoline,302.0HP 3.5L V6 Cylinder Engine Gasoline Fuel,7-Speed A/T,Black,Black,None reported,Yes,23500,10.064798252418377,10.345959386273389
Ford,F-250 XLT SuperCab Super Duty,2008,149460,Diesel,350.0HP 6.4L 8 Cylinder Engine Diesel Fuel,A/T,Blue,Gray,At least 1 accident or damage reported,Yes,12240,9.412546252075513,11.914790768215276
Mercury,Marauder Base,2003,90000,Gasoline,302.0HP 4.6L 8 Cylinder Engine Gasoline Fuel,4-Speed A/T,Blue,Beige,At least 1 accident or damage reported,Yes,15500,9.648659816955295,11.407576060361786
Ford,Transit-350 XLT,2021,48000,E85 Flex Fuel,275.0HP 3.5L V6 Cylinder Engine Flex Fuel Capability,A/T,White,Gray,None reported,Yes,57000,10.950824090522445,10.778977123006351
Mercedes-Benz,C-Class C 300 4MATIC Sport,2013,98000,Gasoline,248.0HP 3.5L V6 Cylinder Engine Gasoline Fuel,A/T,White,Beige,At least 1 accident or damage reported,Yes,15500,9.648659816955295,11.49273296168228
Volkswagen,Arteon SEL R-Line,2022,18655,Gasoline,2.0 Liter TSI,Automatic,Oryx White Prl,Titan Black,None reported,Yes,38698,10.563569038890739,9.833923089150218
Chevrolet,Suburban 2500 LS,2006,60000,Gasoline,325.0HP 8.1L 8 Cylinder Engine Gasoline Fuel,A/T,Brown,Brown,At least 1 accident or damage reported,Yes,24950,10.124669180536797,11.002116507732017
Chevrolet,Suburban 1500 LT,2014,169500,E85 Flex Fuel,320.0HP 5.3L 8 Cylinder Engine Flex Fuel Capability,A/T,Purple,Brown,None reported,Yes,15000,9.61587214452889,12.040614105490253
Mitsubishi,Eclipse GS,2008,189500,Gasoline,162.0HP 2.4L 4 Cylinder Engine Gasoline Fuel,5-Speed M/T,Red,Black,None reported,Yes,6000,8.699681400989514,12.15214958053555
Toyota,Land Cruiser Base,2016,91000,Gasoline,381.0HP 5.7L 8 Cylinder Engine Gasoline Fuel,A/T,Black,Brown,None reported,Yes,68500,11.134603622683905,11.418625774449598
Genesis,G80 2.5T,2022,7396,Gasoline,2.5L I4 16V PDI DOHC Turbo,8-Speed Automatic,Black Forest Green,Black,None reported,Yes,41299,10.628617778949124,8.908829791587868
Toyota,Tundra SR5 Access Cab,2004,229450,Gasoline,240.0HP 4.7L 8 Cylinder Engine Gasoline Fuel,A/T,Gray,Gray,None reported,Yes,8250,9.018089684104343,12.343444778061468
Maserati,Quattroporte Modena Q4,2023,8603,Gasoline,3.0L V6 24V GDI DOHC Twin Turbo,8-Speed Automatic,Blu,Tan,None reported,Yes,125900,11.74325116281265,9.05998249038762
Audi,RS 5 4.2,2014,49098,Gasoline,450.0HP 4.2L 8 Cylinder Engine Gasoline Fuel,Transmission w/Dual Shift Mode,White,Black,At least 1 accident or damage reported,Yes,44900,10.712215345197256,10.801593946976432
Nissan,Rogue S,2022,21212,Gasoline,1.5L I3 12V GDI DOHC Turbo,Automatic CVT,Gun Metallic,Charcoal,None reported,Yes,28906,10.271839059304192,9.96236948027235
Porsche,Panamera 4S,2010,62743,Gasoline,400.0HP 4.8L 8 Cylinder Engine Gasoline Fuel,Transmission w/Dual Shift Mode,Silver,Gray,None reported,Yes,28600,10.261196961231647,11.046818234892502
BMW,M440 i xDrive,2021,24300,Hybrid,382.0HP 3.0L Straight 6 Cylinder Engine Gasoline/Mild Electric Hybrid,8-Speed A/T,Gray,Beige,None reported,Yes,49999,10.819778284410283,10.098272780745283
Cadillac,Escalade Premium,2010,104000,E85 Flex Fuel,403.0HP 6.2L 8 Cylinder Engine Flex Fuel Capability,A/T,Gray,–,None reported,Yes,19500,9.87822102528824,11.552155793461898
Volvo,S60 T6 Momentum,2020,46250,Gasoline,2.0L I4 16V GDI DOHC,8-Speed Automatic,White,Charcoal,At least 1 accident or damage reported,Yes,27800,10.2328272702548,10.74183836432845
Mazda,CX-9 Touring Plus,2023,1930,Gasoline,2.5L I4 16V GDI DOHC Turbo,6-Speed Automatic,Jet Black Mica,Black,At least 1 accident or damage reported,Yes,40655,10.612901705559945,7.565793282428515
Chrysler,Pacifica Hybrid Touring L,2022,61494,Hybrid,3.6L V6 24V MPFI DOHC Hybrid,Automatic CVT,Bright White Clearcoat,Black,None reported,Yes,35850,10.487126739641525,11.02671114967651
Jeep,Wrangler Unlimited Sport,2020,24040,Gasoline,2.0L I4 16V GDI DOHC Turbo,8-Speed Automatic,Black Clearcoat,Black,None reported,Yes,35273,10.47090142763031,10.087515985121769
Toyota,Highlander Base,2001,231581,Gasoline,220.0HP 3.0L V6 Cylinder Engine Gasoline Fuel,A/T,Beige,Beige,None reported,Yes,4300,8.366602832783736,12.352689301453351
Ford,F-150 Lariat,2019,81000,Gasoline,375.0HP 3.5L V6 Cylinder Engine Gasoline Fuel,10-Speed A/T,Gray,Black,None reported,Yes,38500,10.55843949396453,11.302216779257382
Land Rover,Discovery Sport S R-Dynamic,2022,23568,Gasoline,2.0 Liter,Automatic,Firenze Red,Ebony,None reported,Yes,44998,10.714395546283317,10.067687568216387
Mazda,Mazda6 Touring,2020,78700,Gasoline,187.0HP 2.5L 4 Cylinder Engine Gasoline Fuel,A/T,White,Black,None reported,Yes,18000,9.798182590890704,11.273411140805074
Kia,Optima EX,2015,109580,Gasoline,192.0HP 2.4L 4 Cylinder Engine Gasoline Fuel,6-Speed A/T,Red,Black,At least 1 accident or damage reported,Yes,11900,9.38437770918244,11.604419280803642
Lexus,RX 350 Base,2009,178000,Gasoline,270.0HP 3.5L V6 Cylinder Engine Gasoline Fuel,A/T,Gray,Gray,At least 1 accident or damage reported,Yes,4500,8.412054873292933,12.08954444723597
Mitsubishi,Outlander Sport 2.4 SE,2016,131193,Gasoline,2.4L I4 16V MPFI DOHC,Automatic CVT,Black,Black,None reported,Yes,11970,9.39024233725137,11.784432422739082
Mercedes-Benz,GLS 450 Base 4MATIC,2017,106000,Gasoline,362.0HP 3.0L V6 Cylinder Engine Gasoline Fuel,9-Speed A/T,White,Black,None reported,Yes,25900,10.16203685698089,11.571203807011969
Audi,A3 2.0T Premium,2019,28211,Gasoline,184.0HP 2.0L 4 Cylinder Engine Gasoline Fuel,Transmission w/Dual Shift Mode,Gray,Black,At least 1 accident or damage reported,Yes,27500,10.221977646629885,10.24750269832807
Audi,A4 2.0T Premium,2015,91403,E85 Flex Fuel,2.0L I4 16V GDI DOHC Turbo Flexible Fuel,8-Speed Automatic,Silver,Gray,None reported,Yes,14998,9.61573881119536,11.423044520160788
Mercedes-Benz,CLA-Class CLA 250,2016,88600,Gasoline,208.0HP 2.0L 4 Cylinder Engine Gasoline Fuel,A/T,Black,Black,At least 1 accident or damage reported,Yes,16800,9.729193687429403,11.391898423211194
INFINITI,FX50 Base,2011,84900,Gasoline,390.0HP 5.0L 8 Cylinder Engine Gasoline Fuel,7-Speed A/T,Silver,Black,None reported,Yes,22450,10.019090435608215,11.349241150793087
Kia,K5 EX,2021,11154,Gasoline,1.6L I4 16V GDI DOHC Turbo,8-Speed Automatic,Glacial White Pearl,Black,None reported,Yes,28998,10.275016625615446,9.319643106866632
BMW,X5 eDrive xDrive40e,2018,45090,Plug-In Hybrid,313.0HP 2.0L 4 Cylinder Engine Plug-In Electric/Gas,8-Speed A/T,Gray,Black,At least 1 accident or damage reported,Yes,30750,10.333677793031093,10.716437949035694
Mercedes-Benz,SLK-Class SLK230 Kompressor,2003,33272,Gasoline,192.0HP 2.3L 4 Cylinder Engine Gasoline Fuel,A/T,Red,Gray,At least 1 accident or damage reported,Yes,11900,9.38437770918244,10.41250153627285
Jeep,Wrangler SE,2003,71000,Gasoline,150.0HP 2.4L 4 Cylinder Engine Gasoline Fuel,5-Speed M/T,Red,Gray,None reported,Yes,12499,9.433483923290392,11.170449240431308
Kia,Telluride SX,2020,55400,Gasoline,291.0HP 3.8L V6 Cylinder Engine Gasoline Fuel,8-Speed A/T,Green,White,None reported,Yes,36500,10.505094936455558,10.922352923113982
Land Rover,LR4 Lux,2012,141525,Gasoline,375.0HP 5.0L 8 Cylinder Engine Gasoline Fuel,A/T,Black,Black,None reported,Yes,14490,9.581283046045924,11.860238724769316
Jaguar,XKR Base,2007,50000,Gasoline,420.0HP 4.2L 8 Cylinder Engine Gasoline Fuel,Transmission w/Dual Shift Mode,Black,Beige,At least 1 accident or damage reported,Yes,21900,9.994287576862567,10.819798284210286
BMW,M4 Base,2020,29140,Gasoline,425.0HP 3.0L Straight 6 Cylinder Engine Gasoline Fuel,M/T,Orange,Orange,None reported,Yes,71995,11.18436584089937,10.279901396250288
BMW,M340 i xDrive,2022,9000,Hybrid,382.0HP 3.0L Straight 6 Cylinder Engine Gasoline/Mild Electric Hybrid,8-Speed A/T,White,Red,None reported,Yes,56900,10.949068194652432,9.105090961257085
Mercedes-Benz,AMG GLE 53 AMG GLE 53,2021,5595,Hybrid,3.0 Liter Turbo,Automatic,designo Diamond White Metallic,Black,None reported,Yes,83598,11.333786837278764,8.629807335785372
RAM,1500 Laramie,2022,34121,Gasoline,5.7L V8 16V MPFI OHV,Automatic,Granite Crystal Clearcoat Metallic,Black,None reported,Yes,48190,10.782927560612269,10.437697616534855
BMW,ALPINA B7 Base,2013,36750,Gasoline,445.0HP 4.4L 8 Cylinder Engine Gasoline Fuel,A/T,Black,Black,None reported,Yes,35999,10.491274217438248,10.511920715155128
Mercedes-Benz,C-Class C280 4MATIC,2007,49626,Gasoline,228.0HP 3.0L V6 Cylinder Engine Gasoline Fuel,A/T,White,–,None reported,Yes,12000,9.392745258631441,10.81229031944438
Jeep,Compass High Altitude,2017,45000,Gasoline,172.0HP 2.4L 4 Cylinder Engine Gasoline Fuel,A/T,White,Beige,At least 1 accident or damage reported,Yes,16500,9.711176264112805,10.714439990727769
Toyota,Highlander Hybrid XLE,2019,69350,Hybrid,306.0HP 3.5L V6 Cylinder Engine Gas/Electric Hybrid,A/T,Black,Gray,None reported,Yes,36000,10.491301994830229,11.146935845249686
BMW,X5 M Base,2022,8307,Gasoline,4.4L V8 32V GDI DOHC Twin Turbo,8-Speed Automatic,Blue Metallic,Sakhir Orange,None reported,Yes,98900,11.501874628783144,9.024974184996003
BMW,M3 Base,2023,4106,Gasoline,3.0L I6 24V GDI DOHC Twin Turbo,6-Speed Manual,Isle of Man Green Metallic,Kyalami Orange,None reported,Yes,84645,11.346233133048466,8.320448113956559
Maserati,Quattroporte S Q4 GranLusso,2018,57500,Gasoline,424.0HP 3.0L V6 Cylinder Engine Gasoline Fuel,8-Speed A/T,White,Brown,None reported,Yes,41900,10.643064971973882,10.959557617938563
Acura,RDX Advance Package,2021,29000,Gasoline,272.0HP 2.0L 4 Cylinder Engine Gasoline Fuel,10-Speed A/T,Black,Black,None reported,Yes,39650,10.587871447425917,10.275085591132715
Mercedes-Benz,GLA-Class GLA 250 4MATIC,2015,61675,Gasoline,208.0HP 2.0L 4 Cylinder Engine Gasoline Fuel,Transmission w/Dual Shift Mode,Gray,Black,At least 1 accident or damage reported,Yes,19000,9.852246888342531,11.029650155291243
Mercedes-Benz,Sprinter 3500XD High Roof,2021,33300,Diesel,188.0HP 3.0L V6 Cylinder Engine Diesel Fuel,7-Speed A/T,White,Black,None reported,Yes,45000,10.714439990727769,10.413342705547674
Cadillac,XTS Luxury,2014,62950,Gasoline,304.0HP 3.6L V6 Cylinder Engine Gasoline Fuel,6-Speed A/T,Silver,Gray,At least 1 accident or damage reported,Yes,17498,9.769899015421748,11.050111924969828
Chevrolet,Camaro 2LT,2015,56675,Gasoline,323.0HP 3.6L V6 Cylinder Engine Gasoline Fuel,Transmission w/Dual Shift Mode,Silver,Black,None reported,Yes,19750,9.890959401958858,10.945106119684118
Porsche,Cayenne S,2013,92000,Gasoline,400.0HP 4.8L 8 Cylinder Engine Gasoline Fuel,8-Speed A/T,Green,Gray,None reported,Yes,23000,10.043292972227004,11.429554725537322
Dodge,Magnum R/T,2005,96000,Gasoline,340.0HP 5.7L 8 Cylinder Engine Gasoline Fuel,5-Speed A/T,Gray,Gold,At least 1 accident or damage reported,Yes,12000,9.392745258631441,11.472113887062386
INFINITI,Q70 3.7X,2014,33500,Gasoline,330.0HP 3.7L V6 Cylinder Engine Gasoline Fuel,7-Speed A/T,Black,Black,None reported,Yes,23000,10.043292972227004,10.419330568113901
Land Rover,Range Rover SV Autobiography Dynamic SWB,2020,16754,Gasoline,557.0HP 5.0L 8 Cylinder Engine Gasoline Fuel,8-Speed A/T,White,White,None reported,Yes,112000,11.626263078808801,9.726452000171411
Toyota,Camry Hybrid Base,2007,53249,Hybrid,147.0HP 2.4L 4 Cylinder Engine Gas/Electric Hybrid,A/T,Silver,Gray,At least 1 accident or damage reported,Yes,9250,9.132486932771318,10.882753083571671
GMC,Acadia SLT-1,2016,119000,Gasoline,281.0HP 3.6L V6 Cylinder Engine Gasoline Fuel,A/T,Gold,Brown,None reported,Yes,12500,9.433563920090563,11.686887175419702
Lincoln,Corsair Reserve,2021,29336,Gasoline,2.0L I4 16V GDI DOHC Turbo,8-Speed Automatic,Black,Sandstone,None reported,Yes,36999,10.51867319162636,10.286604796980384
RAM,2500 SLT,2017,86000,Diesel,350.0HP 6.7L Straight 6 Cylinder Engine Diesel Fuel,6-Speed A/T,Gray,Gray,At least 1 accident or damage reported,Yes,41000,10.62135173563291,11.362114203075018
RAM,3500 Laramie,2014,177000,Diesel,385.0HP 6.7L Straight 6 Cylinder Engine Diesel Fuel,6-Speed A/T,Black,–,At least 1 accident or damage reported,Yes,40500,10.609081944147828,12.083910661257521
Mercedes-Benz,GL-Class GL 450 4MATIC,2013,93500,Gasoline,362.0HP 4.6L 8 Cylinder Engine Gasoline Fuel,A/T,Black,Black,At least 1 accident or damage reported,Yes,15900,9.674137279312397,11.445727410406752
BMW,M5 Base,2018,47700,Gasoline,600.0HP 4.4L 8 Cylinder Engine Gasoline Fuel,8-Speed A/T,Red,White,At least 1 accident or damage reported,Yes,54999,10.915088464214607,10.77270764101727
Ford,Mustang SVT Cobra,2003,97496,Gasoline,390.0HP 4.6L 8 Cylinder Engine Gasoline Fuel,6-Speed M/T,Gray,Gray,None reported,Yes,24500,10.106469212026385,11.487576887281786
Acura,ILX Premium Package,2022,16120,Gasoline,2.4L I4 16V GDI DOHC,8-Speed Automatic with Auto-Shift,Gray,Ebony,None reported,Yes,26599,10.188666494769791,9.687878048875998
Buick,Rainier CXL,2005,147589,Gasoline,275.0HP 4.2L Straight 6 Cylinder Engine Gasoline Fuel,A/T,White,Beige,At least 1 accident or damage reported,Yes,2800,7.937731775260109,11.902193438175821
Cadillac,Escalade Luxury,2013,95570,E85 Flex Fuel,403.0HP 6.2L 8 Cylinder Engine Flex Fuel Capability,A/T,Black,Black,At least 1 accident or damage reported,Yes,22000,9.99884318585288,11.467624705740064
Mercedes-Benz,S-Class S 560,2018,45791,Gasoline,463.0HP 4.0L 8 Cylinder Engine Gasoline Fuel,9-Speed A/T,Gray,Gray,None reported,Yes,52000,10.859018228147887,10.731864682356177
INFINITI,QX80 Base,2016,60000,Gasoline,400.0HP 5.6L 8 Cylinder Engine Gasoline Fuel,7-Speed A/T,Silver,Beige,At least 1 accident or damage reported,Yes,25950,10.163965423497029,11.002116507732017
Buick,Encore Preferred,2019,50000,Gasoline,138.0HP 1.4L 4 Cylinder Engine Gasoline Fuel,6-Speed A/T,White,Black,None reported,Yes,18795,9.841399360222706,10.819798284210286
Mercedes-Benz,GLS 450 Base 4MATIC,2019,33481,Gasoline,3.0L V6 24V GDI DOHC Twin Turbo,9-Speed Automatic,Black,Almond Beige,None reported,Yes,43999,10.691944912900398,10.41876325997573
Jeep,Liberty Limited,2010,107000,Gasoline,210.0HP 3.7L V6 Cylinder Engine Gasoline Fuel,A/T,Gray,Gray,None reported,Yes,5900,8.682877107057168,11.580593459194764
Mercedes-Benz,S-Class S 63 AMG,2011,60000,Gasoline,536.0HP 5.5L 8 Cylinder Engine Gasoline Fuel,Transmission w/Dual Shift Mode,White,Black,At least 1 accident or damage reported,Yes,37000,10.518700218288165,11.002116507732017
Audi,A8 L 3.0T,2016,55000,Gasoline,333.0HP 3.0L V6 Cylinder Engine Gasoline Fuel,A/T,White,Brown,None reported,Yes,28000,10.239995502805316,10.915106645867503
Mazda,CX-30 2.5 S Select Package,2022,4004,Gasoline,186.0HP 2.5L 4 Cylinder Engine Gasoline Fuel,6-Speed A/T,Black,Black,None reported,Yes,25500,10.146472946063877,8.29529885950246
Bentley,Continental GT Speed,2009,57800,Gasoline,600.0HP 6.0L 12 Cylinder Engine Gasoline Fuel,6-Speed A/T,Blue,Beige,None reported,Yes,59400,10.992066340225865,10.96476135554887
Bentley,Continental GT V8,2022,10972,Gasoline,4.0L V8 32V GDI DOHC Twin Turbo,8-Speed Automatic with Auto-Shift,Red,Black,None reported,Yes,217950,12.292025545864318,9.3031929889908
Bentley,Flying Spur V8,2022,27858,Gasoline,4.0L V8 32V GDI DOHC Twin Turbo,8-Speed Automatic with Auto-Shift,–,–,None reported,Yes,197750,12.194763942507127,10.234911352935114
Porsche,911 Carrera 4S,2018,31678,Gasoline,3.0 Liter,–,Silver,–,None reported,Yes,106798,11.578703842168515,10.36340927977359
Volkswagen,Golf R 4-Door,2016,47144,Gasoline,292.0HP 2.0L 4 Cylinder Engine Gasoline Fuel,6-Speed M/T,Blue,Black,None reported,Yes,29950,10.307317991967832,10.760983237899778
Hyundai,Genesis Coupe 3.8 Grand Touring,2011,165454,Gasoline,306.0HP 3.8L V6 Cylinder Engine Gasoline Fuel,6-Speed A/T,Gray,Black,At least 1 accident or damage reported,Yes,4000,8.294299608857235,12.01645453350358
Ford,F-150 XLT,2018,98000,Gasoline,375.0HP 3.5L V6 Cylinder Engine Gasoline Fuel,10-Speed A/T,White,–,At least 1 accident or damage reported,Yes,25500,10.146472946063877,11.49273296168228
Hyundai,Tucson Limited,2020,39913,Gasoline,2.4L I4 16V GDI DOHC,6-Speed Automatic,Black Noir Pearl,Beige,None reported,Yes,22749,10.032320424379096,10.59448241852793
Ford,Mustang V6,2013,147191,Gasoline,305.0HP 3.7L V6 Cylinder Engine Gasoline Fuel,6-Speed A/T,Blue,Black,At least 1 accident or damage reported,Yes,12990,9.472012088995733,11.899493135973929
BMW,435 i,2014,53600,Gasoline,300.0HP 3.0L Straight 6 Cylinder Engine Gasoline Fuel,8-Speed A/T,Silver,Black,None reported,Yes,25980,10.165120780630861,10.889323003601277
Dodge,Challenger R/T,2010,100100,Gasoline,–,Transmission w/Dual Shift Mode,Purple,Black,None reported,Yes,17000,9.741027444837728,11.513934955263402
Mercedes-Benz,AMG G 63 Base,2020,1750,Gasoline,577.0HP 4.0L 8 Cylinder Engine Gasoline Fuel,9-Speed A/T,Blue,Black,None reported,Yes,199995,12.206052645330171,7.467942332285852
Dodge,Challenger SRT Hellcat,2020,2750,Gasoline,797.0HP 6.2L 8 Cylinder Engine Gasoline Fuel,8-Speed A/T,Orange,Black,None reported,Yes,104500,11.556951919719207,7.919719760924575
Porsche,Boxster Base,2013,40800,Gasoline,265.0HP 2.7L Flat 6 Cylinder Engine Gasoline Fuel,7-Speed A/T,Brown,Beige,None reported,Yes,35500,10.477316144080852,10.616461869895815
Porsche,Macan Base,2018,36798,Gasoline,2.0L I4 16V GDI DOHC Turbo,7-Speed Automatic with Auto-Shift,Volcano Grey Metallic,Black,At least 1 accident or damage reported,Yes,49500,10.809748150372926,10.513225949874762
Ford,F-250 XL,2021,77699,Diesel,6.7L V8 32V DDI OHV Turbo Diesel,Automatic,White,Medium Earth Gray,None reported,Yes,49883,10.817455589040637,11.260610536355738
Ford,Mustang GT,2010,87500,Gasoline,315.0HP 4.6L 8 Cylinder Engine Gasoline Fuel,A/T,Red,Black,At least 1 accident or damage reported,Yes,14900,9.60918360377546,11.37940550085183
Chevrolet,Suburban LT,2020,93000,Gasoline,355.0HP 5.3L 8 Cylinder Engine Gasoline Fuel,A/T,Black,Black,None reported,Yes,38500,10.55843949396453,11.440365524765756
Mercedes-Benz,C-Class C 300 4MATIC,2018,41515,Gasoline,2.0L I4 16V GDI DOHC Turbo,9-Speed Automatic,Black,Black,None reported,Yes,28251,10.248919530528813,10.63383417408518
RAM,1500 Classic Warlock,2019,19000,E85 Flex Fuel,3.6L V6 24V MPFI DOHC Flexible Fuel,8-Speed Automatic,Diamond Black,Diesel Gray / Black,At least 1 accident or damage reported,Unknown,33242,10.411599497604435,9.852246888342531
Toyota,Sequoia SR5,2023,1539,Hybrid,3.4L V6 24V PDI DOHC Twin Turbo Hybrid,Automatic,Green,Boulder,At least 1 accident or damage reported,Yes,76373,11.24339760309849,7.3395376954076745
BMW,M5 Base,2018,31090,Gasoline,600.0HP 4.4L 8 Cylinder Engine Gasoline Fuel,8-Speed A/T,Green,Black,At least 1 accident or damage reported,Yes,68000,11.127277689932466,10.344673667218705
Mazda,Mazda3 FWD w/Premium Package,2022,21701,Gasoline,2.5L I4 16V,6-Speed Automatic,Soul Red Crystal Metallic,Black,None reported,Yes,25099,10.130623125119875,9.985159701180153
Nissan,Rogue SL,2016,97726,Gasoline,"2.5L I-4 DOHC, variable valve control, regular unleaded, engine",Variable,Gun Metallic,Charcoal,At least 1 accident or damage reported,Unknown,15998,9.680281499268713,11.48993315604396
Audi,A7 3.0T Prestige,2015,73000,Diesel,240.0HP 3.0L V6 Cylinder Engine Diesel Fuel,8-Speed A/T,White,Gray,None reported,Yes,34000,10.434145214930487,11.19822841866684
Genesis,G80 3.8,2020,23600,Gasoline,311.0HP 3.8L V6 Cylinder Engine Gasoline Fuel,A/T,Blue,Gray,None reported,Yes,31900,10.370392636243981,10.069044362997353
Rolls-Royce,Ghost Base,2016,8755,Gasoline,563.0HP 6.6L 12 Cylinder Engine Gasoline Fuel,A/T,Black,Black,None reported,Yes,166900,12.02515610124372,9.077494458642754
BMW,M6 Gran Coupe Base,2019,20500,Gasoline,560.0HP 4.4L 8 Cylinder Engine Gasoline Fuel,Transmission w/Dual Shift Mode,Blue,Black,None reported,Yes,67900,11.125806040978839,9.928228944424575
Ford,Mustang V6,2013,57912,Gasoline,305.0HP 3.7L V6 Cylinder Engine Gasoline Fuel,6-Speed M/T,Black,Black,At least 1 accident or damage reported,Yes,18750,9.839002363309719,10.966697163402289
BMW,650 i,2009,35000,Gasoline,360.0HP 4.8L 8 Cylinder Engine Gasoline Fuel,A/T,Black,Black,None reported,Yes,18500,9.825580063659602,10.463131911491967
Nissan,Leaf SV PLUS,2023,7089,Gasoline,214.0HP Electric Motor Electric Fuel System,1-Speed A/T,Black,Black,At least 1 accident or damage reported,Yes,29895,10.30547997116532,8.866440619526173
Lincoln,MKC Reserve,2019,35469,Gasoline,2.3L I4 16V GDI DOHC Turbo,6-Speed Automatic,Black,–,None reported,Yes,30890,10.33822015832486,10.476442547767668
Kia,Telluride EX,2022,14676,Gasoline,3.8L V6 24V GDI DOHC,8-Speed Automatic,Dark Moss,Gray,None reported,Yes,46787,10.753382038770598,9.594036921611199
Lincoln,Navigator Reserve,2022,13750,Gasoline,440.0HP 3.5L V6 Cylinder Engine Gasoline Fuel,10-Speed A/T,White,Beige,None reported,Yes,79999,11.289781913656018,9.528866827722945
Mercedes-Benz,S-Class S 550 4MATIC,2015,13300,Gasoline,449.0HP 4.7L 8 Cylinder Engine Gasoline Fuel,A/T,Black,Black,None reported,Yes,62500,11.042937835596494,9.495594499353297
Chevrolet,Suburban LT,2017,117000,Gasoline,6.0L 8 Cylinder Engine Gasoline Fuel,6-Speed A/T,Blue,Beige,None reported,Yes,27000,10.203629181337648,11.669937760751914
Audi,A7 55 Premium,2020,27100,Hybrid,335.0HP 3.0L V6 Cylinder Engine Gasoline/Mild Electric Hybrid,A/T,White,Black,None reported,Yes,50000,10.819798284210286,10.207325906555994
Ford,Mustang EcoBoost Premium,2017,89352,Gasoline,310.0HP 2.3L 4 Cylinder Engine Gasoline Fuel,6-Speed A/T,White,Black,At least 1 accident or damage reported,Yes,20989,9.951801412814678,11.400350095849324
Chevrolet,Cruze LS,2018,100000,Gasoline,153.0HP 1.4L 4 Cylinder Engine Gasoline Fuel,A/T,White,Black,At least 1 accident or damage reported,Yes,8500,9.04793908261736,11.51293546492023
Land Rover,Range Rover HSE SWB,2020,16000,Hybrid,395.0HP 3.0L Straight 6 Cylinder Engine Gasoline/Mild Electric Hybrid,A/T,Silver,Black,None reported,Yes,75500,11.231901180182515,9.680406499268875
Land Rover,Defender S,2023,15200,Gasoline,296.0HP 2.0L 4 Cylinder Engine Gasoline Fuel,A/T,White,Black,None reported,Yes,62999,11.05089000537367,9.62911649414402
BMW,650 i,2012,39960,Gasoline,400.0HP 4.4L 8 Cylinder Engine Gasoline Fuel,6-Speed M/T,White,Brown,None reported,Yes,38995,10.571214355749163,10.595659257474393
Ford,Mustang Base,2008,119000,Gasoline,210.0HP 4.0L V6 Cylinder Engine Gasoline Fuel,A/T,White,Black,At least 1 accident or damage reported,Yes,13500,9.510519035757246,11.686887175419702
Kia,K5 GT-Line,2022,10971,Gasoline,1.6L I4 16V GDI DOHC Turbo,8-Speed Automatic,Passion Red,Black,None reported,Yes,29998,10.308919326755392,9.303101852057495
Mazda,Mazda3 i Touring,2014,118500,Gasoline,155.0HP 2.0L 4 Cylinder Engine Gasoline Fuel,M/T,Silver,Black,At least 1 accident or damage reported,Yes,11500,9.350189267092581,11.682676678340282
Kia,Stinger GT1,2021,8288,Gasoline,365.0HP 3.3L V6 Cylinder Engine Gasoline Fuel,8-Speed A/T,Black,Black,None reported,Yes,45899,10.734220396048636,9.022684613591526
Chevrolet,Camaro ZL1,2023,2950,Gasoline,650.0HP 6.2L 8 Cylinder Engine Gasoline Fuel,10-Speed A/T,Red,Gray,None reported,Yes,74500,11.218567827096358,7.989899374942939
Mercedes-Benz,AMG G 63 Base,2017,73000,Gasoline,563.0HP 5.5L 8 Cylinder Engine Gasoline Fuel,7-Speed A/T,White,Black,At least 1 accident or damage reported,Yes,78000,11.264476926102367,11.19822841866684
Ford,Thunderbird Premium,2005,82000,Gasoline,280.0HP 3.9L 8 Cylinder Engine Gasoline Fuel,Transmission w/Dual Shift Mode,Gold,White,None reported,Yes,14900,9.60918360377546,11.314486721293981
Audi,e-tron Prestige,2019,7874,Gasoline,Electric,1-Speed Automatic,Typhoon Gray Metallic,Pearl Beige,None reported,Yes,38999,10.571316925111784,8.971448463693834
GMC,Sierra 1500 SLT,2017,49105,Gasoline,420.0HP 6.2L 8 Cylinder Engine Gasoline Fuel,8-Speed A/T,White,Black,None reported,Yes,39750,10.590390276998745,10.801736505909519
Kia,Telluride LX,2023,5500,Gasoline,291.0HP 3.8L V6 Cylinder Engine Gasoline Fuel,8-Speed A/T,Silver,Black,None reported,Yes,40000,10.596659732783579,8.612685172875459
Chevrolet,Corvette Base,2005,36700,Gasoline,400.0HP 6.0L 8 Cylinder Engine Gasoline Fuel,6-Speed M/T,Blue,Black,None reported,Yes,26000,10.165890277802454,10.510559281627845
BMW,650 i,2014,40000,Gasoline,445.0HP 4.4L 8 Cylinder Engine Gasoline Fuel,Transmission w/Dual Shift Mode,White,Beige,None reported,Yes,34000,10.434145214930487,10.596659732783579
Nissan,Rogue SL,2017,78110,Gasoline,170.0HP 2.5L 4 Cylinder Engine Gasoline Fuel,A/T,Silver,Black,None reported,Yes,17500,9.770013301136158,11.265886170980464
GMC,Acadia Denali,2015,74864,Gasoline,288.0HP 3.6L V6 Cylinder Engine Gasoline Fuel,A/T,Gray,Beige,None reported,Yes,19780,9.892477160016076,11.223441770571819
Cadillac,Escalade Premium Luxury Platinum,2021,15350,Gasoline,420.0HP 6.2L 8 Cylinder Engine Gasoline Fuel,10-Speed A/T,Black,Black,None reported,Yes,93500,11.445727410406752,9.638935897473202
Nissan,GT-R Premium,2010,46100,Gasoline,485.0HP 3.8L V6 Cylinder Engine Gasoline Fuel,6-Speed A/T,Blue,Black,None reported,Yes,72999,11.198214720130528,10.738589920723442
Toyota,Highlander XLE,2018,61454,Gasoline,295.0HP 3.5L V6 Cylinder Engine Gasoline Fuel,A/T,Silver,Gray,None reported,Yes,31000,10.34177474101152,11.02606047864908
BMW,X7 xDrive40i,2020,45241,Gasoline,335.0HP 3.0L Straight 6 Cylinder Engine Gasoline Fuel,A/T,Blue,Brown,None reported,Yes,54500,10.905974329106854,10.719781137917781
INFINITI,QX60 Base,2018,48000,Gasoline,295.0HP 3.5L V6 Cylinder Engine Gasoline Fuel,CVT Transmission,Black,Black,None reported,Yes,27000,10.203629181337648,10.778977123006351
Lexus,IS 250C Base,2010,68500,Gasoline,204.0HP 2.5L V6 Cylinder Engine Gasoline Fuel,6-Speed M/T,Black,Beige,None reported,Yes,18500,9.825580063659602,11.134603622683905
GMC,Sierra 1500 Denali,2019,43433,Gasoline,5.3L V8 16V GDI OHV,Automatic,Onyx Black,Walnut,None reported,Yes,51899,10.85707406915398,10.678997823521197
Chevrolet,SSR Base,2005,122961,Gasoline,6.0L V8 16V MPFI OHV,4-Speed Automatic,Redline Red,Ebony,None reported,Yes,20995,9.95208722237219,11.719630643532376
Dodge,Challenger R/T,2014,92861,Gasoline,375.0HP 5.7L 8 Cylinder Engine Gasoline Fuel,5-Speed A/T,Gray,Red,None reported,Yes,19750,9.890959401958858,11.438869799140814
Hyundai,Equus Signature,2016,72000,Gasoline,429.0HP 5.0L 8 Cylinder Engine Gasoline Fuel,8-Speed A/T,White,Beige,None reported,Yes,21400,9.97119292889014,11.184435286790631
Lamborghini,Aventador SVJ Base,2019,6929,Gasoline,759.0HP 6.5L 12 Cylinder Engine Gasoline Fuel,A/T,Blue,Black,None reported,Yes,649999,13.38472764187182,8.84361509218395
Ford,Mustang GT,2003,83000,Gasoline,260.0HP 4.6L 8 Cylinder Engine Gasoline Fuel,A/T,Gray,Black,None reported,Yes,10500,9.259225769705994,11.326607934898927
Audi,e-tron Premium,2021,18031,Gasoline,Electric,1-Speed Automatic,Navarra Blue Metallic,Black,None reported,Yes,39599,10.586584397242571,9.799903236279558
Toyota,Sequoia Limited,2023,8200,Hybrid,437.0HP 3.4L V6 Cylinder Engine Gas/Electric Hybrid,10-Speed A/T,Brown,Black,None reported,Yes,78900,11.275949181024878,9.012011377036412
Land Rover,Range Rover Sport HST MHEV,2020,19000,Hybrid,395.0HP 3.0L Straight 6 Cylinder Engine Gasoline/Mild Electric Hybrid,Transmission w/Dual Shift Mode,Silver,Black,None reported,Yes,74900,11.223922520551032,9.852246888342531
Jeep,Grand Cherokee L Limited,2022,12875,Gasoline,3.6L V6 24V MPFI DOHC,8-Speed Automatic,Diamond Black,Global Black,None reported,Yes,42599,10.659609532257463,9.463120392418698
Maserati,GranTurismo Sport,2015,32000,Gasoline,454.0HP 4.7L 8 Cylinder Engine Gasoline Fuel,A/T,Beige,Brown,None reported,Yes,36000,10.491301994830229,10.373522431293592
BMW,M5 Base,2013,61145,Gasoline,560.0HP 4.4L 8 Cylinder Engine Gasoline Fuel,7-Speed A/T,White,Beige,At least 1 accident or damage reported,Yes,37500,10.53212287826962,11.021019726056748
Mercedes-Benz,C-Class 4MATIC Sedan,2022,9612,Gasoline,"2L I-4 gasoline direct injection, DOHC, variable valve control,","Automatic, 9-Spd 9G-Tronic",–,–,None reported,Yes,43900,10.689692377847104,9.170871628065816
Land Rover,Range Rover Sport First Edition,2023,3534,Hybrid,4.4 Liter,Automatic,Red,Black,None reported,Yes,143998,11.87756163408958,8.170468578330674
Ford,F-150 Lariat,2011,152000,Gasoline,365.0HP 3.5L V6 Cylinder Engine Gasoline Fuel,6-Speed A/T,Brown,Beige,None reported,Yes,14000,9.546884034617925,11.931642378754141
Audi,A4 2.0T Premium,2012,129567,Gasoline,211.0HP 2.0L 4 Cylinder Engine Gasoline Fuel,A/T,White,Black,None reported,Yes,7000,8.853808274977197,11.771961118831888
BMW,540 i xDrive,2019,36000,Gasoline,335.0HP 3.0L Straight 6 Cylinder Engine Gasoline Fuel,8-Speed A/T,Gray,Black,At least 1 accident or damage reported,Yes,41995,10.645329654634832,10.491301994830229
BMW,X6 xDrive35i,2009,92008,Gasoline,300.0HP 3.0L Straight 6 Cylinder Engine Gasoline Fuel,6-Speed A/T,White,Black,None reported,Yes,12500,9.433563920090563,11.429641677333475
Toyota,Sequoia Limited,2012,150900,Gasoline,381.0HP 5.7L 8 Cylinder Engine Gasoline Fuel,A/T,Black,Gray,None reported,Yes,17500,9.770013301136158,11.924379271639218
Dodge,Challenger R/T Scat Pack,2019,43000,Gasoline,–,6-Speed M/T,Green,Black,None reported,Yes,50000,10.819798284210286,10.668978650219241
Land Rover,Range Rover 3.0L Supercharged,2018,38020,Gasoline,5.0 Liter,Automatic,White,Espresso,None reported,Yes,63998,11.066622737219737,10.545893917642873
Audi,Q8 55 Premium Plus,2021,14750,Hybrid,335.0HP 3.0L V6 Cylinder Engine Gasoline/Mild Electric Hybrid,Transmission w/Dual Shift Mode,Silver,Black,None reported,Yes,61059,11.019612266288869,9.599066156080049
Subaru,WRX Base,2015,52500,Gasoline,268.0HP 2.0L 4 Cylinder Engine Gasoline Fuel,6-Speed M/T,Gray,Black,None reported,Yes,23000,10.043292972227004,10.868587496017359
Chevrolet,Suburban LT,2017,207571,Gasoline,355.0HP 5.3L 8 Cylinder Engine Gasoline Fuel,6-Speed A/T,Black,Black,At least 1 accident or damage reported,Yes,21000,9.952325334619427,12.2432335464183
INFINITI,QX60 Pure,2020,39000,Gasoline,295.0HP 3.5L V6 Cylinder Engine Gasoline Fuel,A/T,Gray,Gray,None reported,Yes,29900,10.305647203635566,10.571342565808699
Porsche,Cayman Base,2011,66000,Gasoline,265.0HP 2.9L Flat 6 Cylinder Engine Gasoline Fuel,A/T,Black,Brown,None reported,Yes,28000,10.239995502805316,11.097425172408931
INFINITI,QX60 Base,2017,93500,Gasoline,295.0HP 3.5L V6 Cylinder Engine Gasoline Fuel,A/T,Black,Black,None reported,Yes,16000,9.680406499268875,11.445727410406752
BMW,M4 Base,2018,7200,Gasoline,425.0HP 3.0L Straight 6 Cylinder Engine Gasoline Fuel,7-Speed A/T,Black,Black,None reported,Yes,64000,11.06665398721974,8.881975184248867
Maserati,MC20 MC20,2022,1220,Gasoline,"Nettuno 3L V-6 port/direct injection, DOHC, variable valve contr","Automatic, 8-Spd Dual-Clutch",–,–,None reported,Yes,238900,12.38380451915696,7.107425474110705
Land Rover,Defender SE,2023,8421,Hybrid,395.0HP 3.0L Straight 6 Cylinder Engine Gasoline/Mild Electric Hybrid,A/T,Black,White,None reported,Yes,90000,11.407576060361786,9.038602608721874
BMW,M8 Base,2020,25520,Gasoline,4.4L V8 32V GDI DOHC Twin Turbo,8-Speed Automatic,Brands Hatch Gray Metallic,Black,None reported,Yes,84900,11.349241150793087,10.147256921643994
Tesla,Model Y Performance,2020,30554,Gasoline,Electric,1-Speed Automatic,Blue,Black,None reported,Yes,41999,10.645424897265505,10.327283617329016
Volvo,C40 Recharge Pure Electric Twin Ultimate,2023,17000,Gasoline,402.0HP Electric Motor Electric Fuel System,A/T,Gray,Blue,None reported,Yes,54900,10.91328684226798,9.741027444837728
Mercedes-Benz,SL-Class SL 550,2011,41314,Gasoline,382.0HP 5.5L 8 Cylinder Engine Gasoline Fuel,Transmission w/Dual Shift Mode,Red,White,At least 1 accident or damage reported,Yes,30999,10.341742483467284,10.628980909135285
Land Rover,Range Rover P525 HSE SWB,2020,49899,Gasoline,518.0HP 5.0L 8 Cylinder Engine Gasoline Fuel,Transmission w/Dual Shift Mode,White,Black,At least 1 accident or damage reported,Yes,64500,11.07443600653965,10.81777628173961
Ford,Escape XLT,2012,186268,E85 Flex Fuel,240.0HP 3.0L V6 Cylinder Engine Flex Fuel Capability,6-Speed A/T,Blue,Black,None reported,Yes,4500,8.412054873292933,12.13494714446161
Lexus,ES 350 Base,2016,51335,Gasoline,268.0HP 3.5L V6 Cylinder Engine Gasoline Fuel,6-Speed A/T,Silver,Black,At least 1 accident or damage reported,Yes,25995,10.16569795901424,10.846147539430351
Porsche,718 Boxster GTS,2019,10400,Gasoline,365.0HP 2.5L 4 Cylinder Engine Gasoline Fuel,A/T,Gray,Black,None reported,Yes,99750,11.510432359764517,9.249657234353133
Mercedes-Benz,G-Class G 550,2020,20622,Gasoline,4.0 Liter Twin Turbo,Automatic,designo Diamond White Metallic,Black,None reported,Yes,142998,11.870592916210601,9.934162236804047
RAM,1500 Big Horn,2022,19376,Gasoline,5.7L V8 16V MPFI OHV,Automatic,Bright White Clearcoat,Black,None reported,Yes,45861,10.733392166450933,9.871842074700583
Audi,R8 5.2 V10 performance,2020,12245,Gasoline,5.2L V10 40V PDI DOHC,7-Speed Automatic with Auto-Shift,Daytona Gray Pearl Effect w/ Black Roof,Black / Express Red,None reported,Yes,187900,12.14367050736717,9.4129546320379
Mitsubishi,Lancer Evolution IX,2006,77000,Gasoline,286.0HP 2.0L 4 Cylinder Engine Gasoline Fuel,5-Speed M/T,Silver,Black,None reported,Yes,57000,10.950824090522445,11.251573687764477
Acura,TL Technology,2013,40000,Gasoline,280.0HP 3.5L V6 Cylinder Engine Gasoline Fuel,6-Speed A/T,Blue,Gray,None reported,Yes,24000,10.085850775128717,10.596659732783579
Cadillac,CTS Luxury,2012,113000,Gasoline,270.0HP 3.0L V6 Cylinder Engine Gasoline Fuel,6-Speed A/T,White,Beige,None reported,Yes,10000,9.210440366976517,11.635151947212842
Chevrolet,Camaro 1SS,2022,7600,Gasoline,455.0HP 6.2L 8 Cylinder Engine Gasoline Fuel,6-Speed M/T,Gray,Black,At least 1 accident or damage reported,Yes,46000,10.736418414365376,8.936035096566041
Toyota,Camry Hybrid LE,2022,20400,Hybrid,208.0HP 2.5L 4 Cylinder Engine Gas/Electric Hybrid,CVT Transmission,White,Gray,None reported,Yes,29900,10.305647203635566,9.923339198238729
Ford,Transit-350 XLT,2019,115000,Gasoline,310.0HP 3.5L V6 Cylinder Engine Gasoline Fuel,A/T,White,Gray,None reported,Yes,39000,10.571342565808699,11.652696102959753
Lexus,RX 450h Base,2012,239000,Hybrid,295.0HP 3.5L V6 Cylinder Engine Gas/Electric Hybrid,A/T,Black,Black,None reported,Yes,7000,8.853808274977197,12.384223015005313
Jaguar,F-TYPE V6 S,2014,62194,Gasoline,3.0 Liter SC ULEV,Automatic,Black,Black,None reported,Yes,32998,10.404232536959167,11.038029889644065
Jeep,Wrangler Sahara,2020,22138,Gasoline,3.6 Liter,Automatic,Black,Black,None reported,Yes,38598,10.560981648381585,10.005096038124226
Porsche,718 Boxster S,2017,48900,Gasoline,350.0HP 2.5L 4 Cylinder Engine Gasoline Fuel,Transmission w/Dual Shift Mode,Blue,Black,None reported,Yes,62500,11.042937835596494,10.797553125151618
Audi,R8 5.2,2014,21800,Gasoline,525.0HP 5.2L 10 Cylinder Engine Gasoline Fuel,Transmission w/Dual Shift Mode,White,Black,None reported,Yes,117000,11.669937760751914,9.989711119284745
Lincoln,MKZ Base,2016,68200,Gasoline,300.0HP 3.7L V6 Cylinder Engine Gasoline Fuel,6-Speed A/T,Silver,Black,At least 1 accident or damage reported,Yes,16750,9.726213236963687,11.130214506480655
Chevrolet,S-10 LS Crew Cab,2001,139000,Gasoline,190.0HP 4.3L V6 Cylinder Engine Gasoline Fuel,A/T,Red,Gray,None reported,Yes,7000,8.853808274977197,11.842236406331555
Mercedes-Benz,G-Class G 550 4MATIC,2021,76100,Gasoline,416.0HP 4.0L 8 Cylinder Engine Gasoline Fuel,A/T,Black,Black,None reported,Yes,130000,11.775297421715827,11.239816684367907
Lexus,RX 350 RX 350 F SPORT Handling,2022,14330,Gasoline,3.5 Liter DOHC,Automatic,Black,Red,None reported,Yes,54998,10.915070282231135,9.570180302058072
BMW,750 i xDrive,2019,41906,Gasoline,445.0HP 4.4L 8 Cylinder Engine Gasoline Fuel,8-Speed A/T,Blue,White,At least 1 accident or damage reported,Yes,45999,10.736396675471232,10.64320815639566
Chevrolet,Camaro 2SS,2016,164000,Gasoline,455.0HP 6.2L 8 Cylinder Engine Gasoline Fuel,8-Speed A/T,Black,Red,None reported,Yes,21500,9.975854724662028,12.00762780434872
Ford,Fusion Hybrid SE,2013,161933,Hybrid,2.0L I4 16V MPFI DOHC Hybrid,Automatic CVT,Blue,Charcoal Black,None reported,Yes,7945,8.980423936374544,11.994944123794168
Hyundai,Santa Cruz 2.5T Limited,2022,22829,Gasoline,2.5L I4 16V PDI DOHC Turbo,Automatic,Hampton Gray,Black,None reported,Yes,34580,10.451059677269122,10.035830739523842
Lexus,RX 350 F Sport,2023,5483,Gasoline,2.4L I4 16V PDI DOHC Turbo,8-Speed Automatic,Ultra White,Black,None reported,Yes,59950,11.00128284088368,8.609590040682205
Land Rover,Range Rover Evoque S,2020,46891,Gasoline,246.0HP 2.0L 4 Cylinder Engine Gasoline Fuel,9-Speed A/T,Gray,Black,At least 1 accident or damage reported,Yes,31000,10.34177474101152,10.755602364191718
Chevrolet,Suburban LT,2019,72000,Gasoline,355.0HP 5.3L 8 Cylinder Engine Gasoline Fuel,A/T,Blue,Beige,At least 1 accident or damage reported,Yes,39000,10.571342565808699,11.184435286790631
Porsche,718 Spyder Base,2020,3400,Gasoline,414.0HP 4.0L Flat 6 Cylinder Engine Gasoline Fuel,6-Speed M/T,White,Black,None reported,Yes,129900,11.774527900858468,8.131824785007195
Chevrolet,Camaro 1LT,2021,18000,Gasoline,335.0HP 3.6L V6 Cylinder Engine Gasoline Fuel,10-Speed A/T,White,Black,At least 1 accident or damage reported,Yes,30000,10.308985993422082,9.798182590890704
Jeep,Gladiator Freedom,2021,30630,Gasoline,3.6 Liter,Automatic,Hydro Blue Pearlcoat,Black,None reported,Yes,39998,10.596609732783568,10.329767847024877
Toyota,Tacoma Double Cab,2007,24985,Gasoline,236.0HP 4.0L V6 Cylinder Engine Gasoline Fuel,5-Speed A/T,Silver,Silver,None reported,Yes,33580,10.42171570981886,10.126070946991774
GMC,Yukon Denali Ultimate,2023,9978,Gasoline,420.0HP 6.2L 8 Cylinder Engine Gasoline Fuel,10-Speed A/T,White,Gold,None reported,Yes,93999,11.451050061252142,9.208238163884312
Ford,Shelby GT350R Base,2018,18500,Gasoline,526.0HP 5.2L 8 Cylinder Engine Gasoline Fuel,M/T,Blue,Black,At least 1 accident or damage reported,Yes,77999,11.26446410567173,9.825580063659602
Cadillac,Escalade Premium Luxury Platinum,2021,72843,Gasoline,6.2L V8 16V GDI OHV,10-Speed Automatic,Sandstone Metallic,Dark Auburn,None reported,Yes,79990,11.28966940732742,11.19607544721571
Buick,LaCrosse Base,2017,67500,Gasoline,310.0HP 3.6L V6 Cylinder Engine Gasoline Fuel,8-Speed A/T,Black,Beige,None reported,Yes,20000,9.90353755128617,11.119897691565697
Tesla,Model X Long Range Plus,2020,43534,Gasoline,534.0HP Electric Motor Electric Fuel System,1-Speed A/T,Black,Black,None reported,Yes,65990,11.097273648073832,10.681320491262715
Mercedes-Benz,E-Class E 300 4MATIC,2017,36900,Gasoline,241.0HP 2.0L 4 Cylinder Engine Gasoline Fuel,9-Speed A/T,Gray,Beige,None reported,Yes,28500,10.25769445336048,10.515993929932415
Chevrolet,Tahoe LT,2017,61720,E85 Flex Fuel,5.3 Liter,Automatic,Silver,Jet Black,At least 1 accident or damage reported,Unknown,39998,10.596609732783568,11.030379508549343
Kia,Telluride EX,2022,35938,Gasoline,3.8L V6 24V GDI DOHC,8-Speed Automatic,Glacial White Pearl,Black,None reported,Yes,43329,10.676600514733956,10.489578335799088
Toyota,Tundra Hybrid Limited,2023,10748,Hybrid,3.4L V6 24V PDI DOHC Twin Turbo Hybrid,Automatic,Midnight Black Metallic,Black,None reported,Yes,63100,11.052491896264268,9.282568005973063
Audi,S8 4.0T quattro,2023,4457,Gasoline,4.0L V8 32V GDI DOHC Twin Turbo,Automatic,Mythos Black Metallic,Black,None reported,Yes,107900,11.588969419043872,8.402455513945814
Nissan,Armada Platinum,2018,108206,Gasoline,5.6 Liter,Automatic,White,Charcoal,At least 1 accident or damage reported,Unknown,26498,10.184862275413241,11.591801338311129
Land Rover,Discovery HSE,2020,32705,Diesel,3.0 Liter,Automatic,Portofino Blue Metallic,Tan/Ebony/Ebony,None reported,Yes,46598,10.749334360656016,10.395313826292336
Kia,Telluride S,2020,74026,Gasoline,3.8L V6 24V GDI DOHC,8-Speed Automatic,Sangria Red,Black,None reported,Yes,32913,10.401653378155329,11.212185170504174
Lexus,GS 350 F Sport,2020,24651,Gasoline,3.5L V6 24V PDI DOHC,6-Speed Automatic,Ultra White,Black,None reported,Yes,45950,10.735330890332664,10.112613312082134
BMW,X6 xDrive40i,2022,13000,Hybrid,335.0HP 3.0L Straight 6 Cylinder Engine Gasoline/Mild Electric Hybrid,Transmission w/Dual Shift Mode,Gray,Orange,None reported,Yes,69000,11.141876276228,9.472781556562168
Land Rover,Range Rover P400 SE SWB,2023,11700,Hybrid,395.0HP 3.0L Straight 6 Cylinder Engine Gasoline/Mild Electric Hybrid,Transmission w/Dual Shift Mode,Gray,White,None reported,Yes,133500,11.80186424743109,9.367429587218957
Chevrolet,Silverado 3500 High Country,2015,77500,Diesel,397.0HP 6.6L 8 Cylinder Engine Diesel Fuel,6-Speed A/T,Black,Brown,None reported,Yes,54000,10.896757843893464,11.258046118484
Maserati,Quattroporte Sport GT,2007,82000,Gasoline,394.0HP 4.2L 8 Cylinder Engine Gasoline Fuel,Transmission w/Dual Shift Mode,Black,Black,At least 1 accident or damage reported,Yes,7999,8.987196820661973,11.314486721293981
Dodge,Viper GTC,2017,1389,Gasoline,645.0HP 8.4L 10 Cylinder Engine Gasoline Fuel,M/T,Black,Black,None reported,Yes,489995,13.102152506788183,7.237059026124737
Ford,Expedition Limited,2021,29830,Gasoline,3.5L V6 24V PDI DOHC Twin Turbo,10-Speed Automatic,Magnetic Metallic,Ebony,None reported,Yes,55329,10.921070535892156,10.303303400245593
Mazda,Mazda6 i Grand Touring,2016,83100,Gasoline,–,A/T,White,White,None reported,Yes,17800,9.787009914477434,11.32781201446548
Kia,Optima LX,2019,62660,Gasoline,185.0HP 2.4L 4 Cylinder Engine Gasoline Fuel,A/T,White,Black,None reported,Yes,16500,9.711176264112805,11.045494523523427
Land Rover,Range Rover Sport SVR,2018,56006,Gasoline,575.0HP 5.0L 8 Cylinder Engine Gasoline Fuel,Transmission w/Dual Shift Mode,Silver,White,None reported,Yes,59000,10.985309671896763,10.933231961905438
Lexus,RX 450h F SPORT Handling,2021,31365,Hybrid,3.5 Liter DOHC,Variable,Beige,Red,None reported,Yes,52998,10.878028324431728,10.35347978269437
Lincoln,Town Car Base,2004,27600,Gasoline,239.0HP 4.6L 8 Cylinder Engine Gasoline Fuel,4-Speed A/T,Black,White,None reported,Yes,14900,9.60918360377546,10.225607282932941
Honda,Civic Si,2012,47245,Gasoline,201.0HP 2.4L 4 Cylinder Engine Gasoline Fuel,6-Speed M/T,White,Black,None reported,Yes,19600,9.883335864325275,10.763123273253704
Lexus,RX 450h Base,2017,73948,Hybrid,308.0HP 3.5L V6 Cylinder Engine Gas/Electric Hybrid,A/T,White,Beige,None reported,Yes,31990,10.373209892223665,11.211130945397075
RAM,1500 Classic Warlock,2019,36757,E85 Flex Fuel,3.6L V6 24V MPFI DOHC Flexible Fuel,8-Speed Automatic,Diamond Black,Diesel Gray / Black,None reported,Yes,31953,10.372052647587516,10.51211116802542
Tesla,Model Y Long Range,2023,4786,Gasoline,425.0HP Electric Motor Electric Fuel System,A/T,White,White,None reported,Yes,48000,10.778977123006351,8.473659189392508
Audi,RS 3 2.5T,2023,1900,Gasoline,401.0HP 2.5L 5 Cylinder Engine Gasoline Fuel,Transmission w/Dual Shift Mode,Gray,Black,None reported,Yes,78900,11.275949181024878,7.550135342488429
Hyundai,Genesis Coupe 3.8 R-Spec,2014,52060,Gasoline,348.0HP 3.8L V6 Cylinder Engine Gasoline Fuel,6-Speed M/T,Black,Black,At least 1 accident or damage reported,Yes,15000,9.61587214452889,10.86017138696953
Porsche,Boxster RS 60 Spyder,2008,58000,Gasoline,303.0HP 3.4L Flat 6 Cylinder Engine Gasoline Fuel,6-Speed M/T,Silver,Black,None reported,Yes,41500,10.633472802314019,10.968215530759236
Ford,F-250 XLT,2010,52246,Diesel,6.4L V8 32V DDI OHV Twin Turbo Diesel,6-Speed Manual,Tan,Medium Stone,None reported,Yes,26095,10.169537324860794,10.863737751910739
Kia,Sorento EX,2016,64290,Gasoline,2.0L I4 16V GDI DOHC Turbo,6-Speed Automatic,Snow White Pearl,Satin Black,None reported,Yes,16999,9.740968623038354,11.07117493153335
Nissan,370Z Touring,2009,37500,Gasoline,332.0HP 3.7L V6 Cylinder Engine Gasoline Fuel,6-Speed M/T,Silver,Orange,None reported,Yes,21500,9.975854724662028,10.53212287826962
Genesis,G70 2.0T,2023,2121,Gasoline,252.0HP 2.0L 4 Cylinder Engine Gasoline Fuel,8-Speed A/T,White,Red,None reported,Yes,40750,10.615235658245211,7.660114319173928
Land Rover,Range Rover Sport Supercharged,2013,57000,Gasoline,510.0HP 5.0L 8 Cylinder Engine Gasoline Fuel,Transmission w/Dual Shift Mode,White,Beige,None reported,Yes,26000,10.165890277802454,10.950824090522445
Mercedes-Benz,S-Class S 560 4MATIC,2020,22000,Gasoline,463.0HP 4.0L 8 Cylinder Engine Gasoline Fuel,A/T,White,Beige,None reported,Yes,69500,11.149096419938578,9.99884318585288
Ford,Bronco Wildtrak Advanced,2023,2000,Gasoline,315.0HP 2.7L V6 Cylinder Engine Gasoline Fuel,A/T,Black,Black,None reported,Yes,66500,11.104972264124868,7.601402334583733
RAM,1500 SLT,2018,61802,E85 Flex Fuel,305.0HP 3.6L V6 Cylinder Engine Flex Fuel Capability,8-Speed A/T,Black,Gray,None reported,Yes,32000,10.373522431293592,11.031707185956895
Dodge,Challenger R/T,2010,73000,Gasoline,–,A/T,Black,Black,None reported,Yes,17500,9.770013301136158,11.19822841866684
Chevrolet,Sonic LT,2013,110000,Gasoline,–,A/T,Gray,Black,None reported,Yes,7500,8.922791623969637,11.608244735642321
Jeep,Grand Cherokee Laredo,2013,106700,E85 Flex Fuel,290.0HP 3.6L V6 Cylinder Engine Flex Fuel Capability,6-Speed A/T,Black,Black,None reported,Yes,13500,9.510519035757246,11.577785809317154
Audi,RS 5 4.2,2013,75965,Gasoline,450.0HP 4.2L 8 Cylinder Engine Gasoline Fuel,7-Speed A/T,White,Black,At least 1 accident or damage reported,Yes,35999,10.491274217438248,11.238041150748309
Jeep,Grand Cherokee L Overland,2022,31804,Gasoline,3.6L V6 24V MPFI DOHC,Automatic,Silver Zynith,Global Black,At least 1 accident or damage reported,Yes,48995,10.799493941107576,10.367378789112905
Chrysler,Crossfire Limited,2005,116320,Gasoline,215.0HP 3.2L V6 Cylinder Engine Gasoline Fuel,5-Speed A/T,Gray,Red,At least 1 accident or damage reported,Yes,6000,8.699681400989514,11.664108889704258
Audi,S5 4.2 Premium Plus,2011,156875,Gasoline,354.0HP 4.2L 8 Cylinder Engine Gasoline Fuel,6-Speed M/T,Black,Red,At least 1 accident or damage reported,Yes,9900,9.200391041122515,11.96321096334986
Tesla,Model X Base,2023,197,Gasoline,670.0HP Electric Motor Electric Fuel System,A/T,Blue,Black,None reported,Yes,85000,11.350418300109132,5.288267030694535
Cadillac,CT4 Luxury,2020,35200,Gasoline,237.0HP 2.0L 4 Cylinder Engine Gasoline Fuel,8-Speed A/T,Blue,Black,None reported,Yes,28500,10.25769445336048,10.468829770273567
Maserati,Ghibli S Q4,2014,76000,Gasoline,404.0HP 3.0L V6 Cylinder Engine Gasoline Fuel,A/T,Black,Black,None reported,Yes,19000,9.852246888342531,11.23850177707664
Jaguar,F-PACE 25t Premium,2019,29000,Gasoline,247.0HP 2.0L 4 Cylinder Engine Gasoline Fuel,A/T,White,Black,None reported,Yes,34500,10.448743588106625,10.275085591132715
BMW,750 i xDrive,2019,33499,Gasoline,445.0HP 4.4L 8 Cylinder Engine Gasoline Fuel,A/T,Gray,Black,At least 1 accident or damage reported,Yes,44495,10.703154576473747,10.419300717813158
Acura,TLX V6 Advance,2019,25779,Gasoline,3.5L V6 24V GDI SOHC,9-Speed Automatic,Platinum White Pearl,Ebony,At least 1 accident or damage reported,Unknown,30999,10.341742483467284,10.157354276493178
GMC,Terrain SLT-1,2015,76296,Gasoline,182.0HP 2.4L 4 Cylinder Engine Gasoline Fuel,6-Speed A/T,Gray,Black,At least 1 accident or damage reported,Yes,9500,9.15915233520675,11.242388898019872
BMW,i3 Base w/Range Extender,2014,29553,Gasoline,170.0HP 0.65L Electric Motor Electric Fuel System,1-Speed A/T,Black,Gray,None reported,Yes,12800,9.45727857185611,10.293974377463579
Nissan,Versa 1.8 S,2011,109902,Gasoline,122.0HP 1.8L 4 Cylinder Engine Gasoline Fuel,A/T,Blue,Gray,None reported,Yes,4500,8.412054873292933,11.607353437562363
Mercedes-Benz,C-Class C 300 4MATIC,2019,23083,Gasoline,255.0HP 2.0L 4 Cylinder Engine Gasoline Fuel,9-Speed A/T,White,Beige,None reported,Yes,33500,10.419330568113901,10.046895015830858
Toyota,Matrix XRS,2003,143600,Gasoline,180.0HP 1.8L 4 Cylinder Engine Gasoline Fuel,6-Speed M/T,Black,Black,None reported,Yes,4199,8.34283980427146,11.874793899360315
RAM,1500 Limited,2021,22000,Gasoline,395.0HP 5.7L 8 Cylinder Engine Gasoline Fuel,8-Speed A/T,Black,Black,None reported,Yes,54800,10.911463720944793,9.99884318585288
Mercedes-Benz,AMG E 53 Base 4MATIC,2022,13000,Hybrid,429.0HP 3.0L Straight 6 Cylinder Engine Gasoline/Mild Electric Hybrid,9-Speed A/T,Silver,Black,None reported,Yes,81500,11.308370569092329,9.472781556562168
Audi,A5 2.0T Premium,2018,53000,Gasoline,252.0HP 2.0L 4 Cylinder Engine Gasoline Fuel,A/T,White,Brown,At least 1 accident or damage reported,Yes,28000,10.239995502805316,10.87806606028079
Lincoln,Navigator Reserve,2019,44741,Gasoline,450.0HP 3.5L V6 Cylinder Engine Gasoline Fuel,10-Speed A/T,Beige,Beige,None reported,Yes,52999,10.87804719253426,10.70866793677185
Audi,A6 3.2 quattro,2008,202000,Gasoline,255.0HP 3.2L V6 Cylinder Engine Gasoline Fuel,A/T,Blue,Gray,At least 1 accident or damage reported,Yes,5700,8.648396877031582,12.216027926866138
Chevrolet,Silverado 1500 LT Crew Cab,2006,215000,Gasoline,345.0HP 6.0L 8 Cylinder Engine Gasoline Fuel,A/T,Black,Black,At least 1 accident or damage reported,Yes,6995,8.853093836138493,12.278397958261774
Mercedes-Benz,S-Class S 560,2019,77138,Gasoline,4.0 Liter,Automatic,designo Diamond White,Black,None reported,Yes,49998,10.81975828421028,11.253364268235103
Volvo,XC90 T6 Momentum,2018,90641,Gasoline,2.0L I4 16V GDI DOHC,8-Speed Automatic,White,Amber,None reported,Yes,25999,10.165851817003619,11.41467296077178
Toyota,Camry SE,2011,177702,Gasoline,179.0HP 2.5L 4 Cylinder Engine Gasoline Fuel,A/T,Gray,Gray,At least 1 accident or damage reported,Yes,7700,8.94910546953925,12.087868896386281
Mercedes-Benz,Metris Base,2018,58350,Gasoline,208.0HP 2.0L 4 Cylinder Engine Gasoline Fuel,7-Speed A/T,Black,Black,None reported,Yes,29497,10.292077743419448,10.974231775528432
Chevrolet,Camaro 2LT,2010,86170,Gasoline,304.0HP 3.6L V6 Cylinder Engine Gasoline Fuel,6-Speed A/T,Black,Black,At least 1 accident or damage reported,Yes,17000,9.741027444837728,11.364088973133402
Mazda,MX-5 Miata Grand Touring,2012,36568,Gasoline,167.0HP 2.0L 4 Cylinder Engine Gasoline Fuel,6-Speed M/T,Blue,Beige,At least 1 accident or damage reported,Yes,20199,9.913437883389296,10.506956165951394
Ford,Escape SE,2015,54357,Gasoline,173.0HP 1.6L 4 Cylinder Engine Gasoline Fuel,6-Speed A/T,White,Gray,None reported,Yes,16250,9.69590972432601,10.9033470758296
Mercedes-Benz,S-Class S 63 AMG,2015,20394,Gasoline,5.5 Liter,Automatic,Black,Black,At least 1 accident or damage reported,Unknown,59598,10.995394074389191,9.923045051751659
Kia,Niro EX,2023,7578,Hybrid,1.6L I4 16V GDI DOHC Hybrid,Automatic,Snow White Pearl,Charcoal,None reported,Yes,31113,10.345413157647068,8.93313654381203
Porsche,Boxster Base,2010,64800,Gasoline,255.0HP 2.9L Flat 6 Cylinder Engine Gasoline Fuel,6-Speed M/T,Gray,Gray,At least 1 accident or damage reported,Yes,20900,9.94755228369823,11.079076314320059
Toyota,4Runner Trail,2016,117780,Gasoline,270.0HP 4.0L V6 Cylinder Engine Gasoline Fuel,5-Speed A/T,Gray,Black,None reported,Yes,27750,10.231027154561334,11.67658224686836
Hyundai,Kona EV SEL,2019,33100,Gasoline,201.0HP Electric Motor Electric Fuel System,1-Speed A/T,Black,Black,None reported,Yes,18200,9.809231816610408,10.407318772389159
Land Rover,Range Rover Evoque SE,2016,86202,Gasoline,240.0HP 2.0L 4 Cylinder Engine Gasoline Fuel,9-Speed A/T,Black,Black,None reported,Yes,18750,9.839002363309719,11.364460258830404
Ford,E350 Super Duty XLT,2012,163000,E85 Flex Fuel,255.0HP 5.4L 8 Cylinder Engine Flex Fuel Capability,A/T,White,Gray,None reported,Yes,19550,9.88078171500049,12.001511614739405
Mercedes-Benz,SL-Class SL500 Roadster,2004,35400,Gasoline,302.0HP 5.0L 8 Cylinder Engine Gasoline Fuel,7-Speed A/T,Black,Gray,None reported,Yes,24900,10.122663242288953,10.474495347310453
Jeep,Compass Trailhawk,2018,31000,Gasoline,180.0HP 2.4L 4 Cylinder Engine Gasoline Fuel,9-Speed A/T,Gray,Black,None reported,Yes,22000,9.99884318585288,10.34177474101152
Mercedes-Benz,S-Class S 560 4MATIC,2018,103069,Gasoline,4.0 Liter,Automatic,Anthracite Blue Metallic,Silk Beige/Espresso Brown,None reported,Yes,40998,10.621302955145095,11.543163648030838
Mercedes-Benz,G-Class G 550 4MATIC,2021,22480,Gasoline,416.0HP 4.0L 8 Cylinder Engine Gasoline Fuel,A/T,White,Brown,None reported,Yes,135800,11.81894585784987,10.02042578700401
Tesla,Model X P90D,2016,91000,Gasoline,691.0HP Electric Motor Electric Fuel System,A/T,Silver,White,None reported,Yes,39500,10.584081267024454,11.418625774449598
Lexus,IS-F Base,2010,41500,Gasoline,416.0HP 5.0L 8 Cylinder Engine Gasoline Fuel,8-Speed A/T,Blue,Black,At least 1 accident or damage reported,Yes,44800,10.709985739582528,10.633472802314019
BMW,335 i,2010,91545,Gasoline,300.0HP 3.0L Straight 6 Cylinder Engine Gasoline Fuel,6-Speed A/T,Black,Black,None reported,Yes,13000,9.472781556562168,11.424596857176535
Audi,RS 7 4.0T,2022,4100,Hybrid,591.0HP 4.0L 8 Cylinder Engine Gasoline/Mild Electric Hybrid,8-Speed A/T,Blue,Black,None reported,Yes,162500,11.998439434579149,8.31898612539206
Buick,Lucerne CXL,2006,110000,Gasoline,275.0HP 4.6L 8 Cylinder Engine Gasoline Fuel,A/T,Gold,Beige,None reported,Yes,5000,8.517393171418904,11.608244735642321
Lincoln,MKX Reserve,2016,88000,Gasoline,335.0HP 2.7L V6 Cylinder Engine Gasoline Fuel,Transmission w/Dual Shift Mode,Black,Black,None reported,Yes,18500,9.825580063659602,11.385103457032141
Nissan,Armada Platinum,2018,42833,Gasoline,390.0HP 5.6L 8 Cylinder Engine Gasoline Fuel,Transmission w/Dual Shift Mode,Blue,Gray,None reported,Yes,37000,10.518700218288165,10.665087458730515
Porsche,911 Carrera,2020,23278,Gasoline,3.0 Liter,Automatic,Blue,–,None reported,Yes,114998,11.652678711655406,10.055306945596307
BMW,435 Gran Coupe i,2015,60100,Gasoline,300.0HP 3.0L Straight 6 Cylinder Engine Gasoline Fuel,8-Speed A/T,Blue,Beige,None reported,Yes,24995,10.126471091048971,11.003781759319981
Jeep,Wagoneer Series III,2022,17381,Gasoline,5.7L V8 16V MPFI OHV,8-Speed Automatic,Velvet Red Pearlcoat,Global Black,None reported,Yes,69685,11.151754715741239,9.763190466997406
Cadillac,ATS 2.5L,2013,63172,Gasoline,202.0HP 2.5L 4 Cylinder Engine Gasoline Fuel,A/T,Black,Black,At least 1 accident or damage reported,Yes,12995,9.472396896788991,11.053632273662666
Ford,Transit Connect XLT,2010,72000,Gasoline,136.0HP 2.0L 4 Cylinder Engine Gasoline Fuel,A/T,White,Gray,At least 1 accident or damage reported,Yes,10900,9.296609807128359,11.184435286790631
Kia,EV6 GT-Line,2022,4820,Gasoline,320.0HP Electric Motor Electric Fuel System,1-Speed A/T,Red,Black,None reported,Yes,47500,10.768506042432708,8.480736654405622
Audi,S5 3.0T Premium Plus,2014,67900,Gasoline,333.0HP 3.0L V6 Cylinder Engine Gasoline Fuel,6-Speed M/T,Silver,Black,None reported,Yes,25990,10.165505603232393,11.125806040978839
Toyota,Tundra SR,2018,51000,Gasoline,381.0HP 5.7L 8 Cylinder Engine Gasoline Fuel,A/T,Black,Gray,None reported,Yes,38000,10.545367754151743,10.839600519357369
Jeep,Wrangler Unlimited Freedom Edition,2013,54500,Gasoline,285.0HP 3.6L V6 Cylinder Engine Gasoline Fuel,A/T,Green,Black,None reported,Yes,35000,10.463131911491967,10.905974329106854
Maserati,Quattroporte Base,2006,61840,Gasoline,394.0HP 4.2L 8 Cylinder Engine Gasoline Fuel,Transmission w/Dual Shift Mode,Gray,Beige,None reported,Yes,16500,9.711176264112805,11.032321853893817
Mercedes-Benz,CLS-Class CLS500,2006,28950,Gasoline,302.0HP 5.0L 8 Cylinder Engine Gasoline Fuel,7-Speed A/T,Blue,Beige,None reported,Yes,16750,9.726213236963687,10.273360024718905
GMC,Sierra 3500 SLE,2002,300000,Diesel,300.0HP 6.6L 8 Cylinder Engine Diesel Fuel,5-Speed A/T,Black,Gray,At least 1 accident or damage reported,Yes,5000,8.517393171418904,12.611541086966115
Nissan,Frontier SL,2011,103400,Gasoline,261.0HP 4.0L V6 Cylinder Engine Gasoline Fuel,5-Speed A/T,Gray,Gray,At least 1 accident or damage reported,Yes,17000,9.741027444837728,11.546369912189585
BMW,M5 Base,2023,816,Gasoline,4.4L V8 32V GDI DOHC Twin Turbo,8-Speed Automatic,Alpine White,Black,None reported,Yes,109900,11.60733523953139,6.705639094860003
Porsche,911 R,2016,719,Gasoline,4.0L H6 24V GDI DOHC,6-Speed Manual,White,Black / Brown,None reported,Yes,489000,13.100119813444692,6.579251212010101
Land Rover,Defender X-Dynamic SE,2023,3678,Hybrid,3.0 Liter,Automatic,Fuji White,Black,None reported,Yes,81998,11.314462331050079,8.210396255104774
Ford,F-150 XL,2016,107000,E85 Flex Fuel,385.0HP 5.0L 8 Cylinder Engine Flex Fuel Capability,6-Speed A/T,White,Gray,At least 1 accident or damage reported,Yes,22000,9.99884318585288,11.580593459194764
BMW,M8 Competition,2022,5018,Gasoline,4.4 Liter Twin Turbo,Automatic,–,Sakhir Orange/Black,None reported,Yes,114998,11.652678711655406,8.520985989654934
Porsche,911 Carrera S,2010,13850,Gasoline,385.0HP 3.8L Flat 6 Cylinder Engine Gasoline Fuel,6-Speed M/T,Black,Black,None reported,Yes,71400,11.17606715383184,9.536112711175099
Volvo,XC70 3.2,2008,46700,Gasoline,235.0HP 3.2L Straight 6 Cylinder Engine Gasoline Fuel,6-Speed A/T,White,Beige,None reported,Yes,11400,9.34145634983372,10.751520856703959
Chrysler,300 Touring,2021,21478,Gasoline,3.6 Liter,Automatic,Silver Mist,Black,None reported,Yes,27798,10.232755327808727,9.974830992604263
Honda,Insight EX,2020,64200,Hybrid,151.0HP 1.5L 4 Cylinder Engine Gas/Electric Hybrid,CVT Transmission,White,Black,At least 1 accident or damage reported,Yes,20499,9.9281801651265,11.06977406588073
Porsche,Cayman S,2006,31075,Gasoline,3.4L H6 24V MPFI DOHC,5-Speed Automatic,Black,Black / Stone Grey,None reported,Yes,36250,10.498222246109226,10.344191096070311
Tesla,Model Y Performance,2022,25250,Gasoline,455.0HP Electric Motor Electric Fuel System,1-Speed A/T,White,White,None reported,Yes,47800,10.774801838762809,10.136621037879685
BMW,M5 Competition,2020,35400,Gasoline,617.0HP 4.4L 8 Cylinder Engine Gasoline Fuel,8-Speed A/T,Orange,Black,None reported,Yes,71950,11.183740610759584,10.474495347310453
Audi,S4 4.2 quattro,2004,74030,Gasoline,340.0HP 4.2L 8 Cylinder Engine Gasoline Fuel,6-Speed M/T,Silver,Gray,None reported,Yes,16000,9.680406499268875,11.212239203383193
Ford,F-250 Platinum,2021,48549,Diesel,6.7L V8 32V DDI OHV Turbo Diesel,Automatic,Antimatter Blue Metallic,Black,None reported,Yes,69998,11.156236235215168,10.790349473719472
Kia,Seltos S,2023,5182,Gasoline,146.0HP 2.0L 4 Cylinder Engine Gasoline Fuel,A/T,White,Black,None reported,Yes,32500,10.389026137075234,8.553139318189707
RAM,ProMaster 2500 High Roof,2019,31681,Gasoline,280.0HP 3.6L V6 Cylinder Engine Gasoline Fuel,A/T,White,Black,At least 1 accident or damage reported,Yes,33500,10.419330568113901,10.363503975248795
BMW,M760 M760i xDrive,2020,23430,Gasoline,6.6 Liter Twin Turbo,Automatic,White,Black,None reported,Yes,80998,11.302192087899355,10.061815210915432
Mercedes-Benz,E-Class E 400,2015,30300,Gasoline,329.0HP 3.0L V6 Cylinder Engine Gasoline Fuel,A/T,White,Black,At least 1 accident or damage reported,Yes,29000,10.275085591132715,10.318935994253193
Cadillac,XTS Luxury,2016,112000,Gasoline,304.0HP 3.6L V6 Cylinder Engine Gasoline Fuel,A/T,Blue,Beige,At least 1 accident or damage reported,Yes,14599,9.588776807696428,11.626263078808801
INFINITI,Q50 Premium,2014,127356,Gasoline,328.0HP 3.7L V6 Cylinder Engine Gasoline Fuel,7-Speed A/T,Black,Black,At least 1 accident or damage reported,Yes,19990,9.903037451255743,11.754749445524398
Volkswagen,Touareg V6 Executive,2017,50600,Gasoline,280.0HP 3.6L V6 Cylinder Engine Gasoline Fuel,8-Speed A/T,Red,Brown,At least 1 accident or damage reported,Yes,28890,10.271285406914535,10.831726617926124
Chevrolet,Suburban 1500 LTZ,2011,194000,E85 Flex Fuel,320.0HP 5.3L 8 Cylinder Engine Flex Fuel Capability,6-Speed A/T,Black,Black,None reported,Yes,9950,9.205428327615163,12.175618592671356
Toyota,Tundra SR5,2021,33455,Gasoline,381.0HP 5.7L 8 Cylinder Engine Gasoline Fuel,6-Speed A/T,Green,Black,None reported,Yes,44750,10.70886906982204,10.417986421668415
BMW,X1 sDrive28i,2022,43000,Gasoline,228.0HP 2.0L 4 Cylinder Engine Gasoline Fuel,8-Speed A/T,Gray,Black,None reported,Yes,35750,10.484333519758916,10.668978650219241
Mercedes-Benz,GL-Class GL 550 4MATIC,2016,46102,Gasoline,429.0HP 4.7L 8 Cylinder Engine Gasoline Fuel,7-Speed A/T,Black,Beige,None reported,Yes,35300,10.471666571132038,10.738633302789303
Cadillac,XTS Luxury,2019,59000,Gasoline,304.0HP 3.6L V6 Cylinder Engine Gasoline Fuel,6-Speed A/T,Black,Black,None reported,Yes,21000,9.952325334619427,10.985309671896763
Jaguar,XJ8 Base,2004,134000,Gasoline,294.0HP 4.2L 8 Cylinder Engine Gasoline Fuel,6-Speed A/T,Black,Beige,At least 1 accident or damage reported,Yes,9500,9.15915233520675,11.80560254159177
Chevrolet,Camaro ZL1,2020,3715,Gasoline,650.0HP 6.2L 8 Cylinder Engine Gasoline Fuel,A/T,Black,Black,None reported,Yes,150000,11.918397239722838,8.22040309993373
Mercedes-Benz,Sprinter 2500,2012,100245,Diesel,188.0HP 3.0L V6 Cylinder Engine Diesel Fuel,A/T,White,–,At least 1 accident or damage reported,Yes,24000,10.085850775128717,11.515382444123404
Mercedes-Benz,C-Class C 300 4MATIC,2022,8583,Gasoline,2.0L I4 16V GDI DOHC Turbo,9-Speed Automatic,Cirrus Silver Metallic,AMG Black,None reported,Yes,42999,10.668955394675699,9.057655284310535
Dodge,Dakota SLT,2003,141800,Gasoline,230.0HP 4.7L 8 Cylinder Engine Gasoline Fuel,A/T,Red,Gray,At least 1 accident or damage reported,Yes,5700,8.648396877031582,11.862179945241476
Audi,A5 2.0T Premium Plus,2012,77000,Gasoline,211.0HP 2.0L 4 Cylinder Engine Gasoline Fuel,8-Speed A/T,White,Black,None reported,Yes,13800,9.53249633228804,11.251573687764477
Audi,A5 2.0T Premium,2018,67035,Gasoline,252.0HP 2.0L 4 Cylinder Engine Gasoline Fuel,Transmission w/Dual Shift Mode,Pink,Brown,At least 1 accident or damage reported,Yes,31500,10.357774570341576,11.112985067504765
Audi,S5 3.0 Premium Plus,2012,61450,Gasoline,333.0HP 3.0L V6 Cylinder Engine Gasoline Fuel,7-Speed A/T,White,Gray,None reported,Yes,19500,9.87822102528824,11.025995388254772
Porsche,Panamera GTS,2015,39500,Gasoline,440.0HP 4.8L 8 Cylinder Engine Gasoline Fuel,Transmission w/Dual Shift Mode,Black,Black,None reported,Yes,52590,10.870300281424473,10.584081267024454
Mercedes-Benz,AMG GT C,2020,6600,Gasoline,550.0HP 4.0L 8 Cylinder Engine Gasoline Fuel,Transmission w/Dual Shift Mode,Black,Beige,None reported,Yes,128900,11.766799946849087,8.79497643168877
Chevrolet,Camaro 2SS,2023,2300,Gasoline,455.0HP 6.2L 8 Cylinder Engine Gasoline Fuel,6-Speed M/T,Red,Black,None reported,Yes,51500,10.849356503939038,7.741099090035366
Audi,Q7 Premium Plus,2023,10601,Hybrid,3.0 Liter TFSI,Automatic,Mythos Black,Black,None reported,Yes,61998,11.034873534864897,9.268797941547751
Maserati,GranTurismo MC,2018,18000,Gasoline,454.0HP 4.7L 8 Cylinder Engine Gasoline Fuel,Transmission w/Dual Shift Mode,Red,Black,None reported,Yes,67000,11.112462823634855,9.798182590890704
GMC,Sierra 2500 AT4,2022,31681,Gasoline,6.6L V8 16V GDI OHV,Automatic,Cayenne Red Tintcoat,Jet Black,At least 1 accident or damage reported,Unknown,67963,11.126733432205649,10.363503975248795
Cadillac,XT6 Sport AWD,2020,24114,Gasoline,3.6L V6 24V GDI DOHC,9-Speed Automatic,Garnet Red Metallic,Jet Black,At least 1 accident or damage reported,Unknown,49427,10.808272344224081,10.090589332503072
Jeep,Grand Cherokee L Laredo,2022,22109,Gasoline,3.6L V6 24V MPFI DOHC,Automatic,Bright White Clearcoat,Global Black,None reported,Yes,43389,10.677984278792396,10.003785273851491
Chevrolet,Avalanche 1500 LT,2012,148000,E85 Flex Fuel,320.0HP 5.3L 8 Cylinder Engine Flex Fuel Capability,A/T,Black,Black,None reported,Yes,18000,9.798182590890704,11.904974309480183
BMW,M5 Base,2018,41000,Gasoline,600.0HP 4.4L 8 Cylinder Engine Gasoline Fuel,Transmission w/Dual Shift Mode,White,White,None reported,Yes,60200,11.005444242454628,10.62135173563291
Nissan,Titan SE,2009,127600,E85 Flex Fuel,317.0HP 5.6L 8 Cylinder Engine Flex Fuel Capability,A/T,Brown,Gray,None reported,Yes,19500,9.87822102528824,11.756663486852712
Dodge,Ram 1500 SRT-10 Quad Cab,2005,138450,Gasoline,500.0HP 8.3L 10 Cylinder Engine Gasoline Fuel,4-Speed A/T,Red,Black,At least 1 accident or damage reported,Yes,19000,9.852246888342531,11.838271751397148
GMC,Sierra 1500 SLT,2013,230000,E85 Flex Fuel,315.0HP 5.3L 8 Cylinder Engine Flex Fuel Capability,A/T,White,Black,None reported,Yes,15500,9.648659816955295,12.345838935721968
Lexus,RX 350 F Sport,2017,53649,Gasoline,295.0HP 3.5L V6 Cylinder Engine Gasoline Fuel,A/T,Black,Red,None reported,Yes,33000,10.404293143019792,10.890236748058845
Mercedes-Benz,GL-Class GL 450 4MATIC,2012,174000,Gasoline,335.0HP 4.6L 8 Cylinder Engine Gasoline Fuel,7-Speed A/T,Black,Black,At least 1 accident or damage reported,Yes,11999,9.392661928770137,12.066816325306588
INFINITI,QX80 Luxe,2022,49860,Gasoline,5.6L V8 32V GDI DOHC,Automatic,Black Obsidian,Graphite,At least 1 accident or damage reported,Yes,47645,10.771553960123265,10.816994413033667
Mercedes-Benz,AMG C 63 S,2021,13650,Gasoline,503.0HP 4.0L 8 Cylinder Engine Gasoline Fuel,9-Speed A/T,Blue,Black,None reported,Yes,75000,11.225256725762893,9.521568058002977
BMW,528 i xDrive,2016,134000,Gasoline,240.0HP 2.0L 4 Cylinder Engine Gasoline Fuel,A/T,Brown,Brown,At least 1 accident or damage reported,Yes,13500,9.510519035757246,11.80560254159177
Porsche,911 Carrera,2014,78000,Gasoline,350.0HP 3.4L Flat 6 Cylinder Engine Gasoline Fuel,Transmission w/Dual Shift Mode,Brown,Brown,None reported,Yes,68000,11.127277689932466,11.264476926102367
Porsche,Boxster S,2005,65750,Gasoline,280.0HP 3.2L Flat 6 Cylinder Engine Gasoline Fuel,A/T,Blue,Gray,None reported,Yes,21750,9.987415012471414,11.093630159049829
BMW,X6 M Base,2021,18000,Gasoline,600.0HP 4.4L 8 Cylinder Engine Gasoline Fuel,8-Speed A/T,Black,Black,None reported,Yes,94000,11.451060699493427,9.798182590890704
Ford,Mustang Premium,2007,121630,Gasoline,210.0HP 4.0L V6 Cylinder Engine Gasoline Fuel,A/T,White,Black,None reported,Yes,9450,9.153875834995056,11.708747150234526
Rivian,R1S Launch Edition,2023,4500,Gasoline,835.0HP Electric Motor Electric Fuel System,1-Speed A/T,Silver,Gray,None reported,Yes,89999,11.407564949312402,8.412054873292933
Volvo,XC90 Recharge Plug-In Hybrid T8 Inscription 7 Passenger,2022,9408,Hybrid,2.0L I4 16V GDI DOHC Hybrid,8-Speed Automatic,Black,Gray,None reported,Yes,61999,11.03488966402723,9.149421957006766
BMW,528 i xDrive,2016,120000,Gasoline,240.0HP 2.0L 4 Cylinder Engine Gasoline Fuel,A/T,White,White,None reported,Yes,16000,9.680406499268875,11.695255355062795
Cadillac,Escalade ESV Platinum,2016,168600,Gasoline,420.0HP 6.2L 8 Cylinder Engine Gasoline Fuel,8-Speed A/T,White,Beige,None reported,Yes,29500,10.292179440058462,12.035290255730404
Chevrolet,Corvette Base,2004,43705,Gasoline,350.0HP 5.7L 8 Cylinder Engine Gasoline Fuel,6-Speed M/T,Gray,Black,None reported,Yes,25900,10.16203685698089,10.685240671430098
Audi,A5 2.0T Premium,2013,111000,Gasoline,211.0HP 2.0L 4 Cylinder Engine Gasoline Fuel,Transmission w/Dual Shift Mode,Blue,Beige,None reported,Yes,11500,9.350189267092581,11.6172944892629
Audi,TT 2.0T Premium,2012,64549,Gasoline,211.0HP 2.0L 4 Cylinder Engine Gasoline Fuel,Transmission w/Dual Shift Mode,Silver,Black,None reported,Yes,17000,9.741027444837728,11.075195396274788
Buick,LaCrosse CX,2007,53000,Gasoline,200.0HP 3.8L V6 Cylinder Engine Gasoline Fuel,4-Speed A/T,Red,Gray,None reported,Yes,6500,8.77971129020447,10.87806606028079
Chevrolet,Camaro 2SS,2017,13465,Gasoline,455.0HP 6.2L 8 Cylinder Engine Gasoline Fuel,8-Speed A/T,White,Black,None reported,Yes,44900,10.712215345197256,9.507923269105227
Tesla,Model Y Long Range,2023,5844,Gasoline,425.0HP Electric Motor Electric Fuel System,A/T,White,Black,None reported,Yes,52000,10.859018228147887,8.67334187390617
BMW,M3 Base,2015,74000,Gasoline,425.0HP 3.0L Straight 6 Cylinder Engine Gasoline Fuel,M/T,Gray,Black,None reported,Yes,40000,10.596659732783579,11.211833885608513
Kia,Optima LX,2011,100331,Gasoline,200.0HP 2.4L 4 Cylinder Engine Gasoline Fuel,A/T,Red,–,At least 1 accident or damage reported,Yes,6900,8.839421607620602,11.516239965938059
Toyota,Supra 3.0 Premium,2022,24850,Gasoline,382.0HP 3.0L Straight 6 Cylinder Engine Gasoline Fuel,A/T,Black,Black,None reported,Yes,53568,10.888725821536315,10.120653272163802
Lincoln,Nautilus Reserve,2021,17467,Gasoline,2.0L I4 16V GDI DOHC Turbo,8-Speed Automatic,Pristine White,Slate,None reported,Yes,43860,10.68878082152957,9.768125914605452
Nissan,Pathfinder SL,2015,115000,Gasoline,260.0HP 3.5L V6 Cylinder Engine Gasoline Fuel,A/T,Gray,Black,None reported,Yes,11995,9.392328539868899,11.652696102959753
BMW,X5 xDrive50i,2015,72000,Gasoline,445.0HP 4.4L 8 Cylinder Engine Gasoline Fuel,Transmission w/Dual Shift Mode,Black,Brown,At least 1 accident or damage reported,Yes,26500,10.184937747111391,11.184435286790631
Mazda,MazdaSpeed3 Grand Touring,2008,162000,Gasoline,263.0HP 2.3L 4 Cylinder Engine Gasoline Fuel,6-Speed M/T,Black,Black,At least 1 accident or damage reported,Yes,6500,8.77971129020447,11.995357787034976
GMC,Yukon XL SLT,2017,47589,Gasoline,355.0HP 5.3L 8 Cylinder Engine Gasoline Fuel,A/T,Black,Black,None reported,Yes,45500,10.725489582719506,10.770377934115157
Toyota,bZ4X Limited,2023,6548,Gasoline,Electric,Automatic,Wind Chill Pearl,Black,None reported,Yes,41999,10.645424897265505,8.787067645218054
RAM,ProMaster 2500 High Roof,2018,10339,Gasoline,280.0HP 3.6L V6 Cylinder Engine Gasoline Fuel,6-Speed A/T,White,Gray,None reported,Yes,36990,10.518429918794682,9.24377514806242
RAM,1500 Classic SLT,2021,32092,Gasoline,3.6L V6 24V MPFI DOHC,8-Speed Automatic,Patriot Blue Pearlcoat,Black,None reported,Yes,35113,10.466355190329153,10.376393216801882
Lexus,GS 350 Base,2014,85275,Gasoline,3.5 Liter,Automatic,Nebula Gray Pearl,Black,At least 1 accident or damage reported,Unknown,23998,10.085767441795337,11.353648333984433
Hyundai,Tucson Limited,2016,138000,Gasoline,175.0HP 1.6L 4 Cylinder Engine Gasoline Fuel,7-Speed A/T,Brown,Beige,None reported,Yes,10990,9.3048320350689,11.835016210489899
Chevrolet,SSR Base,2003,87500,Gasoline,300.0HP 5.3L 8 Cylinder Engine Gasoline Fuel,A/T,Red,Black,None reported,Yes,16999,9.740968623038354,11.37940550085183
Maserati,GranTurismo Base,2013,34920,Gasoline,440.0HP 4.7L 8 Cylinder Engine Gasoline Fuel,6-Speed A/T,Gray,Brown,None reported,Yes,38900,10.568775236216993,10.460843646427818
Tesla,Model X Performance,2020,27224,Gasoline,Electric,1-Speed Automatic,Black,Black,None reported,Yes,65999,11.097410021008562,10.21189094780116
BMW,M2 Base,2018,25000,Gasoline,365.0HP 3.0L Straight 6 Cylinder Engine Gasoline Fuel,7-Speed A/T,Black,Black,None reported,Yes,52000,10.859018228147887,10.12667110305036
Tesla,Model Y Long Range,2021,14642,Gasoline,425.0HP Electric Motor Electric Fuel System,A/T,Red,Black,None reported,Yes,48500,10.789339695269716,9.591717684555258
Subaru,Outback 2.5i Limited,2015,162000,Gasoline,175.0HP 2.5L 4 Cylinder Engine Gasoline Fuel,CVT Transmission,Gray,Black,None reported,Yes,13999,9.546812608597396,11.995357787034976
Land Rover,Range Rover 5.0L Supercharged,2017,101800,Gasoline,510.0HP 5.0L 8 Cylinder Engine Gasoline Fuel,A/T,Silver,Black,None reported,Yes,36500,10.505094936455558,11.530775206233024
Ford,Expedition Max XLT,2021,84351,Gasoline,3.5L V6 24V PDI DOHC Twin Turbo,10-Speed Automatic,Blue,Ebony,None reported,Yes,42691,10.661766828033855,11.342753798422125
Nissan,Leaf SL,2012,26930,Gasoline,107.0HP Electric Motor Electric Fuel System,1-Speed A/T,White,Beige,None reported,Yes,6700,8.81001204797317,10.201033318424798
Toyota,Tacoma TRD Pro,2019,40698,Gasoline,3.5L V6 24V PDI DOHC,6-Speed,Super White,Black,None reported,Yes,42886,10.666324028690118,10.613958801104268
Mercedes-Benz,AMG GT 63 S 4-Door,2020,40000,Gasoline,630.0HP 4.0L 8 Cylinder Engine Gasoline Fuel,9-Speed A/T,Black,Red,None reported,Yes,112500,11.630717389475995,10.596659732783579
BMW,230 i,2019,30000,Gasoline,248.0HP 2.0L 4 Cylinder Engine Gasoline Fuel,8-Speed A/T,Blue,Beige,At least 1 accident or damage reported,Yes,29000,10.275085591132715,10.308985993422082
Lexus,ES 350 Base,2007,78980,Gasoline,272.0HP 3.5L V6 Cylinder Engine Gasoline Fuel,6-Speed A/T,Silver,Beige,At least 1 accident or damage reported,Yes,10600,9.268703615273097,11.276962596193759
Porsche,911 Carrera S Cabriolet,2007,28844,Gasoline,3.8L H6 24V MPFI DOHC,6-Speed Manual,White,Beige,None reported,Yes,69995,11.156193376541639,10.26969194669099
Porsche,Taycan Turbo,2020,21028,Gasoline,Dual AC Electric Motors,Single-Speed Fixed Gear,BLACK,BEIGE,None reported,Yes,96900,11.481445117743048,9.953657716448705
Maserati,Levante Modena,2023,5409,Gasoline,3.0L V6 24V GDI DOHC Twin Turbo,8-Speed Automatic,Blu,Black,None reported,Yes,88950,11.395840935301726,8.596004371840527
Dodge,Challenger SRT Hellcat,2020,12700,Gasoline,717.0HP 6.2L 8 Cylinder Engine Gasoline Fuel,8-Speed A/T,Black,Black,At least 1 accident or damage reported,Yes,69900,11.154835234271214,9.44943600950432
Mazda,Mazda6 Touring,2021,19000,Gasoline,187.0HP 2.5L 4 Cylinder Engine Gasoline Fuel,A/T,Blue,Black,None reported,Yes,25900,10.16203685698089,9.852246888342531
Audi,S4 3.0T Premium,2019,12000,Gasoline,349.0HP 3.0L V6 Cylinder Engine Gasoline Fuel,A/T,Black,Black,None reported,Yes,48000,10.778977123006351,9.392745258631441
Ford,Mustang GT Premium,2016,25717,Gasoline,435.0HP 5.0L 8 Cylinder Engine Gasoline Fuel,6-Speed M/T,Black,Black,None reported,Yes,33900,10.431199791458543,10.154946414830384
Tesla,Model Y Long Range,2022,12055,Gasoline,425.0HP Electric Motor Electric Fuel System,A/T,Blue,Black,None reported,Yes,44400,10.70101727068921,9.397317740306331
Audi,TTS 2.0T Premium Plus,2011,69700,Gasoline,265.0HP 2.0L 4 Cylinder Engine Gasoline Fuel,6-Speed A/T,Orange,–,At least 1 accident or damage reported,Yes,23000,10.043292972227004,11.151969943847991
BMW,M2 Competition,2020,25013,Gasoline,405.0HP 3.0L Straight 6 Cylinder Engine Gasoline Fuel,7-Speed A/T,Black,Black,None reported,Yes,55000,10.915106645867503,10.127190947108852
Audi,Q4 e-tron Sportback Premium,2023,1156,Gasoline,295.0HP Electric Motor Electric Fuel System,A/T,Blue,Black,None reported,Yes,54900,10.91328684226798,7.053585727193677
BMW,740 i,2016,57939,Gasoline,320.0HP 3.0L Straight 6 Cylinder Engine Gasoline Fuel,8-Speed A/T,Gray,Black,None reported,Yes,27500,10.221977646629885,10.967163271323342
Mercedes-Benz,AMG GLE 43 Coupe 4MATIC,2018,52694,Gasoline,385.0HP 3.0L V6 Cylinder Engine Gasoline Fuel,Transmission w/Dual Shift Mode,Gray,Black,None reported,Yes,49999,10.819778284410283,10.872275853368038
Mercedes-Benz,S-Class S 550 4MATIC,2015,54000,Gasoline,449.0HP 4.7L 8 Cylinder Engine Gasoline Fuel,7-Speed A/T,White,Beige,None reported,Yes,37000,10.518700218288165,10.896757843893464
Honda,S2000 Base,2002,110500,Gasoline,240.0HP 2.0L 4 Cylinder Engine Gasoline Fuel,6-Speed M/T,Yellow,Red,None reported,Yes,27000,10.203629181337648,11.612779849672751
Chevrolet,Corvette Base,2000,97500,Gasoline,345.0HP 5.7L 8 Cylinder Engine Gasoline Fuel,6-Speed M/T,Yellow,Black,None reported,Yes,10000,9.210440366976517,11.487617913343598
Chevrolet,Colorado Z71,2020,20909,Gasoline,3.6L V6 24V GDI DOHC,Automatic,Red,Jet Black,None reported,Yes,35387,10.474128058603277,9.94798279242268
Mercedes-Benz,S-Class S 63 AMG,2013,77648,Gasoline,536.0HP 5.5L 8 Cylinder Engine Gasoline Fuel,7-Speed A/T,Silver,Black,None reported,Yes,40000,10.596659732783579,11.259953950193843
Bentley,Continental GTC Base,2013,79422,Gasoline,616.0HP 6.0L 12 Cylinder Engine Gasoline Fuel,8-Speed A/T,Black,Black,None reported,Yes,64000,11.06665398721974,11.282543277832316
GMC,Sierra 2500 SLE H/D Extended Cab,2002,53850,Gasoline,340.0HP 8.1L 8 Cylinder Engine Gasoline Fuel,A/T,Silver,Gray,At least 1 accident or damage reported,Yes,16900,9.735128070758227,10.893976252514248
Audi,SQ5 3.0T Premium,2020,21832,Gasoline,349.0HP 3.0L V6 Cylinder Engine Gasoline Fuel,8-Speed A/T,Blue,Black,None reported,Yes,42000,10.645448706505872,9.991177865663117
Toyota,Corolla iM Base,2017,41932,Gasoline,137.0HP 1.8L 4 Cylinder Engine Gasoline Fuel,6-Speed M/T,Black,Black,None reported,Yes,18700,9.83633227734872,10.643828385423177
GMC,Yukon XL SLT,2017,110000,Gasoline,355.0HP 5.3L 8 Cylinder Engine Gasoline Fuel,A/T,Blue,Black,At least 1 accident or damage reported,Yes,34999,10.46310334047155,11.608244735642321
Toyota,Tundra 1794,2020,67400,Gasoline,381.0HP 5.7L 8 Cylinder Engine Gasoline Fuel,A/T,Black,Brown,None reported,Yes,47500,10.768506042432708,11.118415133585586
Subaru,WRX Premium,2017,62662,Gasoline,268.0HP 2.0L 4 Cylinder Engine Gasoline Fuel,M/T,Red,Black,At least 1 accident or damage reported,Yes,24000,10.085850775128717,11.045526440793864
Subaru,WRX Base,2015,102000,Gasoline,268.0HP 2.0L 4 Cylinder Engine Gasoline Fuel,M/T,White,Black,At least 1 accident or damage reported,Yes,18000,9.798182590890704,11.532737896139919
INFINITI,Q50 Premium,2014,79785,Gasoline,328.0HP 3.7L V6 Cylinder Engine Gasoline Fuel,7-Speed A/T,Red,White,At least 1 accident or damage reported,Yes,16488,9.710448770900967,11.287103329450257
Chevrolet,Suburban Premier,2017,166549,Gasoline,355.0HP 5.3L 8 Cylinder Engine Gasoline Fuel,6-Speed A/T,White,Beige,At least 1 accident or damage reported,Yes,24950,10.124669180536797,12.023050843621826
Toyota,Sequoia Limited,2006,190656,Gasoline,273.0HP 4.7L 8 Cylinder Engine Gasoline Fuel,A/T,Black,Gray,At least 1 accident or damage reported,Yes,8900,9.093918908958932,12.158231281107874
Dodge,Challenger R/T Scat Pack,2016,7928,Gasoline,–,6-Speed M/T,Red,Red,None reported,Yes,37500,10.53212287826962,8.978282203272398
Porsche,Cayenne GTS,2009,135606,Gasoline,405.0HP 4.8L 8 Cylinder Engine Gasoline Fuel,Transmission w/Dual Shift Mode,Black,Black,None reported,Yes,15000,9.61587214452889,11.81751627557492
Kia,Telluride S,2023,14700,Gasoline,291.0HP 3.8L V6 Cylinder Engine Gasoline Fuel,8-Speed A/T,Blue,Black,None reported,Yes,39900,10.594156665220533,9.595670797663967
Mercedes-Benz,AMG E 63 S 4MATIC,2019,12985,Gasoline,603.0HP 4.0L 8 Cylinder Engine Gasoline Fuel,9-Speed A/T,Gray,Black,At least 1 accident or damage reported,Yes,96000,11.472113887062386,9.471627133068433
BMW,Z4 sDrive35is,2014,4200,Gasoline,335.0HP 3.0L Straight 6 Cylinder Engine Gasoline Fuel,Transmission w/Dual Shift Mode,White,Red,None reported,Yes,64995,11.082081008522668,8.343077871169383
Subaru,Impreza 2.0i Sport,2017,44000,Gasoline,152.0HP 2.0L 4 Cylinder Engine Gasoline Fuel,5-Speed M/T,Red,Black,None reported,Yes,23500,10.064798252418377,10.691967639914864
Dodge,Dart SE,2015,66000,Gasoline,160.0HP 2.0L 4 Cylinder Engine Gasoline Fuel,6-Speed M/T,Black,Black,None reported,Yes,12000,9.392745258631441,11.097425172408931
Land Rover,Range Rover P525 Westminster,2021,17945,Gasoline,5.0L V8 32V GDI DOHC Supercharged,8-Speed Automatic,Santorini Black Metallic,Ebony,None reported,Yes,89900,11.40646434386837,9.795122527858004
Nissan,370Z Base,2013,106700,Gasoline,332.0HP 3.7L V6 Cylinder Engine Gasoline Fuel,6-Speed M/T,Red,Black,None reported,Yes,17500,9.770013301136158,11.577785809317154
Cadillac,Escalade ESV Luxury,2020,120000,Gasoline,420.0HP 6.2L 8 Cylinder Engine Gasoline Fuel,10-Speed A/T,Black,Black,None reported,Yes,55000,10.915106645867503,11.695255355062795
Mercedes-Benz,E-Class E 350,2012,59600,Gasoline,302.0HP 3.5L V6 Cylinder Engine Gasoline Fuel,Transmission w/Dual Shift Mode,White,Beige,None reported,Yes,19900,9.898525260706313,10.995427631436174
Kia,Optima Hybrid EX,2012,117220,Hybrid,206.0HP 2.4L 4 Cylinder Engine Gas/Electric Hybrid,A/T,Black,Black,None reported,Yes,8900,9.093918908958932,11.671816320961444
Chevrolet,Silverado 3500 LTZ,2022,85200,Diesel,445.0HP 6.6L 8 Cylinder Engine Diesel Fuel,10-Speed A/T,Silver,Gray,None reported,Yes,67500,11.119897691565697,11.352768449837729
Volkswagen,Golf GTI 2.0T SE 4-Door,2018,63450,Gasoline,220.0HP 2.0L 4 Cylinder Engine Gasoline Fuel,6-Speed M/T,White,Black,None reported,Yes,24325,10.099301016178382,11.058023233459632
Dodge,Ram 1500 SRT-10,2004,73000,Gasoline,500.0HP 8.3L 10 Cylinder Engine Gasoline Fuel,6-Speed M/T,Black,Gray,None reported,Yes,22500,10.021315031649332,11.19822841866684
Scion,tC Anniversary Edition,2014,115000,Gasoline,179.0HP 2.5L 4 Cylinder Engine Gasoline Fuel,6-Speed M/T,Silver,Silver,None reported,Yes,11495,9.34975442775886,11.652696102959753
Land Rover,Range Rover 5.0L Supercharged Autobiography,2016,56000,Gasoline,510.0HP 5.0L 8 Cylinder Engine Gasoline Fuel,8-Speed A/T,Black,Brown,None reported,Yes,49900,10.817796321618971,10.933124826700707
Lexus,LS 500 Base,2018,67296,Gasoline,"3.5L V-6 port/direct injection, DOHC, VVT-iE/VVT-i variable valv","Automatic, 10-Spd",–,–,None reported,Yes,40900,10.61890979160975,11.116870938116225
Chevrolet,Suburban 1500 LT,2015,179200,Gasoline,355.0HP 5.3L 8 Cylinder Engine Gasoline Fuel,6-Speed A/T,Black,–,At least 1 accident or damage reported,Yes,16000,9.680406499268875,12.09626335986454
Maserati,GranTurismo Base,2015,28000,Gasoline,444.0HP 4.7L 8 Cylinder Engine Gasoline Fuel,6-Speed A/T,White,Red,None reported,Yes,44999,10.714417768752456,10.239995502805316
Porsche,911 Carrera Turbo,2003,155000,Gasoline,415.0HP 3.6L Flat 6 Cylinder Engine Gasoline Fuel,6-Speed M/T,Black,Black,None reported,Yes,55000,10.915106645867503,11.951186847493476
Hyundai,Sonata Hybrid Base,2012,154000,Hybrid,206.0HP 2.4L 4 Cylinder Engine Gas/Electric Hybrid,A/T,Green,Gray,At least 1 accident or damage reported,Yes,8500,9.04793908261736,11.944714374881176
Cadillac,CTS Luxury,2012,62500,Gasoline,270.0HP 3.0L V6 Cylinder Engine Gasoline Fuel,6-Speed A/T,Red,Beige,At least 1 accident or damage reported,Yes,18955,9.849875783087478,11.042937835596494
BMW,323 Ci,2000,177700,Gasoline,170.0HP 2.5L Straight 6 Cylinder Engine Gasoline Fuel,5-Speed A/T,Silver,Black,None reported,Yes,2500,7.824445930877619,12.087857641588924
Tesla,Model 3 Standard Range Plus,2019,83700,Gasoline,Electric Motor Electric Fuel System,A/T,Black,Black,At least 1 accident or damage reported,Yes,26000,10.165890277802454,11.3350062038375
Nissan,370Z Touring,2012,65000,Gasoline,332.0HP 3.7L V6 Cylinder Engine Gasoline Fuel,6-Speed M/T,Gray,Black,None reported,Yes,21500,9.975854724662028,11.082157933374816
Mercedes-Benz,GLS 450 Base 4MATIC,2018,62808,Gasoline,3.0 Liter DOHC Twin Turbo,Automatic,Black,–,At least 1 accident or damage reported,Unknown,38598,10.560981648381585,11.047853654290003
Ford,Mustang GT Premium,2021,3000,Gasoline,460.0HP 5.0L 8 Cylinder Engine Gasoline Fuel,6-Speed M/T,Red,Black,None reported,Yes,49500,10.809748150372926,8.006700845440367
Audi,Q5 2.0T Premium,2012,119000,Gasoline,211.0HP 2.0L 4 Cylinder Engine Gasoline Fuel,A/T,Gray,–,None reported,Yes,12000,9.392745258631441,11.686887175419702
RAM,2500 Big Horn,2013,198868,Diesel,350.0HP 6.7L Straight 6 Cylinder Engine Diesel Fuel,6-Speed A/T,Brown,Beige,None reported,Yes,25000,10.12667110305036,12.200401595480384
Dodge,Ram 1500 ST,2011,188000,Gasoline,210.0HP 3.7L V6 Cylinder Engine Gasoline Fuel,A/T,Silver,Black,At least 1 accident or damage reported,Yes,8500,9.04793908261736,12.144202560946876
Mercedes-Benz,C-Class C 300 4MATIC Sport,2013,157405,Gasoline,248.0HP 3.5L V6 Cylinder Engine Gasoline Fuel,A/T,Black,Black,None reported,Yes,10750,9.282754052485227,11.966583733679828
Dodge,Challenger SRT Hellcat,2016,8228,Gasoline,707.0HP 6.2L 8 Cylinder Engine Gasoline Fuel,8-Speed A/T,Blue,Black,None reported,Yes,62500,11.042937835596494,9.015419779605713
Land Rover,Range Rover 3.0L Supercharged HSE,2018,73101,Gasoline,380.0HP 3.0L V6 Cylinder Engine Gasoline Fuel,A/T,Blue,Beige,None reported,Yes,42950,10.667815210028436,11.19961100514472
BMW,M4 Base,2018,10950,Gasoline,425.0HP 3.0L Straight 6 Cylinder Engine Gasoline Fuel,6-Speed M/T,White,White,None reported,Yes,60995,11.018563567234903,9.301186055275759
Mercedes-Benz,S-Class S 560 4MATIC,2018,63160,Gasoline,463.0HP 4.0L 8 Cylinder Engine Gasoline Fuel,A/T,Black,–,At least 1 accident or damage reported,Yes,47000,10.757924157061597,11.053442301049815
Land Rover,Range Rover 5.0L V8 Supercharged,2019,31866,Gasoline,"5L V-8 gasoline direct injection, DOHC, variable valve control,","Automatic, 8-Spd",–,–,None reported,Yes,68900,11.140425970684525,10.36932627056772
Chevrolet,Express 3500 Base,2009,75000,Gasoline,319.0HP 6.0L 8 Cylinder Engine Gasoline Fuel,A/T,White,Gray,None reported,Yes,18900,9.846970109700957,11.225256725762893
Toyota,4Runner TRD Pro,2016,98000,Gasoline,270.0HP 4.0L V6 Cylinder Engine Gasoline Fuel,A/T,Black,Black,At least 1 accident or damage reported,Yes,36000,10.491301994830229,11.49273296168228
Mazda,MX-5 Miata Grand Touring,2012,33576,Gasoline,167.0HP 2.0L 4 Cylinder Engine Gasoline Fuel,6-Speed M/T,Red,Beige,None reported,Yes,18900,9.846970109700957,10.421596587748377
Volkswagen,Touareg VR6 Lux,2012,123200,Gasoline,280.0HP 3.6L V6 Cylinder Engine Gasoline Fuel,A/T,Gray,Beige,At least 1 accident or damage reported,Yes,12449,9.429475901892854,11.72157244693173
Jaguar,XJ Base,2013,112000,Gasoline,340.0HP 3.0L V6 Cylinder Engine Gasoline Fuel,A/T,Blue,White,None reported,Yes,8800,9.082620630373812,11.626263078808801
Chevrolet,Camaro 2SS,2010,68000,Gasoline,426.0HP 6.2L 8 Cylinder Engine Gasoline Fuel,6-Speed A/T,Gray,Gray,At least 1 accident or damage reported,Yes,19500,9.87822102528824,11.127277689932466
INFINITI,G37 x,2012,120000,Gasoline,328.0HP 3.7L V6 Cylinder Engine Gasoline Fuel,Transmission w/Dual Shift Mode,Red,Black,At least 1 accident or damage reported,Yes,14500,9.581972891547895,11.695255355062795
BMW,X6 xDrive50i,2019,45000,Gasoline,445.0HP 4.4L 8 Cylinder Engine Gasoline Fuel,8-Speed A/T,Silver,Black,At least 1 accident or damage reported,Yes,46999,10.757902880692196,10.714439990727769
Chevrolet,Camaro LT1,2022,6700,Gasoline,455.0HP 6.2L 8 Cylinder Engine Gasoline Fuel,10-Speed A/T,Gray,Black,None reported,Yes,39500,10.584081267024454,8.81001204797317
Porsche,Taycan Base,2021,6785,Gasoline,Electric,2-Speed Automatic,Gentian Blue Metallic,Black,None reported,Yes,108900,11.598194491615347,8.822616945344176
Mercedes-Benz,S-Class S 63 AMG,2015,40900,Gasoline,577.0HP 5.5L 8 Cylinder Engine Gasoline Fuel,7-Speed A/T,White,–,None reported,Yes,59750,10.997941206055378,10.61890979160975
Cadillac,Escalade ESV Premium Luxury,2018,74150,Gasoline,420.0HP 6.2L 8 Cylinder Engine Gasoline Fuel,10-Speed A/T,Gold,Brown,None reported,Yes,45000,10.714439990727769,11.213858833651809
Toyota,Camry Hybrid XLE,2014,94448,Hybrid,200.0HP 2.5L 4 Cylinder Engine Gas/Electric Hybrid,A/T,Silver,Gray,None reported,Yes,15999,9.680344001221918,11.455815285261114
Audi,A6 3.0T Prestige,2015,108000,Gasoline,310.0HP 3.0L V6 Cylinder Engine Gasoline Fuel,Transmission w/Dual Shift Mode,Black,Brown,None reported,Yes,19998,9.903437551286085,11.58989576532275
BMW,X5 M Base,2012,118000,Gasoline,555.0HP 4.4L 8 Cylinder Engine Gasoline Fuel,Transmission w/Dual Shift Mode,White,Orange,At least 1 accident or damage reported,Yes,17000,9.741027444837728,11.678448377988165
Jaguar,F-PACE SVR,2020,38800,Gasoline,550.0HP 5.0L 8 Cylinder Engine Gasoline Fuel,Transmission w/Dual Shift Mode,Black,Black,None reported,Yes,57500,10.959557617938563,10.566201298475118
BMW,740 i,2017,55000,Gasoline,320.0HP 3.0L Straight 6 Cylinder Engine Gasoline Fuel,Transmission w/Dual Shift Mode,White,Black,None reported,Yes,40000,10.596659732783579,10.915106645867503
BMW,M340 i xDrive,2021,34967,Hybrid,382.0HP 3.0L Straight 6 Cylinder Engine Gasoline/Mild Electric Hybrid,8-Speed A/T,Blue,Beige,At least 1 accident or damage reported,Yes,49999,10.819778284410283,10.46218863654315
Jeep,Wrangler Unlimited Sport,2016,85325,Gasoline,285.0HP 3.6L V6 Cylinder Engine Gasoline Fuel,5-Speed A/T,Black,Black,None reported,Yes,30000,10.308985993422082,11.354234493600751
RAM,2500 Tradesman,2018,63750,Gasoline,410.0HP 6.4L 8 Cylinder Engine Gasoline Fuel,6-Speed A/T,Gray,Gray,None reported,Yes,36000,10.491301994830229,11.062740149172154
Ford,Mustang V6,2016,87248,Gasoline,300.0HP 3.7L V6 Cylinder Engine Gasoline Fuel,6-Speed A/T,Black,Black,None reported,Yes,19999,9.903487552536127,11.376521378680941
Mercedes-Benz,GL-Class GL 450,2011,112854,Gasoline,335.0HP 4.7L 8 Cylinder Engine Gasoline Fuel,7-Speed A/T,White,Black,None reported,Yes,11999,9.392661928770137,11.633859087865856
Rivian,R1S Adventure Package,2023,1150,Gasoline,835.0HP Electric Motor Electric Fuel System,A/T,Green,Black,None reported,Yes,96850,11.480928994027062,7.048386408721883
Tesla,Model Y Long Range,2023,10000,Gasoline,425.0HP Electric Motor Electric Fuel System,A/T,Blue,Black,None reported,Yes,48000,10.778977123006351,9.210440366976517
Mercedes-Benz,E-Class E 350,2022,14100,Gasoline,255.0HP 2.0L 4 Cylinder Engine Gasoline Fuel,9-Speed A/T,Gray,Black,None reported,Yes,53000,10.87806606028079,9.55400099583723
BMW,X7 xDrive40i,2023,14360,Hybrid,375.0HP 3.0L Straight 6 Cylinder Engine Gasoline/Mild Electric Hybrid,8-Speed A/T,Black,Black,None reported,Yes,85495,11.356224870204732,9.57227147806062
Chevrolet,Trailblazer RS,2023,10000,Gasoline,155.0HP 1.3L 3 Cylinder Engine Gasoline Fuel,9-Speed A/T,Blue,Black,None reported,Yes,32000,10.373522431293592,9.210440366976517
Chevrolet,Suburban 1500 LTZ,2015,217500,Gasoline,355.0HP 5.3L 8 Cylinder Engine Gasoline Fuel,A/T,Black,Black,None reported,Yes,20000,9.90353755128617,12.289958727201455
Chevrolet,Suburban Premier,2021,73846,Gasoline,5.3L V8 16V GDI OHV,10-Speed Automatic,Midnight Blue Metallic,Jet Black,None reported,Yes,60995,11.018563567234903,11.20975066425017
Jeep,Gladiator Overland,2020,40000,Gasoline,285.0HP 3.6L V6 Cylinder Engine Gasoline Fuel,Transmission w/Dual Shift Mode,Gray,Black,None reported,Yes,45000,10.714439990727769,10.596659732783579
GMC,Yukon XL AT4,2023,9980,Gasoline,355.0HP 5.3L 8 Cylinder Engine Gasoline Fuel,10-Speed A/T,Black,Black,None reported,Yes,82000,11.314486721293981,9.208438564686587
Mazda,Mazda6 Grand Touring Reserve,2019,41997,Gasoline,227.0HP 2.5L 4 Cylinder Engine Gasoline Fuel,6-Speed A/T,Black,Black,None reported,Yes,24995,10.126471091048971,10.645377277084064
Alfa Romeo,Giulia Ti,2021,2000,Gasoline,280.0HP 2.0L 4 Cylinder Engine Gasoline Fuel,8-Speed A/T,Blue,Brown,None reported,Yes,39000,10.571342565808699,7.601402334583733
Mercedes-Benz,CLA-Class CLA 250,2016,42750,Gasoline,208.0HP 2.0L 4 Cylinder Engine Gasoline Fuel,Transmission w/Dual Shift Mode,Black,Black,At least 1 accident or damage reported,Yes,22999,10.043249494911286,10.663147865904188
BMW,330 330i xDrive,2019,19473,Gasoline,Intercooled Turbo Premium Unleaded I-4 2.0 L/122,Automatic,Alpine White,Canberra Beige,None reported,Yes,31698,10.36404041362647,9.876835521538702
Volkswagen,Beetle 2.0T S,2019,35340,Gasoline,174.0HP 2.0L 4 Cylinder Engine Gasoline Fuel,A/T,Black,Gray,None reported,Yes,23000,10.043292972227004,10.472799042021169
Mercedes-Benz,CLK-Class CLK 350,2008,93000,Gasoline,268.0HP 3.5L V6 Cylinder Engine Gasoline Fuel,7-Speed A/T,White,Beige,At least 1 accident or damage reported,Yes,12000,9.392745258631441,11.440365524765756
Audi,RS 7 4.0T Prestige,2014,66150,Gasoline,560.0HP 4.0L 8 Cylinder Engine Gasoline Fuel,8-Speed A/T,White,Black,At least 1 accident or damage reported,Yes,47995,10.77887295308428,11.099695286586813
Volvo,XC60 Recharge Plug-In Hybrid T8 Inscription,2022,19352,Plug-In Hybrid,455.0HP 2.0L 4 Cylinder Engine Plug-In Electric/Gas,8-Speed A/T,Blue,Beige,None reported,Yes,54599,10.907789161732996,9.870602725200351
Land Rover,Range Rover Supercharged LWB,2020,81000,Gasoline,518.0HP 5.0L 8 Cylinder Engine Gasoline Fuel,A/T,Black,Black,None reported,Yes,64800,11.079076314320059,11.302216779257382
Toyota,Sequoia Limited,2011,183000,Gasoline,381.0HP 5.7L 8 Cylinder Engine Gasoline Fuel,6-Speed A/T,Gold,Beige,None reported,Yes,16000,9.680406499268875,12.117246896289503
Jeep,Wrangler X,2004,44000,Gasoline,190.0HP 4.0L Straight 6 Cylinder Engine Gasoline Fuel,M/T,Green,Green,At least 1 accident or damage reported,Yes,24999,10.126631103850338,10.691967639914864
Audi,S5 3.0T Premium,2021,18100,Gasoline,349.0HP 3.0L V6 Cylinder Engine Gasoline Fuel,8-Speed A/T,Gray,Gray,None reported,Yes,51800,10.85516473308054,9.803722464346553
Land Rover,Range Rover Sport Supercharged,2011,40000,Gasoline,510.0HP 5.0L 8 Cylinder Engine Gasoline Fuel,Transmission w/Dual Shift Mode,Blue,Brown,At least 1 accident or damage reported,Yes,20000,9.90353755128617,10.596659732783579
Mercedes-Benz,Sprinter 2500,2011,120000,Diesel,188.0HP 3.0L V6 Cylinder Engine Diesel Fuel,5-Speed A/T,Black,Gray,None reported,Yes,31999,10.373491181781864,11.695255355062795
Toyota,Sequoia Platinum,2023,325,Hybrid,437.0HP 3.4L V6 Cylinder Engine Gas/Electric Hybrid,10-Speed A/T,Blue,Gray,None reported,Yes,84997,11.350383005783868,5.786897381366708
Maserati,Quattroporte S GranLusso,2017,55000,Gasoline,405.0HP 3.0L V6 Cylinder Engine Gasoline Fuel,A/T,Blue,Black,None reported,Yes,39100,10.573903321093981,10.915106645867503
Lamborghini,Aventador SVJ Base,2021,6987,Gasoline,6.5L V12 48V MPFI DOHC,7-Speed,–,Nero Ade,None reported,Yes,749950,13.527763150044844,8.851949671253948
Ford,Mustang Bullitt,2019,48500,Gasoline,480.0HP 5.0L 8 Cylinder Engine Gasoline Fuel,6-Speed M/T,Black,Black,At least 1 accident or damage reported,Yes,44999,10.714417768752456,10.789339695269716
RAM,2500 Tradesman,2018,52000,Diesel,350.0HP 6.7L Straight 6 Cylinder Engine Diesel Fuel,6-Speed A/T,Gray,Black,None reported,Yes,50000,10.819798284210286,10.859018228147887
Toyota,FJ Cruiser Base,2007,179000,Gasoline,239.0HP 4.0L V6 Cylinder Engine Gasoline Fuel,A/T,Silver,Black,At least 1 accident or damage reported,Yes,17900,9.792611856190192,12.095146671399466
Dodge,Charger Scat Pack,2019,42626,Gasoline,485.0HP 6.4L 8 Cylinder Engine Gasoline Fuel,8-Speed A/T,Silver,Red,None reported,Yes,42000,10.645448706505872,10.660243134306185
Lexus,GX 460 Base,2018,65900,Gasoline,301.0HP 4.6L 8 Cylinder Engine Gasoline Fuel,Transmission w/Dual Shift Mode,Gray,Black,At least 1 accident or damage reported,Yes,34700,10.454523783963511,11.095908894882296
Genesis,GV80 2.5T,2022,7523,Gasoline,2.5L I4 16V PDI DOHC Turbo,8-Speed Automatic,Black,Black,None reported,Yes,54543,10.906762994377685,8.925853190420922
Jaguar,F-PACE 30t R-Sport,2019,34365,Gasoline,2.0 Liter,Automatic,Yulong,Ebony,None reported,Yes,59598,10.995394074389191,10.44482298250669
Kia,Sportage S,2021,16949,Gasoline,2.4L I4 16V GDI DOHC,6-Speed Automatic,Hyper Red,Black,None reported,Yes,24995,10.126471091048971,9.738023112808596
Mercedes-Benz,S-Class S 580 4MATIC,2022,7968,Hybrid,496.0HP 4.0L 8 Cylinder Engine Gasoline/Mild Electric Hybrid,9-Speed A/T,White,White,None reported,Yes,104999,11.56171562913966,8.983314293397749
Porsche,Panamera Base,2018,61000,Gasoline,330.0HP 3.0L V6 Cylinder Engine Gasoline Fuel,Transmission w/Dual Shift Mode,Gray,Gray,None reported,Yes,57500,10.959557617938563,11.0186455364637
INFINITI,QX80 Base,2018,100564,Gasoline,5.6L V8 32V GDI DOHC,7-Speed Automatic,Black,Graphite,None reported,Yes,23105,10.047847603042964,11.51855956358732
Ford,Maverick Lariat,2022,13700,Hybrid,191.0HP 2.5L 4 Cylinder Engine Gas/Electric Hybrid,CVT Transmission,Blue,Brown,None reported,Yes,39500,10.584081267024454,9.525224101853109
Kia,Telluride SX,2021,38612,Gasoline,3.8L V6 24V GDI DOHC,8-Speed Automatic,Ebony Black,Black,None reported,Yes,42242,10.651193938585422,10.561344286317487
Chevrolet,Colorado Z85,2005,155000,Gasoline,220.0HP 3.5L 5 Cylinder Engine Gasoline Fuel,A/T,Blue,Gray,At least 1 accident or damage reported,Yes,7995,8.98669669562029,11.951186847493476
Mercedes-Benz,E-Class E 550,2017,56000,Gasoline,402.0HP 4.7L 8 Cylinder Engine Gasoline Fuel,Transmission w/Dual Shift Mode,Gray,White,None reported,Yes,35750,10.484333519758916,10.933124826700707
Land Rover,Range Rover Sport SVR,2022,15107,Gasoline,5.0L V8 32V GDI DOHC Supercharged,8-Speed Automatic,Santorini Black Metallic,Ebony,None reported,Yes,114900,11.651826167019166,9.622979683832348
Toyota,Corolla Hybrid LE,2022,44459,Hybrid,121.0HP 1.8L 4 Cylinder Engine Gas/Electric Hybrid,A/T,Silver,Gray,None reported,Yes,22945,10.040898908359088,10.702345187518187
Mercedes-Benz,E-Class E 300 4MATIC,2017,31000,Gasoline,241.0HP 2.0L 4 Cylinder Engine Gasoline Fuel,A/T,Blue,White,At least 1 accident or damage reported,Yes,38000,10.545367754151743,10.34177474101152
Mercedes-Benz,SLK-Class SLK 350,2012,44000,Gasoline,302.0HP 3.5L V6 Cylinder Engine Gasoline Fuel,Transmission w/Dual Shift Mode,Gray,White,At least 1 accident or damage reported,Yes,22222,10.008883067581468,10.691967639914864
Mercedes-Benz,E-Class E 400 4MATIC,2018,22558,Gasoline,3.0L V6 24V GDI DOHC Twin Turbo,9-Speed Automatic,Black,Black,None reported,Yes,47645,10.771553960123265,10.023889378388423
Jeep,Wrangler X,2003,116157,Gasoline,210.0HP 4.0L Straight 6 Cylinder Engine Gasoline Fuel,4-Speed A/T,Beige,Beige,None reported,Yes,14250,9.564582358673212,11.662706612279544
Lincoln,Navigator Premiere,2018,23500,Gasoline,450.0HP 3.5L V6 Cylinder Engine Gasoline Fuel,10-Speed A/T,Black,Black,At least 1 accident or damage reported,Yes,50000,10.819798284210286,10.064798252418377
Chevrolet,Corvette Base,2008,28150,Gasoline,430.0HP 6.2L 8 Cylinder Engine Gasoline Fuel,Transmission w/Dual Shift Mode,Red,Beige,None reported,Yes,31000,10.34177474101152,10.24533815691556
GMC,Yukon XL Denali,2016,137500,Gasoline,420.0HP 6.2L 8 Cylinder Engine Gasoline Fuel,A/T,Black,Black,At least 1 accident or damage reported,Yes,29500,10.292179440058462,11.83138646878959
Mercedes-Benz,Metris Base,2021,2284,Gasoline,2.0L I4 16V GDI DOHC Turbo,9-Speed Automatic,Black,Tan,None reported,Yes,157500,11.967187086434018,7.734121303328305
Land Rover,Range Rover P530 SE LWB 7 Seat,2023,350,Gasoline,523.0HP 4.4L 8 Cylinder Engine Gasoline Fuel,Transmission w/Dual Shift Mode,Black,Beige,None reported,Yes,195000,12.180759965737863,5.860786223465865
Ford,Explorer XLT,2017,169000,E85 Flex Fuel,290.0HP 3.5L V6 Cylinder Engine Flex Fuel Capability,A/T,White,Beige,None reported,Yes,13000,9.472781556562168,12.037659911047468
Ferrari,488 GTB Base,2018,17761,Gasoline,3.9L V8 32V GDI DOHC Twin Turbo,7-Speed Automatic with Auto-Shift,Rosso Corsa,Nero,None reported,Yes,243900,12.404517684236607,9.784816622818449
Chevrolet,Camaro 2SS,2010,8949,Gasoline,426.0HP 6.2L 8 Cylinder Engine Gasoline Fuel,M/T,Yellow,Black,None reported,Yes,30000,10.308985993422082,9.099408811268901
BMW,750 i xDrive,2020,25108,Gasoline,523.0HP 4.4L 8 Cylinder Engine Gasoline Fuel,8-Speed A/T,Black,Black,None reported,Yes,66000,11.097425172408931,10.130981626587596
Land Rover,Range Rover 3.0L Supercharged HSE,2016,103000,Gasoline,380.0HP 3.0L V6 Cylinder Engine Gasoline Fuel,Transmission w/Dual Shift Mode,Black,Black,None reported,Yes,33999,10.4341158035983,11.542493975902508
Porsche,911 Carrera 4 Cabriolet,2003,87600,Gasoline,315.0HP 3.6L Flat 6 Cylinder Engine Gasoline Fuel,Transmission w/Dual Shift Mode,Black,Black,At least 1 accident or damage reported,Yes,32000,10.373522431293592,11.38054769238444
Maserati,MC20 Base,2022,1087,Gasoline,3.0L V6 24V PDI DOHC Twin Turbo,8-Speed Automatic with Auto-Shift,Matte White,Black,None reported,Yes,279000,12.53897064502647,6.992096427415888
Mercedes-Benz,CLA-Class CLA 250,2015,76753,Gasoline,208.0HP 2.0L 4 Cylinder Engine Gasoline Fuel,A/T,Red,Black,At least 1 accident or damage reported,Yes,15999,9.680344001221918,11.24836078135523
Mercedes-Benz,Metris Base,2019,10500,Gasoline,208.0HP 2.0L 4 Cylinder Engine Gasoline Fuel,A/T,Black,Brown,None reported,Yes,79500,11.283524879179666,9.259225769705994
Mercedes-Benz,E-Class E 350 4MATIC,2011,199000,Gasoline,268.0HP 3.5L V6 Cylinder Engine Gasoline Fuel,7-Speed A/T,Silver,Black,None reported,Yes,9250,9.132486932771318,12.201065128819632
Lexus,LS 460 L,2007,127980,Gasoline,380.0HP 4.6L 8 Cylinder Engine Gasoline Fuel,8-Speed A/T,Blue,Beige,None reported,Yes,9999,9.210340371976184,11.759637094383818
BMW,X6 xDrive40i,2023,16307,Hybrid,335.0HP 3.0L Straight 6 Cylinder Engine Gasoline/Mild Electric Hybrid,A/T,Red,White,None reported,Yes,71400,11.17606715383184,9.699411063939143
Audi,S5 3.0T Prestige,2021,13566,Gasoline,3.0L,1-Speed Automatic,Daytona Gray Pearl Effect,Magma Red,None reported,Yes,57900,10.96648993456911,9.515395652485308
Audi,Q7 Premium Plus,2022,22588,Hybrid,3.0 Liter TFSI,Automatic,Navarra Blue,Saiga Beige,None reported,Yes,52598,10.870452387138238,10.025218341107275
Jaguar,XE 25t,2019,41452,Gasoline,247.0HP 2.0L 4 Cylinder Engine Gasoline Fuel,Transmission w/Dual Shift Mode,White,Black,At least 1 accident or damage reported,Yes,22500,10.021315031649332,10.632315534301455
Genesis,G80 3.3T Sport,2019,57500,Gasoline,365.0HP 3.3L V6 Cylinder Engine Gasoline Fuel,A/T,Red,Black,None reported,Yes,32990,10.403990075979044,10.959557617938563
BMW,M2 Competition,2020,500,Gasoline,405.0HP 3.0L Straight 6 Cylinder Engine Gasoline Fuel,7-Speed A/T,Black,Black,None reported,Yes,70000,11.156264806643742,6.2166061010848646
Subaru,Impreza WRX Premium,2014,55000,Gasoline,265.0HP 2.5L 4 Cylinder Engine Gasoline Fuel,5-Speed M/T,White,Black,None reported,Yes,30000,10.308985993422082,10.915106645867503
GMC,Sierra 2500 Base,2021,8210,Gasoline,401.0HP 6.6L 8 Cylinder Engine Gasoline Fuel,A/T,White,Black,None reported,Yes,55000,10.915106645867503,9.01322999770879
Lincoln,Nautilus Reserve,2021,18160,Gasoline,2.7L V6 24V GDI DOHC Twin Turbo,8-Speed Automatic,Silver Radiance,Slate,None reported,Yes,46850,10.754727632155955,9.807031716718498
Jaguar,XF XFR-S,2013,4279,Gasoline,550.0HP 5.0L 8 Cylinder Engine Gasoline Fuel,8-Speed A/T,White,Black,None reported,Yes,70000,11.156264806643742,8.361708288575842
Mercedes-Benz,Sprinter Normal Roof,2013,39748,Diesel,188.0HP 3.0L V6 Cylinder Engine Diesel Fuel,A/T,Silver,Black,At least 1 accident or damage reported,Yes,54995,10.915015734297125,10.590339962533324
Toyota,Tacoma PreRunner,2013,65000,Gasoline,159.0HP 2.7L 4 Cylinder Engine Gasoline Fuel,A/T,Silver,Gray,None reported,Yes,20500,9.928228944424575,11.082157933374816
BMW,Z4 sDrive28i,2016,59000,Gasoline,240.0HP 2.0L 4 Cylinder Engine Gasoline Fuel,8-Speed A/T,Black,Beige,None reported,Yes,25000,10.12667110305036,10.985309671896763
BMW,530e Base,2022,22700,Plug-In Hybrid,288.0HP 2.0L 4 Cylinder Engine Plug-In Electric/Gas,A/T,White,Black,None reported,Yes,47000,10.757924157061597,10.030164255362632
Mercedes-Benz,GLA 250 Base 4MATIC,2018,56578,E85 Flex Fuel,208.0HP 2.0L 4 Cylinder Engine Flex Fuel Capability,7-Speed A/T,White,Black,None reported,Yes,20900,9.94755228369823,10.943393170609585
Hyundai,Genesis 4.6,2010,153332,Gasoline,378.0HP 4.6L 8 Cylinder Engine Gasoline Fuel,Transmission w/Dual Shift Mode,Silver,Black,At least 1 accident or damage reported,Yes,10000,9.210440366976517,11.940367305881761
Cadillac,ATS 3.6L Luxury,2013,89700,Gasoline,321.0HP 3.6L V6 Cylinder Engine Gasoline Fuel,6-Speed A/T,Black,Red,None reported,Yes,17999,9.798127036878302,11.404237196256764
Lincoln,Town Car Signature,2002,118600,Gasoline,220.0HP 4.6L 8 Cylinder Engine Gasoline Fuel,A/T,Black,Gray,At least 1 accident or damage reported,Yes,5230,8.562357743370612,11.68352019721342
GMC,Sierra 1500 SLT,2021,23400,Gasoline,420.0HP 6.2L 8 Cylinder Engine Gasoline Fuel,A/T,Black,Black,None reported,Yes,52000,10.859018228147887,10.060534035475412
Mercedes-Benz,Sprinter High Roof,2015,110000,Diesel,188.0HP 3.0L V6 Cylinder Engine Diesel Fuel,A/T,White,Gray,None reported,Yes,29000,10.275085591132715,11.608244735642321
Jaguar,XJ Vanden Plas,2008,87888,Gasoline,300.0HP 4.2L 8 Cylinder Engine Gasoline Fuel,6-Speed A/T,Black,Black,None reported,Yes,11990,9.391911647379434,11.383829933635276
Lexus,RC 350 Base,2015,73800,Gasoline,3.5L V6 24V PDI DOHC,6-Speed Automatic,Black,Black,None reported,Yes,26999,10.203592144986466,11.209127560632263
Audi,S3 2.0T Premium Plus,2015,78124,Gasoline,292.0HP 2.0L 4 Cylinder Engine Gasoline Fuel,6-Speed A/T,Blue,Black,None reported,Yes,21500,9.975854724662028,11.266065387038703
Subaru,WRX Limited,2015,91000,Gasoline,268.0HP 2.0L 4 Cylinder Engine Gasoline Fuel,6-Speed M/T,Red,Black,At least 1 accident or damage reported,Yes,19000,9.852246888342531,11.418625774449598
Dodge,Ram 2500 SLT Quad Cab,2003,114000,Gasoline,345.0HP 5.7L 8 Cylinder Engine Gasoline Fuel,5-Speed A/T,White,Beige,At least 1 accident or damage reported,Yes,10700,9.278092474027002,11.643962499267984
Subaru,WRX Limited,2015,76000,Gasoline,268.0HP 2.0L 4 Cylinder Engine Gasoline Fuel,6-Speed M/T,Blue,Black,None reported,Yes,21000,9.952325334619427,11.23850177707664
Audi,RS 4 4.2 quattro L,2008,146500,Gasoline,420.0HP 4.2L 8 Cylinder Engine Gasoline Fuel,6-Speed M/T,Red,Black,At least 1 accident or damage reported,Yes,30000,10.308985993422082,11.89478753335453
Porsche,911 Carrera,2007,26021,Gasoline,325.0HP 3.6L Flat 6 Cylinder Engine Gasoline Fuel,6-Speed M/T,Silver,Gray,None reported,Yes,53999,10.896739325546411,10.166697613063421
Audi,A4 2.0T Premium Plus,2015,73000,E85 Flex Fuel,220.0HP 2.0L 4 Cylinder Engine Flex Fuel Capability,A/T,Black,Black,At least 1 accident or damage reported,Yes,17200,9.75272280064639,11.19822841866684
Audi,A4 3.2 Premium Plus quattro,2009,153000,Gasoline,265.0HP 3.2L V6 Cylinder Engine Gasoline Fuel,6-Speed A/T,Gray,Beige,None reported,Yes,8700,9.071193240566025,11.938199736300925
Ford,Excursion Limited,2003,67550,Diesel,325.0HP 6.0L 8 Cylinder Engine Diesel Fuel,5-Speed A/T,Gold,Beige,None reported,Yes,30000,10.308985993422082,11.120638147127769
Ford,Excursion Limited,2004,170000,Gasoline,310.0HP 6.8L 10 Cylinder Engine Gasoline Fuel,A/T,Gold,Gold,None reported,Yes,8500,9.04793908261736,12.04355959836804
Land Rover,Range Rover Sport 5.0L Supercharged Dynamic,2017,53000,Gasoline,510.0HP 5.0L 8 Cylinder Engine Gasoline Fuel,Transmission w/Dual Shift Mode,Black,Beige,None reported,Yes,47500,10.768506042432708,10.87806606028079
Audi,Q8 3.0T Prestige,2019,54900,Hybrid,335.0HP 3.0L V6 Cylinder Engine Gasoline/Mild Electric Hybrid,A/T,Gold,Black,At least 1 accident or damage reported,Yes,48500,10.789339695269716,10.91328684226798
BMW,X5 xDrive35i,2016,89000,Gasoline,300.0HP 3.0L Straight 6 Cylinder Engine Gasoline Fuel,8-Speed A/T,Black,Black,None reported,Yes,24000,10.085850775128717,11.39640288460621
Ford,Bronco Base,2022,6200,Gasoline,275.0HP 2.3L 4 Cylinder Engine Gasoline Fuel,7-Speed M/T,Black,Black,None reported,Yes,49000,10.799595985047786,8.732465848349879
Ford,F-150 XLT,2021,51808,Gasoline,5.0L V8 32V PDI DOHC,10-Speed Automatic,Silver,Black,None reported,Yes,42388,10.654644173598973,10.855319158329374
Hyundai,Genesis Coupe 3.8 Track,2013,89000,Gasoline,344.0HP 3.8L V6 Cylinder Engine Gasoline Fuel,6-Speed M/T,White,Black,At least 1 accident or damage reported,Yes,12500,9.433563920090563,11.39640288460621
Mercedes-Benz,E-Class E 400 4MATIC,2018,45203,Gasoline,3.0L V6 24V GDI DOHC Twin Turbo,9-Speed Automatic,White,Saddle Brown,None reported,Yes,39853,10.59297805559253,10.71894085748004
Audi,S5 3.0T Prestige,2022,14739,Gasoline,3.0L,1-Speed Automatic,Daytona Gray Pearl Effect,Black,None reported,Yes,61900,11.033291613631048,9.598320165743328
Buick,Enclave Premium,2017,139105,Gasoline,3.6L V6 24V GDI DOHC,6-Speed Automatic,Iridium Metallic,Light Titanium,At least 1 accident or damage reported,Yes,17550,9.77286620732769,11.84299151141693
Lamborghini,Gallardo LP560-4,2010,45014,Gasoline,560.0HP 5.2L 10 Cylinder Engine Gasoline Fuel,6-Speed A/T,Gray,Black,None reported,Yes,109499,11.603679828238693,10.714751046542577
Ford,Mustang GT Premium,2011,101000,Gasoline,412.0HP 5.0L 8 Cylinder Engine Gasoline Fuel,6-Speed M/T,Red,Black,None reported,Yes,18500,9.825580063659602,11.522885696764481
GMC,Yukon XL SLT,2016,93000,Gasoline,355.0HP 5.3L 8 Cylinder Engine Gasoline Fuel,A/T,Black,Black,At least 1 accident or damage reported,Yes,30000,10.308985993422082,11.440365524765756
Ford,Mustang V6 Premium,2013,62500,Gasoline,305.0HP 3.7L V6 Cylinder Engine Gasoline Fuel,6-Speed M/T,Black,Black,None reported,Yes,16000,9.680406499268875,11.042937835596494
Lexus,IS-F Base,2008,75000,Gasoline,416.0HP 5.0L 8 Cylinder Engine Gasoline Fuel,8-Speed A/T,Blue,Black,At least 1 accident or damage reported,Yes,29000,10.275085591132715,11.225256725762893
BMW,435 i,2015,34455,Gasoline,300.0HP 3.0L Straight 6 Cylinder Engine Gasoline Fuel,8-Speed A/T,Gray,Beige,None reported,Yes,28000,10.239995502805316,10.447438426733946
Land Rover,Range Rover Supercharged,2010,130000,Gasoline,510.0HP 5.0L 8 Cylinder Engine Gasoline Fuel,A/T,White,Black,None reported,Yes,15500,9.648659816955295,11.775297421715827
Mercedes-Benz,CLA-Class CLA 250,2014,76170,Gasoline,208.0HP 2.0L 4 Cylinder Engine Gasoline Fuel,Transmission w/Dual Shift Mode,Gray,Black,At least 1 accident or damage reported,Yes,16500,9.711176264112805,11.240736091808948
GMC,Yukon SLT,2010,194500,E85 Flex Fuel,320.0HP 5.3L 8 Cylinder Engine Flex Fuel Capability,6-Speed A/T,White,Beige,At least 1 accident or damage reported,Yes,9500,9.15915233520675,12.178192583415596
BMW,535 i,2008,135000,Gasoline,300.0HP 3.0L Straight 6 Cylinder Engine Gasoline Fuel,A/T,Silver,Black,None reported,Yes,5699,8.648221453822641,11.813037464800539
Dodge,Charger GT,2021,33000,Gasoline,300.0HP 3.6L V6 Cylinder Engine Gasoline Fuel,Transmission w/Dual Shift Mode,White,Gray,At least 1 accident or damage reported,Yes,26999,10.203592144986466,10.404293143019792
Hyundai,Genesis 3.8,2010,98700,Gasoline,290.0HP 3.8L V6 Cylinder Engine Gasoline Fuel,Transmission w/Dual Shift Mode,Beige,Beige,None reported,Yes,10340,9.243871855184976,11.499850357082506
Honda,Civic Type R Touring,2018,72900,Gasoline,306.0HP 2.0L 4 Cylinder Engine Gasoline Fuel,6-Speed M/T,Black,Black,At least 1 accident or damage reported,Yes,35500,10.477316144080852,11.196857635323791
Dodge,Durango R/T,2016,135000,Gasoline,360.0HP 5.7L 8 Cylinder Engine Gasoline Fuel,A/T,Black,Black,None reported,Yes,20000,9.90353755128617,11.813037464800539
Chevrolet,Silverado 1500 Limited High Country,2022,2550,Gasoline,355.0HP 5.3L 8 Cylinder Engine Gasoline Fuel,10-Speed A/T,Red,Black,None reported,Yes,60000,11.002116507732017,7.844240718141811
Jeep,Grand Cherokee Altitude,2020,35289,Gasoline,3.6L V6 24V MPFI DOHC,8-Speed Automatic,Granite Crystal Clearcoat Metallic,Black,None reported,Yes,35470,10.476470740209276,10.471354916669316
RAM,1500 Laramie,2022,14636,Gasoline,5.7L V8 16V MPFI OHV,8-Speed Automatic,Diamond Black,Black,None reported,Yes,46599,10.749355820113736,9.591307848483947
Chrysler,Crossfire Limited,2005,24847,Gasoline,3.2L V6 18V MPFI SOHC,5-Speed Automatic,White,Dark Gray,None reported,Yes,13046,9.476313501265748,10.120532545388468
Nissan,Rogue SL,2019,29558,Gasoline,2.5L I4 16V MPFI DOHC,Automatic CVT,Magnetic Black,Charcoal,None reported,Yes,25884,10.161418929336001,10.294143544990584
Audi,A6 55 Premium Plus,2023,6581,Gasoline,"3L V-6 gasoline direct injection, DOHC, variable valve control,","Automatic, 7-Spd S tronic Dual-Clutch",Chronos Gray Metallic,Black,None reported,Yes,59900,11.000448478455008,8.792093929503284
Mercedes-Benz,AMG GT 53 Base,2020,22000,Hybrid,429.0HP 3.0L Straight 6 Cylinder Engine Gasoline/Mild Electric Hybrid,9-Speed A/T,Gray,Black,None reported,Yes,83999,11.33857207782545,9.99884318585288
Acura,ILX Technology Plus Package,2017,68200,Gasoline,201.0HP 2.4L 4 Cylinder Engine Gasoline Fuel,Transmission w/Dual Shift Mode,Black,–,At least 1 accident or damage reported,Yes,15750,9.664659134301736,11.130214506480655
Land Rover,Range Rover P530 SE SWB,2023,2800,Gasoline,523.0HP 4.4L 8 Cylinder Engine Gasoline Fuel,8-Speed A/T,White,Red,None reported,Yes,175000,12.07254696717504,7.937731775260109
Ford,Expedition Platinum,2019,51300,Gasoline,3.5L V6 24V GDI DOHC Twin Turbo,10-Speed Automatic,White,Platinum,None reported,Yes,48295,10.785104020476263,10.84546552414626
BMW,M3 Base,2008,133500,Gasoline,414.0HP 4.0L 8 Cylinder Engine Gasoline Fuel,6-Speed M/T,Gray,Black,None reported,Yes,18500,9.825580063659602,11.80186424743109
INFINITI,M37 x,2012,49000,Gasoline,330.0HP 3.7L V6 Cylinder Engine Gasoline Fuel,7-Speed A/T,Gray,Black,None reported,Yes,19900,9.898525260706313,10.799595985047786
BMW,650 i,2008,125470,Gasoline,360.0HP 4.8L 8 Cylinder Engine Gasoline Fuel,A/T,Black,Beige,None reported,Yes,8000,8.987321812850125,11.739829935154662
Mazda,RX-8 Grand Touring,2008,81219,Gasoline,232.0HP 1.3L Rotary engine Gasoline Fuel,6-Speed M/T,Red,Black,None reported,Yes,8500,9.04793908261736,11.304916801240289
Acura,ILX Premium & A-SPEC Packages,2019,19500,Gasoline,201.0HP 2.4L 4 Cylinder Engine Gasoline Fuel,8-Speed A/T,Gray,Black,None reported,Yes,25000,10.12667110305036,9.87822102528824
Porsche,911 Carrera S,2017,20561,Gasoline,420.0HP 3.0L Flat 6 Cylinder Engine Gasoline Fuel,7-Speed M/T,Red,Black,None reported,Yes,105000,11.561725152903833,9.931199991102664
Lexus,LX 570 Base,2016,33655,Gasoline,383.0HP 5.7L 8 Cylinder Engine Gasoline Fuel,8-Speed A/T,White,Brown,None reported,Yes,62900,11.049317340813348,10.423946625270357
Toyota,Highlander Limited Platinum,2015,135140,Gasoline,270.0HP 3.5L V6 Cylinder Engine Gasoline Fuel,A/T,White,Beige,None reported,Yes,23500,10.064798252418377,11.814073956812397
Maserati,Ghibli Base,2015,73000,Gasoline,345.0HP 3.0L V6 Cylinder Engine Gasoline Fuel,8-Speed A/T,Black,Brown,None reported,Yes,17999,9.798127036878302,11.19822841866684
Land Rover,Range Rover 3.0L Supercharged HSE,2017,55000,Gasoline,380.0HP 3.0L V6 Cylinder Engine Gasoline Fuel,A/T,White,Beige,At least 1 accident or damage reported,Yes,58000,10.968215530759236,10.915106645867503
Chevrolet,Cruze LTZ,2013,87000,Gasoline,138.0HP 1.4L 4 Cylinder Engine Gasoline Fuel,A/T,Blue,Black,At least 1 accident or damage reported,Yes,10000,9.210440366976517,11.373674891823535
BMW,325 xi,2006,137825,Gasoline,215.0HP 3.0L Straight 6 Cylinder Engine Gasoline Fuel,6-Speed A/T,Silver,Black,None reported,Yes,4000,8.294299608857235,11.833747299009287
Acura,MDX Technology,2008,184421,Gasoline,300.0HP 3.7L V6 Cylinder Engine Gasoline Fuel,A/T,Gray,Black,None reported,Yes,5000,8.517393171418904,12.124981888845086
Lincoln,MKC Base,2015,95000,Gasoline,240.0HP 2.0L 4 Cylinder Engine Gasoline Fuel,6-Speed A/T,White,Black,At least 1 accident or damage reported,Yes,14900,9.60918360377546,11.461642696843066
Kia,Sportage Nightfall,2022,26468,Gasoline,2.4L I4 16V GDI DOHC,6-Speed Automatic,Pacific Blue,Black,At least 1 accident or damage reported,Yes,27875,10.23552138255841,10.183729515890214
Bentley,Arnage R,2003,55050,Gasoline,400.0HP 6.75L 8 Cylinder Engine Gasoline Fuel,4-Speed A/T,Gray,Gray,None reported,Yes,34995,10.462989048226156,10.916015307290108
Kia,Sorento LX,2021,54200,Gasoline,191.0HP 2.5L 4 Cylinder Engine Gasoline Fuel,A/T,White,Black,None reported,Yes,23800,10.077482875583607,10.900454637442037
Lexus,SC 430 Base,2002,109762,Gasoline,300.0HP 4.3L 8 Cylinder Engine Gasoline Fuel,5-Speed A/T,Blue,Brown,None reported,Yes,15000,9.61587214452889,11.606078774947706
Land Rover,Range Rover Evoque Base,2012,92080,Gasoline,240.0HP 2.0L 4 Cylinder Engine Gasoline Fuel,6-Speed A/T,Gray,Black,None reported,Yes,14500,9.581972891547895,11.430423903458427
Acura,TLX Type S w/Performance Tire,2023,1798,Gasoline,355.0HP 3.0L V6 Cylinder Engine Gasoline Fuel,10-Speed A/T,Black,Black,None reported,Yes,53000,10.87806606028079,7.4949862339505335
GMC,Sierra 1500 SLE Crew Cab,2006,167500,Gasoline,295.0HP 5.3L 8 Cylinder Engine Gasoline Fuel,A/T,Silver,Black,None reported,Yes,14500,9.581972891547895,12.02874460037869
GMC,Sierra 1500 Denali Ultimate,2023,2500,Gasoline,420.0HP 6.2L 8 Cylinder Engine Gasoline Fuel,10-Speed A/T,White,Brown,None reported,Yes,84000,11.338583982516495,7.824445930877619
Mercedes-Benz,E-Class E 400,2016,77000,Gasoline,329.0HP 3.0L V6 Cylinder Engine Gasoline Fuel,7-Speed A/T,White,Beige,At least 1 accident or damage reported,Yes,24000,10.085850775128717,11.251573687764477
MINI,Hardtop Cooper,2019,19850,Gasoline,134.0HP 1.5L 3 Cylinder Engine Gasoline Fuel,6-Speed A/T,Black,Black,None reported,Yes,24000,10.085850775128717,9.89600966268017
Ford,Bronco Outer Banks Advanced,2023,3400,Gasoline,275.0HP 2.3L 4 Cylinder Engine Gasoline Fuel,10-Speed A/T,Gray,Gray,None reported,Yes,57000,10.950824090522445,8.131824785007195
Ford,Bronco,2021,3596,Gasoline,2.7L V6 24V PDI DOHC Twin Turbo,10-Speed Automatic,Blue,Black Onyx,None reported,Yes,56900,10.949068194652432,8.187855443695623
Ford,F-350 Lariat Super Duty Crew Cab,2009,130200,Diesel,350.0HP 6.4L 8 Cylinder Engine Diesel Fuel,5-Speed A/T,White,Beige,None reported,Yes,28900,10.27163147557801,11.776834689218662
Land Rover,Discovery Sport SE,2017,48200,Gasoline,240.0HP 2.0L 4 Cylinder Engine Gasoline Fuel,9-Speed A/T,White,Gray,None reported,Yes,24998,10.126591103050316,10.783135046711445
GMC,Yukon XL SLT,2016,183544,Gasoline,355.0HP 5.3L 8 Cylinder Engine Gasoline Fuel,6-Speed A/T,Black,Black,At least 1 accident or damage reported,Yes,22000,9.99884318585288,12.120215148020035
Ford,Focus RS Base,2016,14900,Gasoline,350.0HP 2.3L 4 Cylinder Engine Gasoline Fuel,6-Speed M/T,Blue,Black,None reported,Yes,39000,10.571342565808699,9.60918360377546
Ford,Bronco Badlands Advanced,2022,4200,Gasoline,315.0HP 2.7L V6 Cylinder Engine Gasoline Fuel,10-Speed A/T,Blue,Black,None reported,Yes,65994,11.097334260563056,8.343077871169383
Hyundai,Genesis 5,2012,15698,Gasoline,429.0HP 5.0L 8 Cylinder Engine Gasoline Fuel,Transmission w/Dual Shift Mode,Black,Black,None reported,Yes,19000,9.852246888342531,9.661352295040318
Jeep,Wrangler Unlimited Rubicon,2022,1750,Gasoline,285.0HP 3.6L V6 Cylinder Engine Gasoline Fuel,8-Speed A/T,Gray,Brown,None reported,Yes,65500,11.089820688682373,7.467942332285852
BMW,X4 xDrive30i,2022,34800,Gasoline,248.0HP 2.0L 4 Cylinder Engine Gasoline Fuel,A/T,Blue,Brown,None reported,Yes,46000,10.736418414365376,10.457401400981889
Jaguar,F-PACE S,2020,35580,Gasoline,3.0 Liter,Automatic,Eiger Grey Metallic,Ebony/Light Oyster Stitch,None reported,Yes,46998,10.757881603870102,10.479567066502216
Acura,RSX Type S,2006,71400,Gasoline,201.0HP 2.0L 4 Cylinder Engine Gasoline Fuel,6-Speed M/T,Black,Gray,None reported,Yes,14990,9.615205300012315,11.17606715383184
Mazda,MX-5 Miata Base,2003,9260,Gasoline,142.0HP 1.8L 4 Cylinder Engine Gasoline Fuel,5-Speed M/T,White,Beige,None reported,Yes,22000,9.99884318585288,9.13356731317027
GMC,Yukon XL SLT,2023,28500,Gasoline,355.0HP 5.3L 8 Cylinder Engine Gasoline Fuel,A/T,Black,Black,None reported,Yes,67800,11.124332223082254,10.25769445336048
Mercedes-Benz,E-Class E 350 4MATIC,2008,91900,Gasoline,268.0HP 3.5L V6 Cylinder Engine Gasoline Fuel,5-Speed A/T,Black,Black,None reported,Yes,8900,9.093918908958932,11.428467189677395
INFINITI,G35 Base,2004,130000,Gasoline,260.0HP 3.5L V6 Cylinder Engine Gasoline Fuel,5-Speed A/T,Beige,Beige,None reported,Yes,7500,8.922791623969637,11.775297421715827
Cadillac,XTS Premium,2013,56860,Gasoline,3.6L V6 24V GDI DOHC,6-Speed Automatic,White Diamond Tri-Coat,Shale,At least 1 accident or damage reported,Yes,21995,9.998615897627705,10.948364972106267
MINI,Hardtop Cooper S,2017,44300,Gasoline,189.0HP 2.0L 4 Cylinder Engine Gasoline Fuel,6-Speed M/T,Silver,Black,None reported,Yes,20784,9.941986851686737,10.698762529141884
BMW,X5 xDrive35i,2014,120000,Gasoline,300.0HP 3.0L Straight 6 Cylinder Engine Gasoline Fuel,Transmission w/Dual Shift Mode,Black,Black,None reported,Yes,20000,9.90353755128617,11.695255355062795
Mercedes-Benz,SL-Class SL 550,2013,72500,Gasoline,429.0HP 4.6L 8 Cylinder Engine Gasoline Fuel,7-Speed A/T,Black,Beige,None reported,Yes,31450,10.356186058125473,11.19135563385109
RAM,1500 Tradesman/Express,2017,72000,Gasoline,395.0HP 5.7L 8 Cylinder Engine Gasoline Fuel,8-Speed A/T,Blue,Beige,At least 1 accident or damage reported,Yes,24200,10.094149233605084,11.184435286790631
BMW,135 i,2011,132000,Gasoline,300.0HP 3.0L Straight 6 Cylinder Engine Gasoline Fuel,7-Speed A/T,Black,Beige,None reported,Yes,11000,9.305741456739435,11.790564777297387
Rolls-Royce,Phantom,2018,7585,Gasoline,6.8L V12 48V GDI DOHC Twin Turbo,8-Speed Automatic,–,–,None reported,Yes,599000,13.303018546545275,8.934059722248843
Hyundai,IONIQ 5 SE,2022,18500,Gasoline,320.0HP Electric Motor Electric Fuel System,A/T,White,Black,None reported,Yes,42000,10.645448706505872,9.825580063659602
Lexus,LS 430 Base,2002,42000,Gasoline,290.0HP 4.3L 8 Cylinder Engine Gasoline Fuel,A/T,Silver,Gray,At least 1 accident or damage reported,Yes,15999,9.680344001221918,10.645448706505872
Jaguar,F-PACE S,2023,4624,Gasoline,2.0 Liter,Automatic,Santorin Black,Black,None reported,Yes,56998,10.950789002803143,8.439231649946526
BMW,M5 Base,2006,106000,Gasoline,500.0HP 5.0L 10 Cylinder Engine Gasoline Fuel,Transmission w/Dual Shift Mode,Black,Black,None reported,Yes,19500,9.87822102528824,11.571203807011969
Hyundai,Santa Fe SE,2022,13610,Gasoline,2.5L I4 16V PDI DOHC,8-Speed Automatic,Stormy Sea,Black,None reported,Yes,27450,10.22015787614662,9.518633568332074
Lamborghini,Urus Base,2019,16876,Gasoline,4.0L V8 32V GDI DOHC Twin Turbo,8-Speed Automatic,Gray,Brown,None reported,Yes,209900,12.254391269970792,9.733707027236484
Ford,Expedition Timberline,2023,8911,Gasoline,3.5L V6 24V PDI DOHC Twin Turbo,10-Speed Automatic,Dark Matter Metallic,Black Onyx,At least 1 accident or damage reported,Yes,77430,11.257142496188242,9.095153962167066
Chevrolet,Silverado 1500 LT Trail Boss,2021,48641,Gasoline,5.3L V8 16V GDI OHV,10-Speed Automatic,Silver Ice Metallic,Jet Black,None reported,Yes,43666,10.68434794707383,10.792242634215762
GMC,Sierra 1500 SLT,2021,11250,Gasoline,420.0HP 6.2L 8 Cylinder Engine Gasoline Fuel,A/T,White,Black,None reported,Yes,70250,11.159829821970122,9.328212292571072
Ford,Mustang Premium,2007,126000,Gasoline,210.0HP 4.0L V6 Cylinder Engine Gasoline Fuel,A/T,Red,Black,None reported,Yes,9000,9.105090961257085,11.744045122410057
BMW,M5 Base,2008,77750,Gasoline,500.0HP 5.0L 10 Cylinder Engine Gasoline Fuel,7-Speed A/T,Silver,Silver,None reported,Yes,21000,9.952325334619427,11.261266691695104
Toyota,Tacoma SR,2020,27363,Gasoline,278.0HP 3.5L V6 Cylinder Engine Gasoline Fuel,6-Speed A/T,Gray,Gray,None reported,Yes,35000,10.463131911491967,10.21698355988089
Porsche,Cayenne Base,2019,30951,Gasoline,3.0L V6 24V GDI DOHC Turbo,8-Speed Automatic,White,Black,None reported,Yes,80140,11.291542862275499,10.34019289638035
Ford,F-150 Lightning XLT,2023,208,Gasoline,563.0HP Electric Motor Electric Fuel System,A/T,Gray,Gold,None reported,Yes,89000,11.39640288460621,5.342334251964811
Dodge,Durango GT,2021,20386,Gasoline,3.6L V6 24V MPFI DOHC,8-Speed Automatic,Billet Clearcoat Metallic,Black,None reported,Yes,32999,10.404262840448617,9.922652721797139
BMW,330e iPerformance,2018,45253,Plug-In Hybrid,247.0HP 2.0L 4 Cylinder Engine Plug-In Electric/Gas,Transmission w/Dual Shift Mode,Black,Black,None reported,Yes,24995,10.126471091048971,10.720046343011273
GMC,Terrain Denali,2016,144000,Gasoline,301.0HP 3.6L V6 Cylinder Engine Gasoline Fuel,6-Speed A/T,White,Black,None reported,Yes,18400,9.820160289946374,11.87757552297847
Ford,Excursion Limited,2004,76163,Diesel,325.0HP 6.0L 8 Cylinder Engine Diesel Fuel,5-Speed A/T,Gold,Gold,None reported,Yes,20500,9.928228944424575,11.240644189094471
Hyundai,Genesis 3.8,2015,61300,Gasoline,311.0HP 3.8L V6 Cylinder Engine Gasoline Fuel,8-Speed A/T,Silver,Gray,None reported,Yes,20150,9.911009193934975,11.023551435004947
Mitsubishi,Mirage ES,2017,35698,Gasoline,78.0HP 1.2L 3 Cylinder Engine Gasoline Fuel,A/T,Blue,Black,None reported,Yes,8750,9.076923258535832,10.482877956170928
Mercedes-Benz,E-Class E 350 4MATIC,2010,27000,Gasoline,268.0HP 3.5L V6 Cylinder Engine Gasoline Fuel,7-Speed A/T,Black,Black,None reported,Yes,22500,10.021315031649332,10.203629181337648
Mazda,Mazda3 i Sport,2015,162000,Gasoline,155.0HP 2.0L 4 Cylinder Engine Gasoline Fuel,Transmission w/Dual Shift Mode,Red,Black,None reported,Yes,11500,9.350189267092581,11.995357787034976
BMW,M3 Base,2008,77800,Gasoline,414.0HP 4.0L 8 Cylinder Engine Gasoline Fuel,M/T,Red,Black,None reported,Yes,28500,10.25769445336048,11.261909563554315
Mercedes-Benz,E-Class E 350,2014,55000,Gasoline,302.0HP 3.5L V6 Cylinder Engine Gasoline Fuel,A/T,Black,Black,None reported,Yes,19250,9.865318286418624,10.915106645867503
Ford,Bronco Outer Banks Advanced,2022,12000,Gasoline,315.0HP 2.7L V6 Cylinder Engine Gasoline Fuel,10-Speed A/T,Gray,Brown,At least 1 accident or damage reported,Yes,65999,11.097410021008562,9.392745258631441
Tesla,Model X 75D,2017,70579,Gasoline,518.0HP Electric Motor Electric Fuel System,A/T,Black,White,None reported,Yes,42250,10.651383301144275,11.164502097229262
Jeep,Wrangler Unlimited Sport,2010,107000,Gasoline,205.0HP 3.8L V6 Cylinder Engine Gasoline Fuel,A/T,White,Gray,At least 1 accident or damage reported,Yes,17500,9.770013301136158,11.580593459194764
Honda,Pilot Elite,2021,42653,Gasoline,3.5L V6 24V GDI SOHC,9-Speed Automatic,Gray,Black,None reported,Yes,38998,10.571291283757406,10.660876335157537
Acura,TL 3.2,2008,193783,Gasoline,258.0HP 3.2L V6 Cylinder Engine Gasoline Fuel,A/T,Black,Black,At least 1 accident or damage reported,Yes,10000,9.210440366976517,12.174499415691068
Lexus,IS 350 Base,2014,123000,Gasoline,306.0HP 3.5L V6 Cylinder Engine Gasoline Fuel,6-Speed A/T,Red,Black,At least 1 accident or damage reported,Yes,18000,9.798182590890704,11.719947764402807
Chevrolet,Equinox LT,2011,130000,Gasoline,264.0HP 3.0L V6 Cylinder Engine Gasoline Fuel,6-Speed A/T,Brown,Black,At least 1 accident or damage reported,Yes,7000,8.853808274977197,11.775297421715827
Mitsubishi,Lancer DE,2009,143346,Gasoline,152.0HP 2.0L 4 Cylinder Engine Gasoline Fuel,5-Speed M/T,Black,Black,At least 1 accident or damage reported,Yes,3000,8.006700845440367,11.873023543293433
Land Rover,LR2 Base,2015,112465,Gasoline,240.0HP 2.0L 4 Cylinder Engine Gasoline Fuel,6-Speed A/T,White,Beige,None reported,Yes,11995,9.392328539868899,11.63040623272605
Nissan,Leaf SV PLUS,2023,5121,Gasoline,Electric,1-Speed Automatic,Brilliant Silver Metallic,Black,None reported,Yes,28196,10.246970868288411,8.541300266759471
Audi,A5 2.0T Premium,2012,137273,Gasoline,211.0HP 2.0L 4 Cylinder Engine Gasoline Fuel,A/T,White,Beige,None reported,Yes,11000,9.305741456739435,11.829734207472935
Rivian,R1S Launch Edition,2023,299,Gasoline,835.0HP Electric Motor Electric Fuel System,1-Speed A/T,Blue,Gray,None reported,Yes,92500,11.434974734252892,5.703782474656201
Lexus,RX 450h Base,2018,70780,Hybrid,308.0HP 3.5L V6 Cylinder Engine Gas/Electric Hybrid,CVT Transmission,Silver,Gray,None reported,Yes,35700,10.482933978579906,11.167345882084478
Chevrolet,Tahoe LT,2018,55000,Gasoline,355.0HP 5.3L 8 Cylinder Engine Gasoline Fuel,6-Speed A/T,Black,Black,None reported,Yes,37900,10.542732775946709,10.915106645867503
Mercedes-Benz,G-Class G 550 4MATIC,2017,23151,Gasoline,416.0HP 4.0L 8 Cylinder Engine Gasoline Fuel,7-Speed A/T,Gray,Black,None reported,Yes,84500,11.344518647594766,10.049836448871265
Cadillac,XTS Luxury,2013,152000,Gasoline,304.0HP 3.6L V6 Cylinder Engine Gasoline Fuel,A/T,Black,Gray,At least 1 accident or damage reported,Yes,8500,9.04793908261736,11.931642378754141
INFINITI,Q50 3.0t Red Sport 400,2020,23344,Gasoline,3.0L V6 24V GDI DOHC Twin Turbo,7-Speed Automatic,Liquid Platinum,White,None reported,Yes,36999,10.51867319162636,10.058138107405037
Subaru,Outback 3.6R Limited,2016,87092,Gasoline,256.0HP 3.6L Flat 6 Cylinder Engine Gasoline Fuel,A/T,Blue,Black,At least 1 accident or damage reported,Yes,19500,9.87822102528824,11.374731792217162
Toyota,Avalon XLS,2004,90625,Gasoline,210.0HP 3.0L V6 Cylinder Engine Gasoline Fuel,A/T,Gray,Gray,None reported,Yes,5500,8.612685172875459,11.414496426578856
Chevrolet,Traverse RS,2021,44373,Gasoline,310.0HP 3.6L V6 Cylinder Engine Gasoline Fuel,9-Speed A/T,Silver,Black,None reported,Yes,36000,10.491301994830229,10.700408991312528
BMW,330 i,2021,26000,Gasoline,255.0HP 2.0L 4 Cylinder Engine Gasoline Fuel,Transmission w/Dual Shift Mode,Black,Black,None reported,Yes,37000,10.518700218288165,10.165890277802454
Karma,Revero Base,2018,20760,Gasoline,403.0HP 2.0L Electric Motor Electric Fuel System,A/T,White,Black,None reported,Yes,55500,10.92415631759022,9.940831505676549
Lexus,GX 460 Base,2021,39102,Gasoline,4.6 Liter,Automatic,Silver,Rioja Red,None reported,Yes,51798,10.855126123041925,10.573954469372852
Alfa Romeo,Stelvio Ti Sport,2019,39615,Gasoline,"2L I-4 gasoline direct injection, MultiAir2 variable valve contr","Automatic, 8-Spd",Vulcano Black Metallic,Red/Black,None reported,Yes,28900,10.27163147557801,10.586988356044268
GMC,Sierra 2500 Base,2019,58000,E85 Flex Fuel,360.0HP 6.0L 8 Cylinder Engine Flex Fuel Capability,A/T,Silver,Beige,None reported,Yes,36500,10.505094936455558,10.968215530759236
Lexus,IS 250 Base,2013,148000,Gasoline,204.0HP 2.5L V6 Cylinder Engine Gasoline Fuel,6-Speed A/T,Gray,Black,At least 1 accident or damage reported,Yes,10000,9.210440366976517,11.904974309480183
Porsche,Panamera 2,2011,104000,Gasoline,300.0HP 3.6L V6 Cylinder Engine Gasoline Fuel,7-Speed A/T,White,Black,None reported,Yes,20900,9.94755228369823,11.552155793461898
BMW,535 i xDrive,2013,46150,Gasoline,306.0HP 3.0L Straight 6 Cylinder Engine Gasoline Fuel,Transmission w/Dual Shift Mode,Silver,Black,At least 1 accident or damage reported,Yes,17000,9.741027444837728,10.739673908168612
Chevrolet,Silverado 2500 High Country,2022,18860,Diesel,445.0HP 6.6L 8 Cylinder Engine Diesel Fuel,10-Speed A/T,Blue,Gray,None reported,Yes,74500,11.218567827096358,9.844851577051172
Mercedes-Benz,AMG C 63 Base,2017,28399,Gasoline,469.0HP 4.0L 8 Cylinder Engine Gasoline Fuel,7-Speed A/T,Gray,Black,None reported,Yes,55600,10.925956465688445,10.254144424149297
Porsche,Boxster S,2005,95170,Gasoline,280.0HP 3.2L Flat 6 Cylinder Engine Gasoline Fuel,6-Speed M/T,Blue,Gray,None reported,Yes,24900,10.122663242288953,11.463430552524057
BMW,M3 Base,2006,95450,Gasoline,333.0HP 3.2L Straight 6 Cylinder Engine Gasoline Fuel,6-Speed M/T,Gray,Gray,At least 1 accident or damage reported,Yes,42000,10.645448706505872,11.46636830578838
Chevrolet,Camaro LT1,2022,7652,Gasoline,6.2 Liter,Automatic,Blue,Jet Black,None reported,Yes,39998,10.596609732783568,8.942853006809921
BMW,535 i xDrive,2011,169000,Gasoline,300.0HP 3.0L Straight 6 Cylinder Engine Gasoline Fuel,Transmission w/Dual Shift Mode,Black,White,At least 1 accident or damage reported,Yes,10999,9.305650551780507,12.037659911047468
RAM,1500 Laramie,2022,16744,Gasoline,5.7L V8 16V MPFI OHV,8-Speed Automatic,Delmonico Red Pearlcoat,Black,None reported,Yes,46999,10.757902880692196,9.725854985228304
Mercedes-Benz,Metris Base,2020,1025,Gasoline,2.0L I4 16V GDI DOHC Turbo,7-Speed Automatic,Black,Beige,None reported,Yes,299000,12.608202196848836,6.933423025730715
Chevrolet,Express 1500 Cargo,2004,152000,Gasoline,195.0HP 4.3L V6 Cylinder Engine Gasoline Fuel,A/T,White,Gray,At least 1 accident or damage reported,Yes,7999,8.987196820661973,11.931642378754141
BMW,X7 xDrive40i,2020,46000,Gasoline,335.0HP 3.0L Straight 6 Cylinder Engine Gasoline Fuel,Transmission w/Dual Shift Mode,Black,Black,None reported,Yes,54999,10.915088464214607,10.736418414365376
BMW,X7 xDrive40i,2022,8000,Hybrid,335.0HP 3.0L Straight 6 Cylinder Engine Gasoline/Mild Electric Hybrid,A/T,Blue,Brown,None reported,Yes,85000,11.350418300109132,8.987321812850125
Ferrari,F12berlinetta Base,2016,14770,Gasoline,6.3L V12 48V GDI DOHC,7-Speed Automatic with Auto-Shift,Gray,–,None reported,Yes,254900,12.448630513463613,9.6004210780406
Chevrolet,Silverado 2500 LT,2016,84421,E85 Flex Fuel,360.0HP 6.0L 8 Cylinder Engine Flex Fuel Capability,6-Speed A/T,White,Black,None reported,Yes,36800,10.513280297700861,11.343583310124329
Mercedes-Benz,Maybach S 580 4MATIC,2022,4760,Gasoline,4.0L V8 32V GDI DOHC Twin Turbo,9-Speed Automatic,Diamond White,Black,None reported,Yes,229000,12.34148164933907,8.46821300919452
GMC,Sierra 1500 Denali,2021,44691,Gasoline,6.2L V8 16V GDI OHV,10-Speed Automatic,White Frost Tri-Coat,Walnut,At least 1 accident or damage reported,Unknown,56900,10.949068194652432,10.707549793667228
Mitsubishi,Outlander SEL,2022,11700,Gasoline,181.0HP 2.5L 4 Cylinder Engine Gasoline Fuel,A/T,White,Black,None reported,Yes,33000,10.404293143019792,9.367429587218957
Ford,Shelby GT350 Base,2019,2800,Gasoline,526.0HP 5.2L 8 Cylinder Engine Gasoline Fuel,6-Speed M/T,Black,Black,None reported,Yes,91000,11.418625774449598,7.937731775260109
MINI,Cooper Base,2010,58000,Gasoline,118.0HP 1.6L 4 Cylinder Engine Gasoline Fuel,6-Speed A/T,Gold,Black,None reported,Yes,8000,8.987321812850125,10.968215530759236
Toyota,Prius Touring,2009,142500,Hybrid,76.0HP 1.5L 4 Cylinder Engine Gas/Electric Hybrid,A/T,Blue,Beige,None reported,Yes,6999,8.85366542803745,11.86710429621008
Cadillac,Escalade ESV Base,2007,191900,Gasoline,403.0HP 6.2L 8 Cylinder Engine Gasoline Fuel,A/T,Black,Black,At least 1 accident or damage reported,Yes,9750,9.18512512283512,12.164734893029634
Audi,A6 2.0T Premium Plus,2016,63398,Gasoline,252.0HP 2.0L 4 Cylinder Engine Gasoline Fuel,A/T,White,Gray,At least 1 accident or damage reported,Yes,19500,9.87822102528824,11.057203367430262
Chevrolet,Suburban 1500 LT,2008,162750,Gasoline,320.0HP 5.3L 8 Cylinder Engine Gasoline Fuel,Transmission Overdrive Switch,White,Black,At least 1 accident or damage reported,Yes,7200,8.881975184248867,11.99997670444518
Jaguar,XK R,2012,38383,Gasoline,510.0HP 5.0L 8 Cylinder Engine Gasoline Fuel,6-Speed A/T,White,Black,None reported,Yes,36949,10.517320926376348,10.555395985079477
Porsche,911 Carrera GTS,2022,1837,Gasoline,3.0L H6 24V GDI DOHC Twin Turbo,8-Speed Automatic with Auto-Shift,Aventurine Green Metallic,Agave Green,None reported,Yes,179900,12.100161978566867,7.516433302915632
Ford,F-250 XLT,2022,36294,Diesel,6.7L V8 32V DDI OHV Turbo Diesel,Automatic,Oxford White,Medium Earth Gray,None reported,Yes,77535,11.258497623616252,10.49943526971894
Audi,A4 2.0T Premium,2011,90818,Gasoline,211.0HP 2.0L 4 Cylinder Engine Gasoline Fuel,A/T,White,Black,At least 1 accident or damage reported,Yes,8300,9.024131268455035,11.416623793800747
Cadillac,ATS 2.0L Turbo,2018,32000,Gasoline,272.0HP 2.0L 4 Cylinder Engine Gasoline Fuel,A/T,Gray,Black,None reported,Yes,22999,10.043249494911286,10.373522431293592
Ford,Transit-350 Base,2019,94650,Gasoline,275.0HP 3.7L V6 Cylinder Engine Gasoline Fuel,6-Speed A/T,White,–,None reported,Yes,37000,10.518700218288165,11.457951721822017
Mercedes-Benz,G-Class G 63 AMG,2014,49899,Gasoline,536.0HP 5.5L 8 Cylinder Engine Gasoline Fuel,A/T,White,Black,None reported,Yes,72999,11.198214720130528,10.81777628173961
Jeep,Wrangler Sahara,2011,55000,Gasoline,202.0HP 3.8L V6 Cylinder Engine Gasoline Fuel,4-Speed A/T,Red,Black,At least 1 accident or damage reported,Yes,35000,10.463131911491967,10.915106645867503
BMW,M4 Base,2015,23700,Gasoline,425.0HP 3.0L Straight 6 Cylinder Engine Gasoline Fuel,Transmission w/Dual Shift Mode,Black,Black,None reported,Yes,42800,10.664316745782925,10.073272520325904
Tesla,Model S P100D,2018,46000,Gasoline,518.0HP Electric Motor Electric Fuel System,A/T,White,Black,None reported,Yes,59500,10.993748398115178,10.736418414365376
Maserati,Ghibli S GranLusso,2020,12118,Gasoline,424.0HP 3.0L V6 Cylinder Engine Gasoline Fuel,8-Speed A/T,Blue,Brown,None reported,Yes,52900,10.876177521259402,9.402529747968487
Pontiac,Firebird Trans Am,2001,64000,Gasoline,310.0HP 5.7L 8 Cylinder Engine Gasoline Fuel,6-Speed M/T,Blue,Beige,None reported,Yes,21000,9.952325334619427,11.06665398721974
Ford,Expedition XLT,2022,22169,Gasoline,3.5L V6 24V PDI DOHC Twin Turbo,10-Speed Automatic,Black,Sandstone,None reported,Yes,57352,10.956980431564268,10.006495302610357
Ferrari,812 Superfast Base,2020,1575,Gasoline,788.0HP 6.5L 12 Cylinder Engine Gasoline Fuel,Transmission w/Dual Shift Mode,Red,Black,None reported,Yes,469900,13.060277313201007,7.362645270417825
Tesla,Model X Long Range Plus,2021,46897,Gasoline,557.0HP Electric Motor Electric Fuel System,A/T,Blue,Black,None reported,Yes,69000,11.141876276228,10.755730309601852
Land Rover,Range Rover P400 SE SWB,2022,3369,Hybrid,395.0HP 3.0L Straight 6 Cylinder Engine Gasoline/Mild Electric Hybrid,A/T,White,Black,None reported,Yes,139500,11.845827048676645,8.122668023346407
BMW,535 i xDrive,2011,135000,Gasoline,300.0HP 3.0L Straight 6 Cylinder Engine Gasoline Fuel,8-Speed A/T,Blue,Beige,None reported,Yes,9999,9.210340371976184,11.813037464800539
BMW,428 i xDrive,2015,125000,Gasoline,240.0HP 2.0L 4 Cylinder Engine Gasoline Fuel,A/T,White,Black,None reported,Yes,15000,9.61587214452889,11.736077016252437
Cadillac,Escalade ESV Platinum,2017,134000,Gasoline,420.0HP 6.2L 8 Cylinder Engine Gasoline Fuel,8-Speed A/T,Gold,Brown,None reported,Yes,32999,10.404262840448617,11.80560254159177
BMW,X5 xDrive35i,2014,143250,Gasoline,300.0HP 3.0L Straight 6 Cylinder Engine Gasoline Fuel,8-Speed A/T,Black,White,None reported,Yes,12999,9.472704636443673,11.872353615355413
Lexus,GX 460 Premium,2017,82975,Gasoline,301.0HP 4.6L 8 Cylinder Engine Gasoline Fuel,A/T,White,Beige,None reported,Yes,31000,10.34177474101152,11.326306688338391
MINI,Countryman Cooper S ALL4,2016,91700,Gasoline,181.0HP 1.6L 4 Cylinder Engine Gasoline Fuel,6-Speed M/T,White,Black,None reported,Yes,13999,9.546812608597396,11.426288563310505
Ford,F-150 XLT,2018,72393,Gasoline,325.0HP 2.7L V6 Cylinder Engine Gasoline Fuel,10-Speed A/T,Black,Black,None reported,Yes,35000,10.463131911491967,11.18987870201148
INFINITI,QX60 Base,2016,71000,Gasoline,265.0HP 3.5L V6 Cylinder Engine Gasoline Fuel,A/T,Black,Black,None reported,Yes,21500,9.975854724662028,11.170449240431308
Lexus,RX 350 Base,2012,160900,Gasoline,270.0HP 3.5L V6 Cylinder Engine Gasoline Fuel,6-Speed A/T,Silver,Gray,None reported,Yes,15000,9.61587214452889,11.98854454800156
Dodge,Charger Scat Pack,2020,40208,Gasoline,485.0HP 6.4L 8 Cylinder Engine Gasoline Fuel,8-Speed A/T,Red,Black,At least 1 accident or damage reported,Yes,38000,10.545367754151743,10.601846130146606
Lexus,IS 350 Base,2017,77300,Gasoline,306.0HP 3.5L V6 Cylinder Engine Gasoline Fuel,6-Speed A/T,White,Black,None reported,Yes,30000,10.308985993422082,11.255462171102444
Nissan,NV200 SV,2017,16700,Gasoline,131.0HP 2.0L 4 Cylinder Engine Gasoline Fuel,A/T,White,Black,None reported,Yes,26500,10.184937747111391,9.723223876851618
Subaru,Impreza 2.0i Premium,2013,112000,Gasoline,148.0HP 2.0L 4 Cylinder Engine Gasoline Fuel,CVT Transmission,Black,Beige,None reported,Yes,9999,9.210340371976184,11.626263078808801
BMW,M3 Base,2016,55250,Gasoline,425.0HP 3.0L Straight 6 Cylinder Engine Gasoline Fuel,6-Speed M/T,Blue,White,None reported,Yes,49999,10.819778284410283,10.919641718763716
INFINITI,QX80 Luxe,2020,69000,Gasoline,400.0HP 5.6L 8 Cylinder Engine Gasoline Fuel,A/T,Gray,Black,None reported,Yes,31450,10.356186058125473,11.141876276228
Rolls-Royce,Phantom,2023,1560,Gasoline,–,–,Tempest,Cobalt Blue,None reported,Yes,599995,13.304678267509395,7.353081920515432
Ford,Mustang GT Premium,2016,40570,Gasoline,435.0HP 5.0L 8 Cylinder Engine Gasoline Fuel,6-Speed M/T,Gray,Black,At least 1 accident or damage reported,Yes,30490,10.32518683708304,10.610808804651954
Toyota,RAV4 TRD Off Road,2020,46500,Gasoline,203.0HP 2.5L 4 Cylinder Engine Gasoline Fuel,8-Speed A/T,White,Black,None reported,Yes,35200,10.468829770273567,10.747229096720554
Honda,S2000 Base,2000,26900,Gasoline,240.0HP 2.0L 4 Cylinder Engine Gasoline Fuel,M/T,Silver,Red,None reported,Yes,35000,10.463131911491967,10.199918739620157
Jeep,Gladiator Sport,2021,5779,Gasoline,3.6L V6 24V MPFI DOHC,8-Speed Automatic,Firecracker Red Clearcoat,Black,None reported,Yes,41329,10.629343907505778,8.662158961666423
Ford,Bronco Big Bend Advanced,2023,12000,Gasoline,275.0HP 2.3L 4 Cylinder Engine Gasoline Fuel,10-Speed A/T,Black,–,None reported,Yes,54000,10.896757843893464,9.392745258631441
Ford,Expedition Timberline,2022,30301,Gasoline,3.5L V6 24V PDI DOHC Twin Turbo,10-Speed Automatic,Dark Matter Metallic,Deep Cypress,None reported,Yes,68420,11.13343507403426,10.31896899591978
Toyota,Sequoia TRD Pro,2023,600,Hybrid,437.0HP 3.4L V6 Cylinder Engine Gas/Electric Hybrid,10-Speed A/T,Orange,Black,None reported,Yes,91995,11.4295003768251,6.398594934535208
Plymouth,Prowler Base,2001,22300,Gasoline,253.0HP 3.5L V6 Cylinder Engine Gasoline Fuel,4-Speed A/T,Blue,Gray,None reported,Yes,28500,10.25769445336048,10.012386799492118
Alfa Romeo,Giulia Ti,2023,9275,Gasoline,2.0L I4 16V GDI SOHC Turbo,8-Speed Automatic,Alfa White,Black,None reported,Yes,43900,10.689692377847104,9.135185698375423
Chevrolet,Suburban 1500 LS,2004,171750,E85 Flex Fuel,295.0HP 5.3L 8 Cylinder Engine Flex Fuel Capability,4-Speed A/T,White,Beige,At least 1 accident or damage reported,Yes,12998,9.47262771040802,12.053801032483948
Mitsubishi,Lancer Evolution GSR,2013,76500,Gasoline,291.0HP 2.0L 4 Cylinder Engine Gasoline Fuel,5-Speed M/T,Black,Black,None reported,Yes,28000,10.239995502805316,11.245059091624615
Mercedes-Benz,AMG GLE 43 Coupe 4MATIC,2018,49000,Gasoline,385.0HP 3.0L V6 Cylinder Engine Gasoline Fuel,9-Speed A/T,Blue,Brown,At least 1 accident or damage reported,Yes,42995,10.668862367092954,10.799595985047786
Audi,R8 5.2 quattro Spyder,2011,75000,Gasoline,525.0HP 5.2L 10 Cylinder Engine Gasoline Fuel,Transmission w/Dual Shift Mode,White,Brown,At least 1 accident or damage reported,Yes,74000,11.211833885608513,11.225256725762893
Ford,Escape XLT,2007,133300,Gasoline,153.0HP 2.3L 4 Cylinder Engine Gasoline Fuel,4-Speed A/T,Silver,Silver,None reported,Yes,3000,8.006700845440367,11.80036500801413
BMW,X5 3.0si,2007,99700,Gasoline,260.0HP 3.0L Straight 6 Cylinder Engine Gasoline Fuel,6-Speed A/T,Black,Black,None reported,Yes,8500,9.04793908261736,11.5099309859899
Chevrolet,Camaro 2LT,2011,126700,Gasoline,312.0HP 3.6L V6 Cylinder Engine Gasoline Fuel,Transmission w/Dual Shift Mode,White,Beige,At least 1 accident or damage reported,Yes,14000,9.546884034617925,11.749585258937909
BMW,340 i,2016,28000,Gasoline,320.0HP 3.0L Straight 6 Cylinder Engine Gasoline Fuel,6-Speed M/T,Black,Red,None reported,Yes,36995,10.51856507767415,10.239995502805316
Mercedes-Benz,SL-Class SL 550,2012,21300,Gasoline,382.0HP 5.5L 8 Cylinder Engine Gasoline Fuel,7-Speed A/T,Silver,Red,At least 1 accident or damage reported,Yes,38500,10.55843949396453,9.966509298952284
Cadillac,Escalade Platinum,2019,92000,Gasoline,420.0HP 6.2L 8 Cylinder Engine Gasoline Fuel,A/T,Black,Black,None reported,Yes,51900,10.857093336791094,11.429554725537322
Chevrolet,Silverado 3500 LTZ,2018,92149,Diesel,6.6L V8 32V DDI OHV Turbo Diesel,6-Speed Automatic,Black,Jet Black,None reported,Yes,52889,10.875969564060025,11.43117296309797
Lexus,RC F Base,2015,25756,Gasoline,467.0HP 5.0L 8 Cylinder Engine Gasoline Fuel,8-Speed A/T,Black,Black,None reported,Yes,49995,10.819698281210112,10.156461713809012
Kia,Forte GT-Line,2021,24534,Gasoline,147.0HP 2.0L 4 Cylinder Engine Gasoline Fuel,CVT Transmission,White,Black,None reported,Yes,21900,9.994287576862567,10.107855948524003
Land Rover,Range Rover Sport Supercharged Dynamic,2018,58100,Gasoline,518.0HP 5.0L 8 Cylinder Engine Gasoline Fuel,8-Speed A/T,Red,Black,None reported,Yes,53499,10.887436932884098,10.969938154395841
Nissan,Titan S,2017,20220,Gasoline,390.0HP 5.6L 8 Cylinder Engine Gasoline Fuel,7-Speed A/T,White,Gray,None reported,Yes,32324,10.383596203640058,9.91447694733573
Honda,Accord EX-L 2.0T,2019,40069,Gasoline,252.0HP 2.0L 4 Cylinder Engine Gasoline Fuel,A/T,White,Black,At least 1 accident or damage reported,Yes,27500,10.221977646629885,10.59838320363019
Subaru,WRX Base,2017,60930,Gasoline,268.0HP 2.0L 4 Cylinder Engine Gasoline Fuel,6-Speed M/T,Blue,Black,None reported,Yes,23750,10.075379913839543,11.017497355384243
Audi,A4 2.0T Titanium Premium,2019,7300,Gasoline,188.0HP 2.0L 4 Cylinder Engine Gasoline Fuel,7-Speed A/T,White,Gray,None reported,Yes,27900,10.236417809461043,8.895766604056085
Ford,Mustang EcoBoost Premium,2018,34000,Gasoline,–,A/T,Blue,Gray,At least 1 accident or damage reported,Yes,25000,10.12667110305036,10.434145214930487
Chevrolet,Avalanche 1500 LS,2012,56000,E85 Flex Fuel,320.0HP 5.3L 8 Cylinder Engine Flex Fuel Capability,A/T,Red,Black,At least 1 accident or damage reported,Yes,18000,9.798182590890704,10.933124826700707
Mercedes-Benz,CLA-Class CLA 250,2014,136000,Gasoline,208.0HP 2.0L 4 Cylinder Engine Gasoline Fuel,Transmission w/Dual Shift Mode,Gray,Black,At least 1 accident or damage reported,Yes,12000,9.392745258631441,11.820417517632333
BMW,228 Gran Coupe i xDrive,2020,31100,Gasoline,228.0HP 2.0L 4 Cylinder Engine Gasoline Fuel,8-Speed A/T,Blue,White,None reported,Yes,26999,10.203592144986466,10.344995251991222
Maserati,GranTurismo Base,2012,12100,Gasoline,440.0HP 4.7L 8 Cylinder Engine Gasoline Fuel,Transmission w/Dual Shift Mode,Blue,Beige,None reported,Yes,37900,10.542732775946709,9.401043372798053
Ford,Expedition Platinum,2021,51902,Gasoline,3.5L V6 24V PDI DOHC Twin Turbo,10-Speed Automatic,Red,Ceramic,None reported,Yes,57480,10.95920973739723,10.857131870951632
Audi,S4 Base,2007,93000,Gasoline,340.0HP 4.2L 8 Cylinder Engine Gasoline Fuel,6-Speed M/T,Black,Black,At least 1 accident or damage reported,Yes,10995,9.305286849285137,11.440365524765756
Land Rover,Range Rover Sport Supercharged HSE,2016,99915,Gasoline,340.0HP 3.0L V6 Cylinder Engine Gasoline Fuel,A/T,Blue,White,At least 1 accident or damage reported,Yes,26500,10.184937747111391,11.512085111972535
Ford,Mustang Mach-E GT,2022,7661,Gasoline,Electric,1-Speed Automatic,Star White,Black Onyx,None reported,Yes,49599,10.811746112713019,8.944028325260595
Chevrolet,Tahoe LTZ,2007,177000,E85 Flex Fuel,320.0HP 5.3L 8 Cylinder Engine Flex Fuel Capability,4-Speed A/T,Gold,Beige,At least 1 accident or damage reported,Yes,10750,9.282754052485227,12.083910661257521
Nissan,Xterra S,2008,100900,Gasoline,261.0HP 4.0L V6 Cylinder Engine Gasoline Fuel,A/T,Black,Gray,None reported,Yes,6999,8.85366542803745,11.521895117095363
INFINITI,Q60 3.0T Premium,2017,107380,Gasoline,300.0HP 3.0L V6 Cylinder Engine Gasoline Fuel,7-Speed A/T,Black,Gray,At least 1 accident or damage reported,Yes,17500,9.770013301136158,11.584138536654374
Ford,F-150 Raptor,2021,32957,Gasoline,3.5L V6 24V PDI DOHC Twin Turbo,10-Speed Automatic,Oxford White,Black,None reported,Yes,77900,11.263194068746921,10.402989302570676
Acura,TLX Base,2016,45000,Gasoline,206.0HP 2.4L 4 Cylinder Engine Gasoline Fuel,A/T,Gray,Blue,None reported,Yes,16500,9.711176264112805,10.714439990727769
Nissan,Frontier SV,2013,67000,Gasoline,261.0HP 4.0L V6 Cylinder Engine Gasoline Fuel,5-Speed A/T,Blue,Gray,None reported,Yes,15500,9.648659816955295,11.112462823634855
Chevrolet,Camaro 1SS,2021,12600,Gasoline,455.0HP 6.2L 8 Cylinder Engine Gasoline Fuel,6-Speed M/T,Gray,Black,None reported,Yes,47000,10.757924157061597,9.441531454869693
Porsche,Panamera 4,2018,24882,Gasoline,330.0HP 3.0L V6 Cylinder Engine Gasoline Fuel,Transmission w/Dual Shift Mode,White,Black,None reported,Yes,59800,10.998777662206932,10.121940118362215
Acura,TLX PMC Edition,2020,6900,Gasoline,290.0HP 3.5L V6 Cylinder Engine Gasoline Fuel,9-Speed A/T,Red,Black,None reported,Yes,43500,10.680539205318292,8.839421607620602
Kia,Sorento EX V6,2019,66075,Gasoline,3.3L V6 24V GDI DOHC,8-Speed Automatic,Titanium Silver,Satin Black,None reported,Yes,23754,10.075548313621022,11.098560873675032
Hyundai,Palisade SEL,2021,68050,Gasoline,291.0HP 3.8L V6 Cylinder Engine Gasoline Fuel,8-Speed A/T,Black,Black,None reported,Yes,29600,10.295563423525277,11.128012703048789
Ford,F-250 Lariat,2017,128000,Diesel,440.0HP 6.7L 8 Cylinder Engine Diesel Fuel,6-Speed A/T,Gray,Black,None reported,Yes,50000,10.819798284210286,11.759793355371237
BMW,430 i,2021,9472,Gasoline,255.0HP 2.0L 4 Cylinder Engine Gasoline Fuel,A/T,White,Blue,None reported,Yes,51000,10.839600519357369,9.156200925875535
Mitsubishi,Lancer GTS,2009,185963,Gasoline,168.0HP 2.4L 4 Cylinder Engine Gasoline Fuel,CVT Transmission,Orange,Gray,At least 1 accident or damage reported,Yes,5100,8.537191877922927,12.133308385575335
Nissan,NV200 S,2019,52000,Gasoline,131.0HP 2.0L 4 Cylinder Engine Gasoline Fuel,CVT Transmission,Black,Gray,At least 1 accident or damage reported,Yes,19500,9.87822102528824,10.859018228147887
Buick,Enclave Leather,2015,68653,Gasoline,288.0HP 3.6L V6 Cylinder Engine Gasoline Fuel,6-Speed A/T,Blue,Black,At least 1 accident or damage reported,Yes,18950,9.84961197956681,11.136834676068242
Lexus,RX 330 Base,2004,151896,Gasoline,230.0HP 3.3L V6 Cylinder Engine Gasoline Fuel,A/T,Silver,Gray,None reported,Yes,7900,8.974744612722734,11.930957938553416
Lexus,RX 450h F Sport,2019,43671,Hybrid,3.5L V6 24V PDI DOHC Hybrid,Automatic CVT,Caviar,Rioja Red,None reported,Yes,44950,10.713328286593352,10.684462443461593
Ford,F-250 Lariat,2017,72128,E85 Flex Fuel,6.2L V8 16V MPFI SOHC Flexible Fuel,6-Speed Automatic,White,Camel,None reported,Yes,45985,10.736092281321946,11.186211461544689
Kia,Forte Koup EX,2013,134207,Gasoline,156.0HP 2.0L 4 Cylinder Engine Gasoline Fuel,A/T,Black,–,At least 1 accident or damage reported,Yes,5500,8.612685172875459,11.807146114261592
GMC,Terrain SLE,2020,26470,Gasoline,1.5L I4 16V GDI DOHC Turbo,9-Speed Automatic,Summit White,Jet Black,None reported,Yes,29900,10.305647203635566,10.183805073124855
Porsche,Macan Base,2018,82300,Gasoline,252.0HP 2.0L 4 Cylinder Engine Gasoline Fuel,7-Speed A/T,Black,Black,None reported,Yes,35000,10.463131911491967,11.31813853725963
Lexus,RC 350 Base,2015,124000,Gasoline,306.0HP 3.5L V6 Cylinder Engine Gasoline Fuel,Transmission w/Dual Shift Mode,Blue,Blue,None reported,Yes,24000,10.085850775128717,11.728044909070785
Audi,S4 3.0T Premium Plus,2020,23823,Gasoline,3.0L V6 24V GDI DOHC Turbo,8-Speed Automatic,Tango Red Metallic,Black,None reported,Yes,49995,10.819698281210112,10.07844875492379
GMC,Yukon SLT,2002,222600,Gasoline,275.0HP 4.8L 8 Cylinder Engine Gasoline Fuel,4-Speed A/T,Gray,Beige,None reported,Yes,4999,8.517193191416238,12.313136210176474
Lamborghini,Urus Base,2021,9500,Gasoline,641.0HP 4.0L 8 Cylinder Engine Gasoline Fuel,A/T,White,Black,None reported,Yes,279900,12.5421912482017,9.15915233520675
INFINITI,QX60 Base,2014,154247,Gasoline,265.0HP 3.5L V6 Cylinder Engine Gasoline Fuel,A/T,Black,Black,At least 1 accident or damage reported,Yes,12500,9.433563920090563,11.946316975719231
Chevrolet,Silverado 2500 LTZ H/D Extended Cab,2008,128000,Gasoline,353.0HP 6.0L 8 Cylinder Engine Gasoline Fuel,6-Speed A/T,Beige,Black,None reported,Yes,23500,10.064798252418377,11.759793355371237
Maserati,GranTurismo Base,2008,70000,Gasoline,405.0HP 4.2L 8 Cylinder Engine Gasoline Fuel,A/T,Blue,Brown,At least 1 accident or damage reported,Yes,13000,9.472781556562168,11.156264806643742
BMW,X6 M Base,2016,52375,Gasoline,567.0HP 4.4L 8 Cylinder Engine Gasoline Fuel,8-Speed A/T,White,Brown,At least 1 accident or damage reported,Yes,48600,10.791399385808587,10.866203750120928
Chrysler,300 S,2016,100574,Gasoline,300.0HP 3.6L V6 Cylinder Engine Gasoline Fuel,8-Speed A/T,Black,Black,At least 1 accident or damage reported,Yes,17500,9.770013301136158,11.518658996817988
Chrysler,300 Base,2014,85000,Gasoline,292.0HP 3.6L V6 Cylinder Engine Gasoline Fuel,8-Speed A/T,White,–,At least 1 accident or damage reported,Yes,11250,9.328212292571072,11.350418300109132
Acura,RDX w/A-Spec Package,2023,3959,Gasoline,2.0 Liter DOHC Turbo,Automatic,White,Black,None reported,Yes,48998,10.799555168721248,8.283999304248526
Chevrolet,Corvette Stingray w/1LT,2021,10400,Gasoline,490.0HP 6.2L 8 Cylinder Engine Gasoline Fuel,8-Speed A/T,Silver,Black,None reported,Yes,72900,11.196857635323791,9.249657234353133
Chevrolet,Camaro 1SS,2019,19200,Gasoline,455.0HP 6.2L 8 Cylinder Engine Gasoline Fuel,6-Speed M/T,Orange,Black,None reported,Yes,41500,10.633472802314019,9.862717639992917
Mercedes-Benz,E-Class E 350 4MATIC,2013,81000,Gasoline,302.0HP 3.5L V6 Cylinder Engine Gasoline Fuel,A/T,Gray,Beige,At least 1 accident or damage reported,Yes,13000,9.472781556562168,11.302216779257382
Ford,F-150 Raptor,2022,17451,Gasoline,3.5L V6 24V PDI DOHC Twin Turbo,10-Speed Automatic,Oxford White,Rhapsody Blue,None reported,Yes,77900,11.263194068746921,9.7672095342435
Nissan,Versa 1.8 S,2011,165000,Gasoline,122.0HP 1.8L 4 Cylinder Engine Gasoline Fuel,A/T,Black,–,None reported,Yes,4000,8.294299608857235,12.013706813470414
BMW,M3 CS,2024,124,Gasoline,543.0HP 3.0L Straight 6 Cylinder Engine Gasoline Fuel,Transmission w/Dual Shift Mode,Green,Black,None reported,Yes,145000,11.884495917930655,4.8283137373023015
Hyundai,Accent GLS,2013,117500,Gasoline,138.0HP 1.6L 4 Cylinder Engine Gasoline Fuel,6-Speed A/T,Silver,Gray,At least 1 accident or damage reported,Yes,6500,8.77971129020447,11.674202123168433
Mercedes-Benz,S-Class S 450 4MATIC,2018,72500,Gasoline,362.0HP 3.0L V6 Cylinder Engine Gasoline Fuel,A/T,Black,Black,None reported,Yes,60000,11.002116507732017,11.19135563385109
Porsche,911 GT3,2023,265,Gasoline,4.0L H6 24V GDI DOHC,6-Speed Manual,Black,Gray,None reported,Yes,279950,12.5423698668371,5.583496308781699
Mercedes-Benz,AMG GT 63 S 4-Door,2020,21214,Gasoline,4.0L V8 32V GDI DOHC Twin Turbo,9-Speed Automatic,Obsidian Black Metallic,Black,None reported,Yes,117900,11.6776005682537,9.962463757636426
Audi,Q5 3.0 TDI Premium Plus,2014,55564,Diesel,240.0HP 3.0L V6 Cylinder Engine Diesel Fuel,8-Speed A/T,Black,Black,At least 1 accident or damage reported,Yes,22500,10.021315031649332,10.925308785619746
Cadillac,LYRIQ Luxury,2023,1090,Gasoline,500.0HP Electric Motor Electric Fuel System,A/T,Gray,Silver,None reported,Yes,68750,11.13824656087758,6.994849985833071
Volvo,XC60 T5 R-Design,2019,43500,Gasoline,250.0HP 2.0L 4 Cylinder Engine Gasoline Fuel,Transmission w/Dual Shift Mode,Gray,Black,None reported,Yes,30000,10.308985993422082,10.680539205318292
Mercedes-Benz,AMG GT 53 Base,2019,35000,Hybrid,429.0HP 3.0L Straight 6 Cylinder Engine Gasoline/Mild Electric Hybrid,Transmission w/Dual Shift Mode,Black,Black,None reported,Yes,83000,11.326607934898927,10.463131911491967
GMC,Yukon SLT,2017,92031,Gasoline,355.0HP 5.3L 8 Cylinder Engine Gasoline Fuel,A/T,White,Beige,At least 1 accident or damage reported,Yes,30000,10.308985993422082,11.429891621640664
Lexus,GS 350 Base,2016,128032,Gasoline,311.0HP 3.5L V6 Cylinder Engine Gasoline Fuel,Transmission w/Dual Shift Mode,Silver,Black,None reported,Yes,18000,9.798182590890704,11.760043322173823
Jaguar,XF 25t Premium,2018,18800,Gasoline,247.0HP 2.0L 4 Cylinder Engine Gasoline Fuel,8-Speed A/T,White,White,None reported,Yes,26000,10.165890277802454,9.841665338892785
BMW,M8 Gran Coupe Competition,2023,2900,Gasoline,617.0HP 4.4L 8 Cylinder Engine Gasoline Fuel,8-Speed A/T,Green,Gray,None reported,Yes,117500,11.674202123168433,7.972810784121404
Honda,Ridgeline Black Edition,2017,91600,Gasoline,280.0HP 3.5L V6 Cylinder Engine Gasoline Fuel,6-Speed A/T,Black,Black,None reported,Yes,26000,10.165890277802454,11.425197467633199
Toyota,4Runner SR5,2019,91843,Gasoline,270.0HP 4.0L V6 Cylinder Engine Gasoline Fuel,5-Speed A/T,Blue,Black,At least 1 accident or damage reported,Yes,30500,10.32551474894327,11.427846764611914
Ford,Bronco Sport Outer Banks,2021,28105,Gasoline,1.5L I3 12V PDI DOHC Turbo,8-Speed Automatic,Kodiak Brown Metallic,Ebony,None reported,Yes,32455,10.387640604886283,10.24373835566069
Dodge,Charger R/T 392,2017,73350,Gasoline,485.0HP 6.4L 8 Cylinder Engine Gasoline Fuel,8-Speed A/T,Gray,Red,None reported,Yes,37000,10.518700218288165,11.203011416743363
Mercedes-Benz,GLC 300 GLC 300,2022,11875,Gasoline,2.0 Liter Turbo,Automatic,Black,Black,None reported,Yes,41598,10.635831407498888,9.382274835883651
Tesla,Model S P100D,2018,47000,Gasoline,518.0HP Electric Motor Electric Fuel System,A/T,Black,Black,None reported,Yes,49900,10.817796321618971,10.757924157061597
INFINITI,Q50 3.0t Signature Edition,2017,67000,Gasoline,300.0HP 3.0L V6 Cylinder Engine Gasoline Fuel,Transmission w/Dual Shift Mode,Black,Black,None reported,Yes,23000,10.043292972227004,11.112462823634855
BMW,340 i,2016,117660,Gasoline,320.0HP 3.0L Straight 6 Cylinder Engine Gasoline Fuel,8-Speed A/T,White,Black,At least 1 accident or damage reported,Yes,19500,9.87822102528824,11.675562887447432
Pontiac,Firebird Trans Am,2001,71448,Gasoline,200.0HP 3.8L V6 Cylinder Engine Gasoline Fuel,4-Speed A/T,Gray,Black,None reported,Yes,10500,9.259225769705994,11.176739187458812
Nissan,NV Passenger NV3500 HD SV V8,2015,86000,Gasoline,317.0HP 5.6L 8 Cylinder Engine Gasoline Fuel,A/T,Silver,Gray,None reported,Yes,29500,10.292179440058462,11.362114203075018
Lexus,ES 350 Base,2020,15324,Gasoline,3.5L V6 24V PDI DOHC,8-Speed Automatic,Black,Black,At least 1 accident or damage reported,Unknown,33364,10.415262725337707,9.637240760804412
BMW,135 is,2013,29400,Gasoline,320.0HP 3.0L Straight 6 Cylinder Engine Gasoline Fuel,6-Speed M/T,White,Beige,None reported,Yes,29000,10.275085591132715,10.288783966353765
Lexus,IS 300 Base,2017,68871,Gasoline,255.0HP 3.5L V6 Cylinder Engine Gasoline Fuel,6-Speed A/T,Silver,Red,None reported,Yes,28450,10.255938588321637,11.140004988337791
Porsche,Cayenne S,2012,126000,Gasoline,400.0HP 4.8L 8 Cylinder Engine Gasoline Fuel,Transmission w/Dual Shift Mode,Silver,Gray,None reported,Yes,17999,9.798127036878302,11.744045122410057
Pontiac,Solstice GXP,2007,25718,Gasoline,260.0HP 2.0L 4 Cylinder Engine Gasoline Fuel,M/T,Yellow,Black,None reported,Yes,17900,9.792611856190192,10.154985297346865
Porsche,Panamera Turbo,2015,67210,Gasoline,520.0HP 4.8L 8 Cylinder Engine Gasoline Fuel,Transmission w/Dual Shift Mode,Blue,Beige,At least 1 accident or damage reported,Yes,51950,10.858056245620261,11.115592203591607
BMW,X6 xDrive35i,2018,27214,Gasoline,300.0HP 3.0L Straight 6 Cylinder Engine Gasoline Fuel,Transmission w/Dual Shift Mode,Black,Black,At least 1 accident or damage reported,Yes,40950,10.620131509007471,10.2115235708683
Ford,F-150 Limited,2019,42728,Gasoline,450.0HP 3.5L V6 Cylinder Engine Gasoline Fuel,Transmission w/Dual Shift Mode,Black,Brown,None reported,Yes,45950,10.735330890332664,10.662633125602696
MINI,Cooper S Base,2010,97395,Gasoline,172.0HP 1.6L 4 Cylinder Engine Gasoline Fuel,6-Speed M/T,Yellow,Black,None reported,Yes,6699,8.809862805379057,11.486540421025516
Mazda,Mazda3 i SV,2015,91700,Gasoline,155.0HP 2.0L 4 Cylinder Engine Gasoline Fuel,A/T,Red,Black,None reported,Yes,12000,9.392745258631441,11.426288563310505
Mitsubishi,Lancer Evolution MR,2011,94500,Gasoline,291.0HP 2.0L 4 Cylinder Engine Gasoline Fuel,Transmission w/Dual Shift Mode,White,Black,None reported,Yes,27000,10.203629181337648,11.456365695436427
Chevrolet,Tahoe LTZ,2014,196300,E85 Flex Fuel,320.0HP 5.3L 8 Cylinder Engine Flex Fuel Capability,6-Speed A/T,Black,Black,None reported,Yes,10995,9.305286849285137,12.187404474495082
Cadillac,CTS 3.6L Luxury,2015,54259,Gasoline,3.6L V6 24V GDI DOHC,8-Speed Automatic,Majestic Plum Metallic,Light Platinum / Jet Black,None reported,Yes,19425,9.874367653962276,10.901542586212923
Acura,RDX w/Advance Package,2021,36267,Gasoline,2.0 Liter Turbo,Automatic,White,Parchment,None reported,Yes,39798,10.591597065328735,10.498691088765947
Land Rover,Range Rover Sport Supercharged HSE,2015,175000,Gasoline,340.0HP 3.0L V6 Cylinder Engine Gasoline Fuel,A/T,Black,Black,None reported,Yes,19500,9.87822102528824,12.07254696717504
Chevrolet,Suburban 1500 LTZ,2015,159000,Gasoline,355.0HP 5.3L 8 Cylinder Engine Gasoline Fuel,6-Speed A/T,White,Beige,At least 1 accident or damage reported,Yes,26900,10.199918739620157,11.976665770490767
Chevrolet,Camaro 2SS,2016,74000,Gasoline,455.0HP 6.2L 8 Cylinder Engine Gasoline Fuel,8-Speed A/T,Black,Black,None reported,Yes,32000,10.373522431293592,11.211833885608513
Chevrolet,Silverado 1500 Hybrid 1HY,2011,82963,Hybrid,332.0HP 6.0L 8 Cylinder Engine Gas/Electric Hybrid,4-Speed A/T,White,Black,None reported,Yes,20995,9.95208722237219,11.32616205774877
Cadillac,XT5 Luxury,2019,54323,Gasoline,3.6 Liter DOHC,Automatic,Red,Beige,None reported,Yes,27998,10.239924074233857,10.902721397223958
Nissan,Armada SL,2019,59980,Gasoline,390.0HP 5.6L 8 Cylinder Engine Gasoline Fuel,7-Speed A/T,Silver,Black,None reported,Yes,29000,10.275085591132715,11.001783124388094
Audi,Q5 S line Premium,2022,10120,Hybrid,2.0 Liter TFSI,Automatic,Navarre Blue,Gray,None reported,Yes,39998,10.596609732783568,9.222367752188902
BMW,X6 M Base,2017,25000,Gasoline,567.0HP 4.4L 8 Cylinder Engine Gasoline Fuel,Transmission w/Dual Shift Mode,White,Red,At least 1 accident or damage reported,Yes,65000,11.082157933374816,10.12667110305036
BMW,740 i,2012,126000,Gasoline,326.0HP 3.0L Straight 6 Cylinder Engine Gasoline Fuel,A/T,Black,Black,At least 1 accident or damage reported,Yes,12700,9.44943600950432,11.744045122410057
Toyota,Sequoia TRD Pro,2020,37428,Gasoline,381.0HP 5.7L 8 Cylinder Engine Gasoline Fuel,6-Speed A/T,White,Black,None reported,Yes,61599,11.02841714952161,10.530201084004045
Volkswagen,Jetta GLI,2014,99499,Gasoline,210.0HP 2.0L 4 Cylinder Engine Gasoline Fuel,Transmission w/Dual Shift Mode,Black,Black,At least 1 accident or damage reported,Yes,15000,9.61587214452889,11.507912923146684
Honda,Crosstour EX-L,2012,90742,Gasoline,192.0HP 2.4L 4 Cylinder Engine Gasoline Fuel,A/T,Gray,Gray,None reported,Yes,12980,9.471242028892995,11.415786614165816
Land Rover,Range Rover Sport Supercharged,2014,125000,E85 Flex Fuel,510.0HP 5.0L 8 Cylinder Engine Flex Fuel Capability,8-Speed A/T,White,Brown,At least 1 accident or damage reported,Yes,22500,10.021315031649332,11.736077016252437
Hyundai,Santa Fe Sport 2.0L Turbo Ultimate,2018,71669,Gasoline,240.0HP 2.0L 4 Cylinder Engine Gasoline Fuel,A/T,Blue,Black,None reported,Yes,20000,9.90353755128617,11.179827528987964
Cadillac,XT5 Luxury,2019,44692,Gasoline,3.6L V6 24V GDI DOHC,8-Speed Automatic,Bronze Dune Metallic,Shara Beige,None reported,Yes,32368,10.38495645364112,10.707572168786097
Jaguar,F-TYPE R,2018,16002,Gasoline,550.0HP 5.0L 8 Cylinder Engine Gasoline Fuel,8-Speed A/T,Black,Red,None reported,Yes,74900,11.223922520551032,9.680531483645991
Toyota,FJ Cruiser Base,2014,86000,Gasoline,260.0HP 4.0L V6 Cylinder Engine Gasoline Fuel,5-Speed A/T,Blue,Black,None reported,Yes,41500,10.633472802314019,11.362114203075018
Toyota,Tundra SR5,2019,56000,Gasoline,381.0HP 5.7L 8 Cylinder Engine Gasoline Fuel,6-Speed A/T,Blue,Black,None reported,Yes,42000,10.645448706505872,10.933124826700707
RAM,1500 Sport,2017,41789,Gasoline,395.0HP 5.7L 8 Cylinder Engine Gasoline Fuel,A/T,Green,Black,At least 1 accident or damage reported,Yes,42500,10.657282884047461,10.640412355441962
Ford,Focus SE,2014,60109,E85 Flex Fuel,160.0HP 2.0L 4 Cylinder Engine Flex Fuel Capability,6-Speed A/T,Gray,Black,None reported,Yes,9499,9.159047077588632,11.003931496033207
Mercedes-Benz,GLE 350 Base 4MATIC,2020,48000,Gasoline,255.0HP 2.0L 4 Cylinder Engine Gasoline Fuel,A/T,Black,Black,None reported,Yes,49995,10.819698281210112,10.778977123006351
Acura,TL Type S,2008,122000,Gasoline,286.0HP 3.5L V6 Cylinder Engine Gasoline Fuel,Transmission w/Dual Shift Mode,Gray,Beige,None reported,Yes,11500,9.350189267092581,11.711784520403112
Land Rover,Range Rover HSE,2012,102800,Gasoline,385.0HP 5.0L 8 Cylinder Engine Gasoline Fuel,A/T,Gold,Brown,None reported,Yes,16000,9.680406499268875,11.540550359582348
MINI,Convertible Cooper,2022,15544,Gasoline,134.0HP 1.5L 3 Cylinder Engine Gasoline Fuel,A/T,Blue,Brown,None reported,Yes,28000,10.239995502805316,9.651494322492853
Mazda,CX-9 Signature,2019,69771,Gasoline,227.0HP 2.5L 4 Cylinder Engine Gasoline Fuel,A/T,Black,Red,None reported,Yes,27500,10.221977646629885,11.152988062138025
Acura,TLX Tech,2023,2118,Gasoline,2.0 Liter DOHC Turbo,Automatic,Red,Black,None reported,Yes,41998,10.645401087458245,7.6586995582682995
Ford,F-150 Raptor,2021,28260,Gasoline,450.0HP 3.5L V6 Cylinder Engine Gasoline Fuel,10-Speed A/T,Blue,Blue,None reported,Yes,72950,11.197543261876168,10.249238041316636
Honda,Civic Si Base,2020,6025,Gasoline,205.0HP 1.5L 4 Cylinder Engine Gasoline Fuel,6-Speed M/T,Gray,Gray,None reported,Yes,27500,10.221977646629885,8.703838719690246
Hyundai,Elantra SE,2018,32697,Gasoline,147.0HP 2.0L 4 Cylinder Engine Gasoline Fuel,6-Speed A/T,Gray,Gray,At least 1 accident or damage reported,Yes,15900,9.674137279312397,10.395069192935358
Ford,Excursion Limited,2001,239000,Gasoline,310.0HP 6.8L 10 Cylinder Engine Gasoline Fuel,A/T,White,–,None reported,Yes,8000,8.987321812850125,12.384223015005313
Jaguar,F-TYPE S British Design Edition,2017,34150,Gasoline,380.0HP 3.0L V6 Cylinder Engine Gasoline Fuel,8-Speed A/T,Black,Black,None reported,Yes,45999,10.736396675471232,10.438547147147077
Honda,Ridgeline RTL-E,2022,9642,Gasoline,3.5L V6 24V GDI SOHC,9-Speed Automatic,Radiant Red Metallic II,Black,None reported,Yes,38999,10.571316925111784,9.173987542510384
Pontiac,G6 GTP,2006,100545,Gasoline,201.0HP 3.5L V6 Cylinder Engine Gasoline Fuel,4-Speed A/T,Gray,Black,None reported,Yes,5995,8.698847859222488,11.518370613206123
Mercedes-Benz,C-Class C300 4MATIC,2021,11111,Gasoline,2.0 Liter Turbo,Automatic,Gray,Black,None reported,Yes,38998,10.571291283757406,9.31578088443418
Toyota,FJ Cruiser Base,2007,162000,Gasoline,239.0HP 4.0L V6 Cylinder Engine Gasoline Fuel,5-Speed A/T,Black,Black,None reported,Yes,23977,10.0848920222676,11.995357787034976
Buick,Enclave Premium,2020,87555,Gasoline,3.6L V6 24V GDI DOHC,9-Speed Automatic,Dark Moon Blue Metallic,Dark Galvanized,At least 1 accident or damage reported,Yes,31650,10.362525022649812,11.380033867633045
Chevrolet,Tahoe LTZ,2015,102200,Gasoline,355.0HP 5.3L 8 Cylinder Engine Gasoline Fuel,A/T,Silver,Black,None reported,Yes,25000,10.12667110305036,11.534696741439683
Bentley,Continental GTC V8,2013,18950,Gasoline,500.0HP 4.0L 8 Cylinder Engine Gasoline Fuel,Transmission w/Dual Shift Mode,White,Black,None reported,Yes,77999,11.26446410567173,9.84961197956681
Mercedes-Benz,SLK-Class SLK 350,2015,16000,Gasoline,302.0HP 3.5L V6 Cylinder Engine Gasoline Fuel,7-Speed A/T,White,Red,At least 1 accident or damage reported,Yes,30500,10.32551474894327,9.680406499268875
Cadillac,Escalade Premium Luxury,2022,19250,Gasoline,420.0HP 6.2L 8 Cylinder Engine Gasoline Fuel,10-Speed A/T,Black,Black,None reported,Yes,86999,11.37366339763672,9.865318286418624
BMW,535 i xDrive,2015,65000,Gasoline,300.0HP 3.0L Straight 6 Cylinder Engine Gasoline Fuel,Transmission w/Dual Shift Mode,Silver,Black,None reported,Yes,24995,10.126471091048971,11.082157933374816
MINI,Cooper S Base,2007,110022,Gasoline,172.0HP 1.6L 4 Cylinder Engine Gasoline Fuel,6-Speed M/T,Silver,Black,None reported,Yes,6250,8.740496729931813,11.608444713827186
Bentley,Continental GT Base,2012,79089,E85 Flex Fuel,567.0HP 6.0L 12 Cylinder Engine Flex Fuel Capability,A/T,White,Beige,None reported,Yes,46999,10.757902880692196,11.278341723513464
Lexus,GX 460 Premium,2023,2533,Gasoline,301.0HP 4.6L 8 Cylinder Engine Gasoline Fuel,A/T,Black,Black,None reported,Yes,64900,11.080618310893968,7.837554360881084
Audi,Q7 3.0T Premium Plus,2014,96273,Gasoline,280.0HP 3.0L V6 Cylinder Engine Gasoline Fuel,8-Speed A/T,Silver,Black,At least 1 accident or damage reported,Yes,15495,9.648337205086833,11.474953571716675
Cadillac,CT6 Luxury,2020,22187,Gasoline,3.6L V6 24V GDI DOHC,10-Speed Automatic,Manhattan Noir Metallic,Shara Beige,At least 1 accident or damage reported,Yes,45480,10.725049935309642,10.007306881175126
GMC,Sierra 1500 SL Crew Cab,2009,137000,Gasoline,295.0HP 4.8L 8 Cylinder Engine Gasoline Fuel,A/T,Red,–,None reported,Yes,20000,9.90353755128617,11.827743504053695
Nissan,GT-R Premium,2009,60747,Gasoline,480.0HP 3.8L V6 Cylinder Engine Gasoline Fuel,6-Speed A/T,White,–,At least 1 accident or damage reported,Yes,71999,11.184421397998193,11.01448943885016
Dodge,Ram 1500 ST,2007,36500,Gasoline,210.0HP 3.7L V6 Cylinder Engine Gasoline Fuel,A/T,Blue,Gray,None reported,Yes,16000,9.680406499268875,10.505094936455558
Ford,Bronco Outer Banks,2021,19590,Gasoline,315.0HP 2.7L V6 Cylinder Engine Gasoline Fuel,10-Speed A/T,Blue,Gray,None reported,Yes,54999,10.915088464214607,9.882825556088033
Nissan,GT-R Black Edition,2015,16850,Gasoline,545.0HP 3.8L V6 Cylinder Engine Gasoline Fuel,Transmission w/Dual Shift Mode,White,Black,None reported,Yes,95000,11.461642696843066,9.732165281200542
Cadillac,Escalade ESV Sport,2021,4500,Gasoline,420.0HP 6.2L 8 Cylinder Engine Gasoline Fuel,10-Speed A/T,White,Beige,None reported,Yes,105000,11.561725152903833,8.412054873292933
Chevrolet,Cruze LT,2012,194000,Gasoline,138.0HP 1.4L 4 Cylinder Engine Gasoline Fuel,6-Speed A/T,Gray,White,At least 1 accident or damage reported,Yes,4900,8.497194544909547,12.175618592671356
Lexus,GX 460 Base,2020,48210,Gasoline,4.6L V8 32V MPFI DOHC,6-Speed Automatic,Nebula Gray Pearl,Rioja Red,At least 1 accident or damage reported,Yes,47449,10.767431804038074,10.783342489769069
BMW,750 i,2018,81500,Gasoline,445.0HP 4.4L 8 Cylinder Engine Gasoline Fuel,8-Speed A/T,White,White,None reported,Yes,41250,10.627430633893226,11.308370569092329
Ford,F-150 XLT,2021,77107,Gasoline,3.5L V6 24V PDI DOHC Twin Turbo,10-Speed Automatic,Agate Black Metallic,Black,None reported,Yes,39995,10.59653472809574,11.252962315517482
BMW,535 i xDrive,2015,58664,Gasoline,300.0HP 3.0L Straight 6 Cylinder Engine Gasoline Fuel,8-Speed A/T,Blue,Gray,At least 1 accident or damage reported,Yes,20950,9.949941656908011,10.979598575857723
Mitsubishi,Montero Limited,2004,145000,Gasoline,215.0HP 3.8L V6 Cylinder Engine Gasoline Fuel,A/T,Silver,Black,None reported,Yes,8950,9.099520536870939,11.884495917930655
Lexus,LS 500 F Sport,2018,15055,Gasoline,416.0HP 3.5L V6 Cylinder Engine Gasoline Fuel,A/T,White,Black,None reported,Yes,59000,10.985309671896763,9.61953186182516
Tesla,Model S 85D,2015,67647,Gasoline,422.0HP Electric Motor Electric Fuel System,1-Speed A/T,Blue,Beige,None reported,Yes,28000,10.239995502805316,11.12207306922991
Lexus,LC 500 Base,2021,915,Gasoline,471.0HP 5.0L 8 Cylinder Engine Gasoline Fuel,10-Speed A/T,Blue,White,None reported,Yes,159000,11.976665770490767,6.82001636467413
Mazda,MX-5 Miata Shinsen,2003,46873,Gasoline,142.0HP 1.8L 4 Cylinder Engine Gasoline Fuel,5-Speed M/T,Gray,Blue,None reported,Yes,11500,9.350189267092581,10.75521842971182
Cadillac,Escalade ESV Premium Luxury,2021,53169,Gasoline,420.0HP 6.2L 8 Cylinder Engine Gasoline Fuel,A/T,Black,Black,None reported,Yes,81500,11.308370569092329,10.881249606498384
Lexus,GX 460 Premium,2022,35700,Gasoline,301.0HP 4.6L 8 Cylinder Engine Gasoline Fuel,A/T,Silver,Gray,At least 1 accident or damage reported,Yes,51900,10.857093336791094,10.482933978579906
Nissan,Pathfinder Platinum,2014,112600,Gasoline,260.0HP 3.5L V6 Cylinder Engine Gasoline Fuel,CVT Transmission,Black,Black,At least 1 accident or damage reported,Yes,13000,9.472781556562168,11.631605875642963
GMC,Yukon SLE,2015,112552,Gasoline,5.3L V8 16V GDI OHV,6-Speed Automatic,Onyx Black,Jet Black,At least 1 accident or damage reported,Yes,24440,10.10401732897875,11.631179500799725
BMW,M3 Base,2003,127273,Gasoline,333.0HP 3.2L Straight 6 Cylinder Engine Gasoline Fuel,6-Speed M/T,Silver,Black,None reported,Yes,15000,9.61587214452889,11.754097521737117
Lexus,IS 250 Base,2007,189887,Gasoline,204.0HP 2.5L V6 Cylinder Engine Gasoline Fuel,A/T,White,–,At least 1 accident or damage reported,Yes,3995,8.293049139768444,12.154189703650493
BMW,640 i,2012,76465,Gasoline,315.0HP 3.0L Straight 6 Cylinder Engine Gasoline Fuel,8-Speed A/T,White,Beige,At least 1 accident or damage reported,Yes,22500,10.021315031649332,11.244601476575477
Mitsubishi,Eclipse Spyder GT,2007,136400,Gasoline,260.0HP 3.8L V6 Cylinder Engine Gasoline Fuel,5-Speed A/T,Red,Gray,At least 1 accident or damage reported,Yes,6750,8.81744592104187,11.823354355742923
Ford,Thunderbird Deluxe,2004,79635,Gasoline,280.0HP 3.9L 8 Cylinder Engine Gasoline Fuel,A/T,Gray,Black,None reported,Yes,13500,9.510519035757246,11.285221530899687
Tesla,Model Y Long Range,2022,4665,Gasoline,Dual Motor - Standard,Automatic,Silver,Black,None reported,Yes,46598,10.749334360656016,8.448057452581375
Buick,Enclave 1XL,2011,170000,Gasoline,288.0HP 3.6L V6 Cylinder Engine Gasoline Fuel,6-Speed A/T,Gold,Beige,At least 1 accident or damage reported,Yes,4000,8.294299608857235,12.04355959836804
Ford,F-150 XLT,2018,67650,Gasoline,375.0HP 3.5L V6 Cylinder Engine Gasoline Fuel,A/T,Blue,Gray,None reported,Yes,30000,10.308985993422082,11.122117415455683
Lexus,ES 350 Base,2016,119850,Gasoline,268.0HP 3.5L V6 Cylinder Engine Gasoline Fuel,A/T,White,Beige,None reported,Yes,19000,9.852246888342531,11.69400458359076
Acura,TL Type S,2008,116500,Gasoline,286.0HP 3.5L V6 Cylinder Engine Gasoline Fuel,6-Speed M/T,Red,Black,None reported,Yes,15999,9.680344001221918,11.665655135642039
Ford,Transit Connect XLT,2010,169802,Gasoline,2.0L I4 16V MPFI DOHC,4-Speed Automatic,Frozen White,Dark Gray,None reported,Yes,9985,9.208939391060555,12.042394220547832
BMW,X3 M40i,2021,36905,Gasoline,382.0HP 3.0L Straight 6 Cylinder Engine Gasoline Fuel,Transmission w/Dual Shift Mode,Blue,Beige,None reported,Yes,50000,10.819798284210286,10.516129418436423
Jeep,Gladiator Willys,2022,8400,Gasoline,285.0HP 3.6L V6 Cylinder Engine Gasoline Fuel,8-Speed A/T,Black,Black,At least 1 accident or damage reported,Yes,47000,10.757924157061597,9.036106025364846
Hummer,H2 Base,2003,149961,Gasoline,316.0HP 6.0L 8 Cylinder Engine Gasoline Fuel,A/T,Beige,Beige,At least 1 accident or damage reported,Yes,12500,9.433563920090563,11.91813720765075
Mercedes-Benz,C-Class C 63 AMG,2014,84500,Gasoline,451.0HP 6.2L 8 Cylinder Engine Gasoline Fuel,7-Speed A/T,White,Black,None reported,Yes,41500,10.633472802314019,11.344518647594766
Lamborghini,Aventador LP700-4,2016,3254,Gasoline,6.5L V12 48V MPFI DOHC,7-Speed Automatic with Auto-Shift,Bianco Isis,Giallo Taurus / Nero Ade,None reported,Yes,399900,12.89897229545694,8.08794755464267
Mercedes-Benz,G-Class G 550 4MATIC,2016,96000,Gasoline,416.0HP 4.0L 8 Cylinder Engine Gasoline Fuel,A/T,Blue,Brown,None reported,Yes,65000,11.082157933374816,11.472113887062386
Nissan,GT-R Premium,2009,88000,Gasoline,480.0HP 3.8L V6 Cylinder Engine Gasoline Fuel,Transmission w/Dual Shift Mode,White,White,At least 1 accident or damage reported,Yes,57000,10.950824090522445,11.385103457032141
Audi,R8 4.2 quattro Spyder,2011,35322,Gasoline,4.2L V8 32V GDI DOHC,6-Speed Manual,Phantom Black Pearl Effect / Black Roof,Red,None reported,Yes,94900,11.460589521950299,10.472289588823237
Acura,TLX A-Spec,2020,32500,Gasoline,206.0HP 2.4L 4 Cylinder Engine Gasoline Fuel,A/T,White,Red,None reported,Yes,32000,10.373522431293592,10.389026137075234
Audi,A6 3.0T Premium Plus,2016,71280,Gasoline,333.0HP 3.0L V6 Cylinder Engine Gasoline Fuel,A/T,Silver,Black,None reported,Yes,22000,9.99884318585288,11.174385091226979
Porsche,Panamera 2,2011,37200,Gasoline,300.0HP 3.6L V6 Cylinder Engine Gasoline Fuel,7-Speed A/T,Black,Beige,None reported,Yes,27500,10.221977646629885,10.524090921620362
Saturn,Sky Red Line,2008,94291,Gasoline,260.0HP 2.0L 4 Cylinder Engine Gasoline Fuel,A/T,White,–,None reported,Yes,14500,9.581972891547895,11.454151629391838
Maserati,Coupe Cambiocorsa,2006,54082,Gasoline,390.0HP 4.2L 8 Cylinder Engine Gasoline Fuel,Transmission w/Dual Shift Mode,Blue,Beige,None reported,Yes,17000,9.741027444837728,10.898275182551036
Volvo,XC90 Recharge Plug-In Hybrid T8 Inscription 7 Passenger,2022,7800,Plug-In Hybrid,455.0HP 2.0L 4 Cylinder Engine Plug-In Electric/Gas,8-Speed A/T,Black,Beige,None reported,Yes,66000,11.097425172408931,8.962007209588313
Jeep,Wrangler Sport,2016,86250,Gasoline,285.0HP 3.6L V6 Cylinder Engine Gasoline Fuel,5-Speed A/T,White,Black,None reported,Yes,22000,9.99884318585288,11.365016929029293
BMW,X5 xDrive50i,2016,75479,Gasoline,445.0HP 4.4L 8 Cylinder Engine Gasoline Fuel,Transmission w/Dual Shift Mode,Silver,Black,None reported,Yes,27899,10.236381967809457,11.231622999482486
BMW,750 i,2017,24650,Gasoline,445.0HP 4.4L 8 Cylinder Engine Gasoline Fuel,A/T,Silver,Black,None reported,Yes,50000,10.819798284210286,10.112572746599298
Volkswagen,Golf R 4-Door,2013,102750,Gasoline,256.0HP 2.0L 4 Cylinder Engine Gasoline Fuel,6-Speed M/T,Black,Black,None reported,Yes,20000,9.90353755128617,11.54006386467122
Alfa Romeo,Stelvio Base,2018,50000,Gasoline,280.0HP 2.0L 4 Cylinder Engine Gasoline Fuel,A/T,Brown,Brown,None reported,Yes,27500,10.221977646629885,10.819798284210286
BMW,X5 xDrive35i,2017,72700,Gasoline,300.0HP 3.0L Straight 6 Cylinder Engine Gasoline Fuel,A/T,Gray,Black,None reported,Yes,27499,10.221941283654663,11.194110418585193
BMW,X6 M Base,2018,54293,Gasoline,567.0HP 4.4L 8 Cylinder Engine Gasoline Fuel,8-Speed A/T,Black,Beige,At least 1 accident or damage reported,Yes,49000,10.799595985047786,10.902169002579189
Lexus,IS 300 Base,2018,16000,Gasoline,260.0HP 3.5L V6 Cylinder Engine Gasoline Fuel,6-Speed A/T,Blue,Brown,At least 1 accident or damage reported,Yes,30500,10.32551474894327,9.680406499268875
Lamborghini,Gallardo SE,2006,19500,Gasoline,493.0HP 5.0L 10 Cylinder Engine Gasoline Fuel,6-Speed A/T,Green,Yellow,None reported,Yes,129000,11.767575435251748,9.87822102528824
BMW,428 i,2014,71000,Gasoline,240.0HP 2.0L 4 Cylinder Engine Gasoline Fuel,Transmission w/Dual Shift Mode,White,Black,At least 1 accident or damage reported,Yes,16700,9.723223876851618,11.170449240431308
BMW,X5 xDrive40i,2019,60000,Gasoline,335.0HP 3.0L Straight 6 Cylinder Engine Gasoline Fuel,8-Speed A/T,White,Beige,None reported,Yes,36500,10.505094936455558,11.002116507732017
Alfa Romeo,Giulia Base,2017,36000,Gasoline,280.0HP 2.0L 4 Cylinder Engine Gasoline Fuel,8-Speed A/T,White,Red,None reported,Yes,21000,9.952325334619427,10.491301994830229
Mercedes-Benz,C-Class C 300,2019,76422,Gasoline,2.0 Liter Turbo,Automatic,Black,Black,None reported,Yes,28998,10.275016625615446,11.244038976969438
Nissan,370Z NISMO Tech,2016,42600,Gasoline,350.0HP 3.7L V6 Cylinder Engine Gasoline Fuel,7-Speed A/T,Red,Black,At least 1 accident or damage reported,Yes,31950,10.37195875822042,10.659633006160352
Rivian,R1S Adventure Package,2023,211,Gasoline,835.0HP Electric Motor Electric Fuel System,A/T,Blue,Black,None reported,Yes,99000,11.502885230075814,5.356586274672012
Chevrolet,Suburban LT,2017,98888,Gasoline,6.0L 8 Cylinder Engine Gasoline Fuel,A/T,White,Black,At least 1 accident or damage reported,Yes,29000,10.275085591132715,11.501753287966977
Ford,Fusion Hybrid SE,2019,64532,Hybrid,188.0HP 2.0L 4 Cylinder Engine Gas/Electric Hybrid,A/T,Silver,Gray,At least 1 accident or damage reported,Yes,19395,9.872822138225242,11.074931999853908
BMW,X3 xDrive35i,2011,75500,Gasoline,300.0HP 3.0L Straight 6 Cylinder Engine Gasoline Fuel,A/T,White,Black,None reported,Yes,12975,9.470856776355195,11.231901180182515
Buick,Envision Preferred,2019,32000,Gasoline,197.0HP 2.5L 4 Cylinder Engine Gasoline Fuel,A/T,Black,Beige,None reported,Yes,27000,10.203629181337648,10.373522431293592
Buick,Envision Essence,2019,47839,Gasoline,2.5L I4 16V GDI DOHC,6-Speed Automatic,Summit White,Ebony,None reported,Yes,24991,10.126311052639412,10.775617388624513
Porsche,Cayenne GTS,2013,98413,Gasoline,420.0HP 4.8L 8 Cylinder Engine Gasoline Fuel,Transmission w/Dual Shift Mode,Green,Black,At least 1 accident or damage reported,Yes,34900,10.460270761075149,11.496938349342779
Audi,RS 5 2.9T,2022,9628,Gasoline,444.0HP 2.9L V6 Cylinder Engine Gasoline Fuel,8-Speed A/T,White,Black,None reported,Yes,78500,11.270866642542865,9.172534657240284
Audi,R8 5.2 V10,2021,6397,Gasoline,5.2L V10 40V PDI DOHC,7-Speed Automatic with Auto-Shift,Kemora Gray Metallic,Black / Express Red,None reported,Yes,172900,12.06047445534465,8.763740720509464
Honda,Pilot Black Edition,2022,22564,Gasoline,3.5 Liter,Automatic,Platinum White Pearl,Black,None reported,Yes,44998,10.714395546283317,10.024155312261101
Lexus,RX 350 Crafted Line F Sport,2015,110000,Gasoline,270.0HP 3.5L V6 Cylinder Engine Gasoline Fuel,Transmission w/Dual Shift Mode,White,Black,None reported,Yes,28000,10.239995502805316,11.608244735642321
Mercedes-Benz,Sprinter 3500 High Roof,2022,105,Diesel,161.0HP 2.0L 4 Cylinder Engine Diesel Fuel,7-Speed A/T,Black,Orange,None reported,Yes,200000,12.206077645517674,4.663439094112067
Toyota,4Runner Limited,2004,186117,Gasoline,245.0HP 4.0L V6 Cylinder Engine Gasoline Fuel,A/T,Black,Beige,None reported,Yes,13000,9.472781556562168,12.134136160145422
Jeep,Wrangler Sport,2002,103500,Gasoline,190.0HP 4.0L Straight 6 Cylinder Engine Gasoline Fuel,M/T,Yellow,Gray,None reported,Yes,12500,9.433563920090563,11.547336553476635
Cadillac,CT6-V 4.2L Blackwing Twin Turbo,2019,8074,Gasoline,4.2L V8 32V GDI DOHC Twin Turbo,10-Speed Automatic,Manhattan Noir Metallic,Jet Black,None reported,Yes,76700,11.247670025080003,8.996528148090857
BMW,M3 Base,2011,43000,Gasoline,414.0HP 4.0L 8 Cylinder Engine Gasoline Fuel,6-Speed M/T,Black,Black,None reported,Yes,50900,10.837637848711049,10.668978650219241
BMW,750 i,2015,70700,Gasoline,445.0HP 4.4L 8 Cylinder Engine Gasoline Fuel,8-Speed A/T,Blue,Black,At least 1 accident or damage reported,Yes,23000,10.043292972227004,11.166214996056205
Chevrolet,Trailblazer RS,2022,42479,Gasoline,1.3L I3 12V GDI DOHC Turbo,9-Speed Automatic,Mosaic Black Metallic,Jet Black,None reported,Yes,28495,10.257519005529442,10.65678865591582
Ford,Excursion XLT 4WD,2000,205000,Gasoline,310.0HP 6.8L 10 Cylinder Engine Gasoline Fuel,A/T,Black,Gray,At least 1 accident or damage reported,Yes,9950,9.205428327615163,12.230770136157428
Audi,SQ5 3.0T Premium Plus,2019,22300,Gasoline,349.0HP 3.0L V6 Cylinder Engine Gasoline Fuel,8-Speed A/T,Blue,Gray,None reported,Yes,38999,10.571316925111784,10.012386799492118
Ford,Expedition EL Limited,2017,104000,Gasoline,365.0HP 3.5L V6 Cylinder Engine Gasoline Fuel,A/T,Black,Black,At least 1 accident or damage reported,Yes,19995,9.903287532533462,11.552155793461898
Ford,Bronco Sport Base,2022,13865,Gasoline,1.5L I3 12V PDI DOHC Turbo,8-Speed Automatic,Shadow Black,Ebony,None reported,Yes,29182,10.28134162693611,9.537195079502435
BMW,M4 Competition xDrive,2022,15882,Gasoline,503.0HP 3.0L Straight 6 Cylinder Engine Gasoline Fuel,8-Speed A/T,Red,Silver,None reported,Yes,84995,11.350359475541623,9.673004633835156
Land Rover,Defender,2022,12209,Gasoline,5.0L V8 32V GDI DOHC Supercharged,8-Speed Automatic,Black,Black,None reported,Yes,104900,11.560772327227417,9.41001056710475
Mercedes-Benz,AMG GLC 43 AMG GLC 43,2021,10483,Gasoline,3.0 Liter Twin Turbo,Automatic,Graphite Grey Metallic,Black w/Red Stitching,None reported,Yes,60998,11.018612749578452,9.257605564443297
Nissan,GT-R Premium,2017,31150,Gasoline,565.0HP 3.8L V6 Cylinder Engine Gasoline Fuel,Transmission w/Dual Shift Mode,Orange,Black,None reported,Yes,113000,11.635151947212842,10.346601626429049
Chrysler,200 C,2015,44000,E85 Flex Fuel,295.0HP 3.6L V6 Cylinder Engine Flex Fuel Capability,A/T,White,Black,At least 1 accident or damage reported,Yes,12700,9.44943600950432,10.691967639914864
Hummer,H2 Base,2003,109000,Gasoline,316.0HP 6.0L 8 Cylinder Engine Gasoline Fuel,A/T,Beige,Beige,None reported,Yes,17500,9.770013301136158,11.599112335481124
BMW,M4 Base,2020,31350,Gasoline,425.0HP 3.0L Straight 6 Cylinder Engine Gasoline Fuel,Transmission w/Dual Shift Mode,Gray,Orange,None reported,Yes,62450,11.042137528235768,10.353001443478973
Audi,Q8 55 Premium Plus,2021,30000,Hybrid,335.0HP 3.0L V6 Cylinder Engine Gasoline/Mild Electric Hybrid,8-Speed A/T,Black,Black,None reported,Yes,62000,11.034905792929415,10.308985993422082
Land Rover,Range Rover HSE,2012,66500,Gasoline,385.0HP 5.0L 8 Cylinder Engine Gasoline Fuel,A/T,Silver,Black,None reported,Yes,19950,9.901034546375062,11.104972264124868
Nissan,Frontier SV,2012,96600,Gasoline,261.0HP 4.0L V6 Cylinder Engine Gasoline Fuel,A/T,Beige,Black,At least 1 accident or damage reported,Yes,17000,9.741027444837728,11.478344372113902
Toyota,Highlander LE Plus,2015,198000,Gasoline,270.0HP 3.5L V6 Cylinder Engine Gasoline Fuel,A/T,White,Gray,None reported,Yes,14000,9.546884034617925,12.19602736016897
Audi,S4 3.0T Premium Plus,2013,91877,Gasoline,333.0HP 3.0L V6 Cylinder Engine Gasoline Fuel,A/T,Black,Red,At least 1 accident or damage reported,Yes,24000,10.085850775128717,11.428216889043263
Ford,Expedition Max Limited,2018,45578,Gasoline,375.0HP 3.5L V6 Cylinder Engine Gasoline Fuel,10-Speed A/T,White,–,None reported,Yes,45023,10.714950959914116,10.727202363111877
BMW,228 i,2015,54000,Gasoline,240.0HP 2.0L 4 Cylinder Engine Gasoline Fuel,6-Speed M/T,Black,Red,At least 1 accident or damage reported,Yes,19996,9.903337541285003,10.896757843893464
Land Rover,Range Rover Sport HST MHEV,2020,52000,Hybrid,395.0HP 3.0L Straight 6 Cylinder Engine Gasoline/Mild Electric Hybrid,8-Speed A/T,Gray,Black,None reported,Yes,55000,10.915106645867503,10.859018228147887
Mercedes-Benz,E-Class AMG E 53,2020,23044,Hybrid,3.0 Liter Turbo,Automatic,Emerald Green Metallic,Black/Saddle Brown,None reported,Yes,72598,11.19270642661334,10.045204105154609
Porsche,911 Carrera,2008,132500,Gasoline,325.0HP 3.6L Flat 6 Cylinder Engine Gasoline Fuel,6-Speed M/T,Black,Black,None reported,Yes,35000,10.463131911491967,11.794345471549745
Dodge,Dakota SLT Quad Cab,2006,256000,Gasoline,4.7L 8 Cylinder Engine Gasoline Fuel,A/T,Black,Gray,None reported,Yes,4000,8.294299608857235,12.45293662970407
Mercedes-Benz,SL-Class SL63 AMG Roadster,2009,31370,Gasoline,518.0HP 6.3L 8 Cylinder Engine Gasoline Fuel,Transmission w/Dual Shift Mode,White,Brown,None reported,Yes,65700,11.092869425057021,10.353639178266699
Chrysler,Sebring LX,2008,67303,Gasoline,173.0HP 2.4L 4 Cylinder Engine Gasoline Fuel,A/T,Blue,Blue,None reported,Yes,4900,8.497194544909547,11.116974949230649
Chevrolet,Corvette Stingray w/3LT,2021,12000,Gasoline,490.0HP 6.2L 8 Cylinder Engine Gasoline Fuel,A/T,Blue,Black,At least 1 accident or damage reported,Yes,99900,11.511934974596555,9.392745258631441
Ford,Bronco Outer Banks,2023,16500,Gasoline,275.0HP 2.3L 4 Cylinder Engine Gasoline Fuel,A/T,Blue,Gray,None reported,Yes,54000,10.896757843893464,9.711176264112805
Toyota,Tacoma TRD Pro,2018,28800,Gasoline,"3.5L V-6 port/direct injection, DOHC, VVT-iE variable valve cont","Manual, 6-Spd",–,Black,None reported,Yes,42900,10.666650414667744,10.268165387743457
RAM,ProMaster 2500 High Roof,2019,88000,Gasoline,280.0HP 3.6L V6 Cylinder Engine Gasoline Fuel,6-Speed A/T,White,Black,At least 1 accident or damage reported,Yes,39900,10.594156665220533,11.385103457032141
Ford,Shelby GT350 Base,2018,18515,Gasoline,526.0HP 5.2L 8 Cylinder Engine Gasoline Fuel,6-Speed M/T,White,Black,At least 1 accident or damage reported,Yes,60867,11.016462864040005,9.826390502151161
Tesla,Model 3 Performance,2018,92813,Gasoline,271.0HP Electric Motor Electric Fuel System,1-Speed A/T,Red,Black,None reported,Yes,30499,10.325481962595504,11.43835276946472
Land Rover,Range Rover P530 SE LWB 7 Seat,2023,2100,Gasoline,523.0HP 4.4L 8 Cylinder Engine Gasoline Fuel,8-Speed A/T,Gray,Beige,None reported,Yes,172000,12.055255569732177,7.650168700845001
Volvo,XC60 T6 Inscription,2019,58600,Gasoline,330.0HP 2.0L 4 Cylinder Engine Gasoline Fuel,A/T,White,White,At least 1 accident or damage reported,Yes,29000,10.275085591132715,10.978507040265917
Lexus,LS 460 Crafted Line,2015,74500,Gasoline,386.0HP 4.6L 8 Cylinder Engine Gasoline Fuel,Transmission w/Dual Shift Mode,White,Red,None reported,Yes,33900,10.431199791458543,11.218567827096358
Tesla,Model S 100D,2018,33500,Gasoline,518.0HP Electric Motor Electric Fuel System,A/T,Gray,Black,None reported,Yes,51900,10.857093336791094,10.419330568113901
Cadillac,XT6 Premium Luxury AWD,2023,222,Gasoline,310.0HP 3.6L V6 Cylinder Engine Gasoline Fuel,A/T,White,Black,None reported,Yes,69000,11.141876276228,5.407171771460119
Chevrolet,Avalanche 1500 LTZ,2007,75124,E85 Flex Fuel,310.0HP 5.3L 8 Cylinder Engine Flex Fuel Capability,A/T,Red,Gray,None reported,Yes,16499,9.711115659888671,11.226908671837508
Chevrolet,Corvette Grand Sport,2013,15500,Gasoline,430.0HP 6.2L 8 Cylinder Engine Gasoline Fuel,Transmission w/Dual Shift Mode,White,Blue,None reported,Yes,45000,10.714439990727769,9.648659816955295
Audi,Q8 55 Premium,2020,34300,Hybrid,335.0HP 3.0L V6 Cylinder Engine Gasoline/Mild Electric Hybrid,8-Speed A/T,Gray,Brown,None reported,Yes,52500,10.868587496017359,10.442929787247998
Honda,Odyssey Elite,2019,82000,Gasoline,280.0HP 3.5L V6 Cylinder Engine Gasoline Fuel,10-Speed A/T,Silver,Black,None reported,Yes,32471,10.388133458518734,11.314486721293981
Acura,TLX,2023,3389,Gasoline,2.0 Liter DOHC Turbo,Automatic,Platinum White Pearl,Black,None reported,Yes,38598,10.560981648381585,8.128585200374497
Porsche,Cayenne GTS Coupe AWD,2023,10000,Gasoline,453.0HP 4.0L 8 Cylinder Engine Gasoline Fuel,8-Speed A/T,Gray,Black,None reported,Yes,145000,11.884495917930655,9.210440366976517
Cadillac,STS V6,2005,96000,Gasoline,260.0HP 3.6L V6 Cylinder Engine Gasoline Fuel,A/T,Beige,Brown,At least 1 accident or damage reported,Yes,4999,8.517193191416238,11.472113887062386
Dodge,Charger R/T,2021,7751,Gasoline,370.0HP 5.7L 8 Cylinder Engine Gasoline Fuel,8-Speed A/T,Black,Black,None reported,Yes,41950,10.6442575495135,8.955706153570603
Audi,RS 7 4.0T Performance Prestige,2017,66250,Gasoline,605.0HP 4.0L 8 Cylinder Engine Gasoline Fuel,8-Speed A/T,Gray,Gray,At least 1 accident or damage reported,Yes,59200,10.988693712621323,11.101205838074172
Lexus,CT 200h Premium,2012,109000,Hybrid,134.0HP 1.8L 4 Cylinder Engine Gas/Electric Hybrid,A/T,White,Black,At least 1 accident or damage reported,Yes,14945,9.612198984490236,11.599112335481124
Hyundai,Genesis Coupe 3.8 Base,2015,60000,Gasoline,348.0HP 3.8L V6 Cylinder Engine Gasoline Fuel,Transmission w/Dual Shift Mode,Black,Black,None reported,Yes,17000,9.741027444837728,11.002116507732017
Tesla,Model S Performance,2020,14700,Gasoline,778.0HP Electric Motor Electric Fuel System,1-Speed A/T,Gray,Black,None reported,Yes,63000,11.050905878263567,9.595670797663967
Mercedes-Benz,E-Class E 350 4MATIC,2022,9006,Gasoline,255.0HP 2.0L 4 Cylinder Engine Gasoline Fuel,9-Speed A/T,Black,Black,None reported,Yes,56999,10.950806546816688,9.105757331783742
Toyota,GR86 Base,2022,13400,Gasoline,228.0HP 2.4L 4 Cylinder Engine Gasoline Fuel,6-Speed A/T,Silver,Black,None reported,Yes,33499,10.419300717813158,9.503084610020228
Porsche,Macan S,2020,28570,Gasoline,3.0 Liter Turbo,Automatic,White,Black,None reported,Yes,55998,10.933089112414988,10.26014749636236
Dodge,Durango SRT,2018,78000,Gasoline,475.0HP 6.4L 8 Cylinder Engine Gasoline Fuel,Transmission w/Dual Shift Mode,White,Black,At least 1 accident or damage reported,Yes,44700,10.707751151716078,11.264476926102367
Lexus,LX 570 Base,2013,134000,Gasoline,383.0HP 5.7L 8 Cylinder Engine Gasoline Fuel,A/T,Gray,Black,At least 1 accident or damage reported,Yes,29995,10.30881931842128,11.80560254159177
Kia,Optima Hybrid EX,2013,104994,Hybrid,199.0HP 2.4L 4 Cylinder Engine Gas/Electric Hybrid,6-Speed A/T,Black,Beige,None reported,Yes,9000,9.105090961257085,11.561668008958218
Bentley,Continental GT V8 S,2016,31500,Gasoline,521.0HP 4.0L 8 Cylinder Engine Gasoline Fuel,8-Speed A/T,Black,Beige,None reported,Yes,103900,11.551193801680078,10.357774570341576
Alfa Romeo,Giulia Base,2020,30000,Gasoline,280.0HP 2.0L 4 Cylinder Engine Gasoline Fuel,8-Speed A/T,Black,–,None reported,Yes,28900,10.27163147557801,10.308985993422082
Lexus,LX 600 F SPORT,2023,490,Gasoline,409.0HP 3.4L V6 Cylinder Engine Gasoline Fuel,A/T,Black,Black,None reported,Yes,124999,11.736069016284437,6.19644412779452
Porsche,Taycan Turbo,2020,18000,Gasoline,616.0HP Electric Motor Electric Fuel System,A/T,Silver,Black,None reported,Yes,105000,11.561725152903833,9.798182590890704
Toyota,Sequoia Limited,2017,67000,E85 Flex Fuel,381.0HP 5.7L 8 Cylinder Engine Flex Fuel Capability,6-Speed A/T,Silver,Gray,None reported,Yes,37999,10.545341438708522,11.112462823634855
Kia,K5 EX,2021,8263,Gasoline,180.0HP 1.6L 4 Cylinder Engine Gasoline Fuel,A/T,Gray,White,None reported,Yes,29000,10.275085591132715,9.019664010799474
RAM,1500 Big Horn,2021,35003,Gasoline,5.7L V8 16V MPFI OHV,8-Speed Automatic,Bright White Clearcoat,Diesel Gray / Black,None reported,Yes,40999,10.621327345686446,10.463217619655723
Chevrolet,Corvette Base,2008,80000,Gasoline,430.0HP 6.2L 8 Cylinder Engine Gasoline Fuel,6-Speed A/T,Red,Beige,None reported,Yes,31000,10.34177474101152,11.289794413577894
Chevrolet,Corvette Stingray w/1LT,2022,6200,Gasoline,490.0HP 6.2L 8 Cylinder Engine Gasoline Fuel,Transmission w/Dual Shift Mode,Brown,Black,None reported,Yes,99999,11.512925464970229,8.732465848349879
Jaguar,F-TYPE S,2014,74595,Gasoline,495.0HP 5.0L 8 Cylinder Engine Gasoline Fuel,8-Speed A/T,Green,Black,At least 1 accident or damage reported,Yes,32450,10.387486538298399,11.219842165451336
Audi,A7 3.0T Prestige,2013,87066,Gasoline,310.0HP 3.0L V6 Cylinder Engine Gasoline Fuel,8-Speed A/T,Silver,Black,None reported,Yes,20999,9.95227771670556,11.374433216192894
Audi,Q8 3.0T Prestige,2019,38360,Gasoline,3.0L V6 24V GDI DOHC Turbo,8-Speed Automatic,Orca Black Metallic,Black,None reported,Yes,49936,10.81851748994286,10.554796597479278
Kia,Telluride SX,2020,38000,Gasoline,291.0HP 3.8L V6 Cylinder Engine Gasoline Fuel,8-Speed A/T,Green,Beige,None reported,Yes,41999,10.645424897265505,10.545367754151743
Toyota,Camry Hybrid XLE,2018,69641,Hybrid,208.0HP 2.5L 4 Cylinder Engine Gas/Electric Hybrid,CVT Transmission,White,Black,At least 1 accident or damage reported,Yes,23995,10.085642428772983,11.151123112596677
Toyota,GR86 Premium,2022,1275,Gasoline,228.0HP 2.4L 4 Cylinder Engine Gasoline Fuel,6-Speed A/T,Blue,Black,None reported,Yes,47999,10.778956289890028,7.151485463904735
BMW,M3 Base,2001,60000,Gasoline,333.0HP 3.2L Straight 6 Cylinder Engine Gasoline Fuel,6-Speed M/T,Black,Gray,None reported,Yes,25000,10.12667110305036,11.002116507732017
Jeep,Wrangler Rubicon,2014,99450,Gasoline,285.0HP 3.6L V6 Cylinder Engine Gasoline Fuel,6-Speed M/T,Gray,Black,None reported,Yes,21000,9.952325334619427,11.507420339535736
Toyota,Tundra Hybrid Capstone,2023,200,Hybrid,437.0HP 3.4L V6 Cylinder Engine Gas/Electric Hybrid,10-Speed A/T,Blue,White,None reported,Yes,82500,11.320565693461432,5.303304908059076
Porsche,Panamera 4 Edition,2016,68000,Gasoline,310.0HP 3.6L V6 Cylinder Engine Gasoline Fuel,Transmission w/Dual Shift Mode,Gray,Black,At least 1 accident or damage reported,Yes,32950,10.402776888483789,11.127277689932466
Lexus,GS 350 Base,2010,212000,Gasoline,303.0HP 3.5L V6 Cylinder Engine Gasoline Fuel,A/T,Gray,Black,At least 1 accident or damage reported,Yes,9450,9.153875834995056,12.264346270624157
GMC,Sierra 3500 Denali,2019,73091,Diesel,445.0HP 6.6L 8 Cylinder Engine Diesel Fuel,A/T,White,Black,At least 1 accident or damage reported,Yes,58500,10.97679912709094,11.199474200624485
Kia,Niro Plug-In Hybrid EX,2023,9400,Plug-In Hybrid,180.0HP 1.6L 4 Cylinder Engine Plug-In Electric/Gas,A/T,Black,Black,None reported,Yes,31500,10.357774570341576,9.148571345578551
Porsche,Cayenne Base,2014,117697,Gasoline,300.0HP 3.6L V6 Cylinder Engine Gasoline Fuel,8-Speed A/T,Black,Black,At least 1 accident or damage reported,Yes,16975,9.739555860853764,11.675877300750555
Mercedes-Benz,S-Class S 65 AMG,2015,95428,Gasoline,621.0HP 6.0L 12 Cylinder Engine Gasoline Fuel,A/T,Silver,Silver,None reported,Yes,55000,10.915106645867503,11.466137794471349
Lexus,GX 460 Premium,2017,116300,Gasoline,301.0HP 4.6L 8 Cylinder Engine Gasoline Fuel,6-Speed A/T,Gray,Beige,None reported,Yes,31950,10.37195875822042,11.663936936922068
Acura,MDX Sport Hybrid 3.0L w/Technology Package,2019,56778,Hybrid,321.0HP 3.0L V6 Cylinder Engine Gas/Electric Hybrid,7-Speed A/T,Black,Black,None reported,Yes,41899,10.643041105910228,10.946921818036719
Audi,Q5 S line Premium Plus,2023,5682,Hybrid,2.0 Liter TFSI,Automatic,Chronos Gray,Gray,None reported,Yes,48698,10.793413774978955,8.645234541297121
BMW,530 i,2017,37000,Gasoline,248.0HP 2.0L 4 Cylinder Engine Gasoline Fuel,A/T,Gray,Black,None reported,Yes,31000,10.34177474101152,10.518700218288165
Kia,Forte Koup EX,2015,103748,Gasoline,173.0HP 2.0L 4 Cylinder Engine Gasoline Fuel,A/T,Gray,Gray,None reported,Yes,8500,9.04793908261736,11.549729799492276
Toyota,Sequoia Limited,2005,86000,Gasoline,282.0HP 4.7L 8 Cylinder Engine Gasoline Fuel,A/T,Silver,–,None reported,Yes,22500,10.021315031649332,11.362114203075018
Land Rover,LR4 HSE,2013,125900,Gasoline,375.0HP 5.0L 8 Cylinder Engine Gasoline Fuel,A/T,Black,Beige,None reported,Yes,21000,9.952325334619427,11.74325116281265
Nissan,Titan SV,2023,6200,Gasoline,400.0HP 5.6L 8 Cylinder Engine Gasoline Fuel,9-Speed A/T,Black,Gray,None reported,Yes,48000,10.778977123006351,8.732465848349879
Ford,F-250 Lariat,2019,85000,Diesel,450.0HP 6.7L 8 Cylinder Engine Diesel Fuel,6-Speed A/T,Black,Black,At least 1 accident or damage reported,Yes,52500,10.868587496017359,11.350418300109132
Mercedes-Benz,AMG GT AMG GT,2017,19324,Gasoline,456.0HP 4.0L 8 Cylinder Engine Gasoline Fuel,Transmission w/Dual Shift Mode,Gray,Beige,None reported,Yes,75000,11.225256725762893,9.869154873455622
Cadillac,Escalade Platinum,2018,49273,Gasoline,420.0HP 6.2L 8 Cylinder Engine Gasoline Fuel,A/T,Red,Black,None reported,Yes,54000,10.896757843893464,10.80515183754812
Tesla,Model 3 Standard Range Plus,2019,42094,Gasoline,Electric Motor Electric Fuel System,A/T,White,White,None reported,Yes,32000,10.373522431293592,10.647684247771764
BMW,M3 Base,2017,44000,Gasoline,425.0HP 3.0L Straight 6 Cylinder Engine Gasoline Fuel,7-Speed A/T,Blue,Black,None reported,Yes,55000,10.915106645867503,10.691967639914864
Chevrolet,Cruze LT,2012,148377,Gasoline,138.0HP 1.4L 4 Cylinder Engine Gasoline Fuel,6-Speed A/T,Blue,Black,None reported,Yes,5500,8.612685172875459,11.907518350747162
Dodge,Challenger SRT8,2010,70000,Gasoline,425.0HP 6.1L 8 Cylinder Engine Gasoline Fuel,6-Speed M/T,Orange,Black,None reported,Yes,22000,9.99884318585288,11.156264806643742
Mercedes-Benz,Sprinter 2500,2016,143290,Diesel,161.0HP 2.1L 4 Cylinder Engine Diesel Fuel,A/T,White,Black,None reported,Yes,33490,10.419032025002059,11.872632806540368
Ford,F-350 Platinum,2019,69205,Diesel,450.0HP 6.7L 8 Cylinder Engine Diesel Fuel,Transmission w/Dual Shift Mode,White,Black,None reported,Yes,73500,11.205054290550551,11.144842843049394
Chevrolet,Tahoe LTZ,2015,123500,Gasoline,355.0HP 5.3L 8 Cylinder Engine Gasoline Fuel,6-Speed A/T,White,Brown,None reported,Yes,25650,10.152337836193743,11.724004532183379
Audi,Q7 3.0T Prestige,2018,70773,Gasoline,333.0HP 3.0L V6 Cylinder Engine Gasoline Fuel,A/T,White,Black,None reported,Yes,30950,10.340160587768485,11.167246980597342
Jeep,Patriot Latitude,2015,109000,Gasoline,158.0HP 2.0L 4 Cylinder Engine Gasoline Fuel,A/T,Gray,Gray,At least 1 accident or damage reported,Yes,7599,8.935903526274423,11.599112335481124
INFINITI,QX70 Base,2014,71097,Gasoline,325.0HP 3.7L V6 Cylinder Engine Gasoline Fuel,7-Speed A/T,Black,Black,None reported,Yes,18995,9.851983709669012,11.171814486000475
BMW,X5 xDrive35i,2013,76309,Gasoline,300.0HP 3.0L Straight 6 Cylinder Engine Gasoline Fuel,A/T,Silver,Black,None reported,Yes,12000,9.392745258631441,11.242559270283678
Tesla,Model 3,2018,26609,Gasoline,Electric,Automatic,Gray,–,None reported,Yes,36998,10.518646164234097,10.189042363971735
Land Rover,Range Rover P400 SE LWB 7 Seat,2023,4126,Hybrid,395.0HP 3.0L Straight 6 Cylinder Engine Gasoline/Mild Electric Hybrid,A/T,Black,Beige,None reported,Yes,155000,11.951186847493476,8.325306029752582
Cadillac,ATS 2.5L,2014,80400,Gasoline,202.0HP 2.5L 4 Cylinder Engine Gasoline Fuel,A/T,Silver,Black,At least 1 accident or damage reported,Yes,15000,9.61587214452889,11.294781892900653
Toyota,RAV4 Base,2010,123620,Gasoline,179.0HP 2.5L 4 Cylinder Engine Gasoline Fuel,4-Speed A/T,Black,Black,At least 1 accident or damage reported,Yes,9900,9.200391041122515,11.724975712486483
Acura,TSX Technology,2011,187883,Gasoline,201.0HP 2.4L 4 Cylinder Engine Gasoline Fuel,A/T,Red,Beige,None reported,Yes,5500,8.612685172875459,12.143580030099523
Mercedes-Benz,G-Class G 550 4MATIC,2020,45000,Gasoline,416.0HP 4.0L 8 Cylinder Engine Gasoline Fuel,A/T,Black,Black,None reported,Yes,133000,11.798111925972618,10.714439990727769
Honda,Civic Sport,2022,25420,Gasoline,158.0HP 2.0L 4 Cylinder Engine Gasoline Fuel,CVT Transmission,Red,Gray,None reported,Yes,24500,10.106469212026385,10.143330883072752
BMW,M3 Base,2011,129999,Gasoline,414.0HP 4.0L 8 Cylinder Engine Gasoline Fuel,6-Speed M/T,White,Black,None reported,Yes,29999,10.308952660644293,11.77528972943772
BMW,M3 Base,2008,41048,Gasoline,414.0HP 4.0L 8 Cylinder Engine Gasoline Fuel,Transmission w/Dual Shift Mode,Gray,Beige,None reported,Yes,38490,10.558179726714524,10.62252175404792
Nissan,Cube 1.8 S,2010,72500,Gasoline,122.0HP 1.8L 4 Cylinder Engine Gasoline Fuel,6-Speed M/T,Brown,Black,None reported,Yes,6750,8.81744592104187,11.19135563385109
RAM,ProMaster 3500 Tradesman,2014,143390,Gasoline,280.0HP 3.6L V6 Cylinder Engine Gasoline Fuel,6-Speed A/T,White,–,None reported,Yes,13000,9.472781556562168,11.873330443671795
Acura,RDX Base,2018,68425,Gasoline,279.0HP 3.5L V6 Cylinder Engine Gasoline Fuel,6-Speed A/T,Gray,–,At least 1 accident or damage reported,Yes,23500,10.064798252418377,11.133508148343557
Toyota,4Runner Limited,2018,95000,Gasoline,270.0HP 4.0L V6 Cylinder Engine Gasoline Fuel,A/T,Silver,Brown,None reported,Yes,33000,10.404293143019792,11.461642696843066
RAM,1500 Limited,2019,29000,Gasoline,395.0HP 5.7L 8 Cylinder Engine Gasoline Fuel,8-Speed A/T,Gray,Black,At least 1 accident or damage reported,Yes,49500,10.809748150372926,10.275085591132715
Chevrolet,Corvette Base,2003,145000,Gasoline,350.0HP 5.7L 8 Cylinder Engine Gasoline Fuel,A/T,Blue,Black,None reported,Yes,22000,9.99884318585288,11.884495917930655
Land Rover,Defender 110 SE,2020,29700,Hybrid,395.0HP 3.0L Straight 6 Cylinder Engine Gasoline/Mild Electric Hybrid,8-Speed A/T,Green,Black,None reported,Yes,68000,11.127277689932466,10.298935994257638
Jeep,Grand Cherokee Laredo,2011,98658,Gasoline,360.0HP 5.7L 8 Cylinder Engine Gasoline Fuel,5-Speed A/T,White,Gray,None reported,Yes,14995,9.615538777855802,11.499424738916373
Volvo,S80 T6,2009,97615,Gasoline,281.0HP 3.0L Straight 6 Cylinder Engine Gasoline Fuel,6-Speed A/T,Black,Gray,None reported,Yes,10500,9.259225769705994,11.488796693391635
Porsche,Cayenne S,2014,36000,Gasoline,400.0HP 4.8L 8 Cylinder Engine Gasoline Fuel,8-Speed A/T,Black,Beige,None reported,Yes,37000,10.518700218288165,10.491301994830229
Mazda,CX-30 Select,2021,61874,Gasoline,2.5L I4 16V GDI DOHC,6-Speed Automatic,Jet Black Mica,Black,None reported,Yes,22389,10.0163697095928,11.032871499870991
Chrysler,Town & Country Touring,2012,74582,E85 Flex Fuel,283.0HP 3.6L V6 Cylinder Engine Flex Fuel Capability,6-Speed A/T,Black,–,None reported,Yes,8500,9.04793908261736,11.219667878185263
INFINITI,FX37 Base,2013,51500,Gasoline,325.0HP 3.7L V6 Cylinder Engine Gasoline Fuel,A/T,Gray,Black,None reported,Yes,23900,10.081675578048475,10.849356503939038
Toyota,FJ Cruiser Base,2007,193827,Gasoline,239.0HP 4.0L V6 Cylinder Engine Gasoline Fuel,A/T,Silver,Black,None reported,Yes,14950,9.612533466213927,12.17472644684691
Chevrolet,Silverado 1500 LT,2019,53433,Gasoline,355.0HP 5.3L 8 Cylinder Engine Gasoline Fuel,A/T,Blue,Gray,None reported,Yes,36950,10.517347989609593,10.886202526458066
Mercedes-Benz,C-Class C 63 AMG,2012,103000,Gasoline,451.0HP 6.3L 8 Cylinder Engine Gasoline Fuel,7-Speed A/T,Silver,Black,At least 1 accident or damage reported,Yes,40000,10.596659732783579,11.542493975902508
BMW,428 Gran Coupe i xDrive,2016,59000,Gasoline,240.0HP 2.0L 4 Cylinder Engine Gasoline Fuel,Transmission w/Dual Shift Mode,Black,Brown,At least 1 accident or damage reported,Yes,20999,9.95227771670556,10.985309671896763
Lexus,GX 460 Premium,2017,82000,Gasoline,301.0HP 4.6L 8 Cylinder Engine Gasoline Fuel,A/T,Gray,Brown,None reported,Yes,32900,10.401258331428318,11.314486721293981
Porsche,Panamera Edition,2016,60000,Gasoline,310.0HP 3.6L V6 Cylinder Engine Gasoline Fuel,A/T,Gray,Black,None reported,Yes,45000,10.714439990727769,11.002116507732017
Cadillac,Escalade ESV Platinum,2017,93971,Gasoline,420.0HP 6.2L 8 Cylinder Engine Gasoline Fuel,A/T,White,Beige,None reported,Yes,47000,10.757924157061597,11.450752144538939
Lexus,IS 350 Base,2015,62600,Gasoline,306.0HP 3.5L V6 Cylinder Engine Gasoline Fuel,Transmission w/Dual Shift Mode,Gray,Red,None reported,Yes,27500,10.221977646629885,11.044536531401494
Mercedes-Benz,E-Class E 350 4MATIC,2014,84450,Gasoline,302.0HP 3.5L V6 Cylinder Engine Gasoline Fuel,7-Speed A/T,Gray,Beige,None reported,Yes,19000,9.852246888342531,11.343926763492068
Audi,Q5 S line Premium,2022,18099,Hybrid,2.0 Liter TFSI,Automatic,Daytona Gray,Gray,None reported,Yes,40798,10.616412850287961,9.803667217253917
Mercedes-Benz,E-Class E 350 4MATIC,2014,76500,Gasoline,302.0HP 3.5L V6 Cylinder Engine Gasoline Fuel,7-Speed A/T,Silver,Black,None reported,Yes,17999,9.798127036878302,11.245059091624615
Chevrolet,Camaro 1LT,2017,74000,Gasoline,275.0HP 2.0L 4 Cylinder Engine Gasoline Fuel,A/T,Yellow,Black,None reported,Yes,19800,9.893487720457795,11.211833885608513
RAM,1500 Laramie,2022,15607,Gasoline,5.7L V8 16V MPFI OHV,8-Speed Automatic,Billet Silver Metallic Clearcoat,Black,None reported,Yes,45999,10.736396675471232,9.655538882302947
Chevrolet,Silverado 1500 1LZ,2014,111095,E85 Flex Fuel,355.0HP 5.3L 8 Cylinder Engine Flex Fuel Capability,6-Speed A/T,White,Black,At least 1 accident or damage reported,Yes,26000,10.165890277802454,11.618149971379216
Toyota,Camry Solara SLE,2007,37216,Gasoline,210.0HP 3.3L V6 Cylinder Engine Gasoline Fuel,A/T,Red,Beige,At least 1 accident or damage reported,Yes,14995,9.615538777855802,10.524520925120765
Jaguar,F-TYPE S,2015,25786,Gasoline,380.0HP 3.0L V6 Cylinder Engine Gasoline Fuel,8-Speed A/T,Blue,Gray,None reported,Yes,38500,10.55843949396453,10.157625767952561
Jeep,Gladiator Sport,2021,15520,Gasoline,3.6L V6 24V MPFI DOHC,8-Speed Automatic,Sting Gray Clearcoat,Black,None reported,Yes,40459,10.608069110721736,9.649949224651184
RAM,1500 Big Horn,2021,49583,Gasoline,5.7L V8 16V MPFI OHV,8-Speed Automatic,Billet Silver Metallic Clearcoat,Black,None reported,Yes,42816,10.664690498970018,10.81142348002753
Porsche,Cayenne Diesel,2015,97300,Diesel,240.0HP 3.0L V6 Cylinder Engine Diesel Fuel,8-Speed A/T,Black,Black,None reported,Yes,29995,10.30881931842128,11.485564545613576
Chevrolet,Camaro Base,2002,89000,Gasoline,200.0HP 3.8L V6 Cylinder Engine Gasoline Fuel,A/T,Silver,Black,None reported,Yes,10400,9.249657234353133,11.39640288460621
Porsche,Cayenne S,2015,52111,Gasoline,420.0HP 3.6L V6 Cylinder Engine Gasoline Fuel,8-Speed A/T,Black,Black,At least 1 accident or damage reported,Yes,37500,10.53212287826962,10.861150527516015
Dodge,Challenger R/T Scat Pack,2019,75800,Gasoline,6.4 Liter,Automatic,Gray,Black,None reported,Yes,35998,10.49124643927466,11.235866764155578
Lexus,ES 350 Base,2010,113500,Gasoline,272.0HP 3.5L V6 Cylinder Engine Gasoline Fuel,A/T,Red,Beige,At least 1 accident or damage reported,Yes,11000,9.305741456739435,11.63956692643747
Audi,Q3 2.0T Premium Plus,2015,155382,Gasoline,200.0HP 2.0L 4 Cylinder Engine Gasoline Fuel,A/T,Brown,Gray,At least 1 accident or damage reported,Yes,13500,9.510519035757246,11.953648315822207
Mercedes-Benz,E-Class E 550,2016,49643,Gasoline,402.0HP 4.7L 8 Cylinder Engine Gasoline Fuel,7-Speed A/T,White,Black,At least 1 accident or damage reported,Yes,33995,10.433998149618517,10.812632816249412
BMW,650 i xDrive,2015,76474,Gasoline,445.0HP 4.4L 8 Cylinder Engine Gasoline Fuel,Transmission w/Dual Shift Mode,White,Black,None reported,Yes,32000,10.373522431293592,11.244719169019104
Porsche,Cayman Base,2016,10431,Gasoline,275.0HP 2.7L Flat 6 Cylinder Engine Gasoline Fuel,7-Speed A/T,Red,Black,None reported,Yes,50999,10.839580911706463,9.252633284166434
INFINITI,FX50 Base,2009,190120,Gasoline,390.0HP 5.0L 8 Cylinder Engine Gasoline Fuel,7-Speed A/T,Gray,Black,At least 1 accident or damage reported,Yes,12500,9.433563920090563,12.155415990550006
Ford,F-150 XLT,2020,92000,Gasoline,375.0HP 3.5L V6 Cylinder Engine Gasoline Fuel,10-Speed A/T,Gray,Black,None reported,Yes,29999,10.308952660644293,11.429554725537322
Chevrolet,Camaro 2LT,2017,24000,Gasoline,335.0HP 3.6L V6 Cylinder Engine Gasoline Fuel,6-Speed M/T,Yellow,Black,None reported,Yes,32000,10.373522431293592,10.085850775128717
RAM,1500 Big Horn,2020,25396,Gasoline,5.7L V8 16V MPFI OHV,8-Speed Automatic,Maximum Steel Metallic,Black,None reported,Yes,43250,10.674775633480014,10.142386335794844
Chevrolet,Silverado 2500 H/D,2001,167000,Gasoline,300.0HP 6.0L 8 Cylinder Engine Gasoline Fuel,4-Speed A/T,White,Gray,At least 1 accident or damage reported,Yes,6500,8.77971129020447,12.025755079404917
RAM,1500 Laramie,2022,18645,Gasoline,5.7L V8 16V MPFI OHV,Automatic,Diamond Black,Black,None reported,Yes,49700,10.813780332606648,9.833386924856638
Porsche,911 Turbo,2018,28470,Gasoline,540.0HP 3.8L Flat 6 Cylinder Engine Gasoline Fuel,Transmission w/Dual Shift Mode,White,Black,At least 1 accident or damage reported,Yes,147500,11.901590234400047,10.256641304347884
Ford,Mustang V6,2016,54000,Gasoline,300.0HP 3.7L V6 Cylinder Engine Gasoline Fuel,6-Speed A/T,White,Black,None reported,Yes,23999,10.085809109330082,10.896757843893464
Hyundai,Accent GL,2003,83000,Gasoline,104.0HP 1.6L 4 Cylinder Engine Gasoline Fuel,M/T,Blue,Gray,None reported,Yes,2900,7.972810784121404,11.326607934898927
Audi,Q5 S line Premium Plus,2022,10071,Hybrid,2.0 Liter TFSI,Automatic,Mythos Black Metallic,Black,None reported,Yes,40598,10.611498714744615,9.217514575724183
Ford,F-150 XLT,2021,43329,Gasoline,3.5L V6 24V PDI DOHC Twin Turbo,10-Speed Automatic,Carbonized Gray Metallic,Black,None reported,Yes,43642,10.683798181855538,10.676600514733956
Lexus,RC F Base,2015,51400,Gasoline,467.0HP 5.0L 8 Cylinder Engine Gasoline Fuel,8-Speed A/T,Silver,Gray,None reported,Yes,43000,10.668978650219241,10.847412906506923
Chevrolet,Suburban 1500 LT,2015,153800,E85 Flex Fuel,355.0HP 5.3L 8 Cylinder Engine Flex Fuel Capability,6-Speed A/T,Silver,Black,At least 1 accident or damage reported,Yes,23000,10.043292972227004,11.943414837983129
Land Rover,Range Rover Sport SVR Carbon Edition,2022,9000,Gasoline,575.0HP 5.0L 8 Cylinder Engine Gasoline Fuel,A/T,Green,Gray,None reported,Yes,115000,11.652696102959753,9.105090961257085
Dodge,Viper SRT-10,2003,10800,Gasoline,500.0HP 8.3L 10 Cylinder Engine Gasoline Fuel,6-Speed M/T,Silver,Black,None reported,Yes,65499,11.089805421623343,9.287394001418473
RAM,1500 Laramie,2020,10458,Gasoline,5.7L V8 16V MPFI OHV,8-Speed Automatic,Delmonico Red Pearlcoat,Black,None reported,Yes,48815,10.795813406956452,9.255218130754269
BMW,328 i,2014,84709,Gasoline,240.0HP 2.0L 4 Cylinder Engine Gasoline Fuel,8-Speed A/T,Silver,Gray,None reported,Yes,13800,9.53249633228804,11.346988937425596
Mercedes-Benz,AMG C 43 AMG C 43 4MATIC,2019,33500,Gasoline,385.0HP 3.0L V6 Cylinder Engine Gasoline Fuel,9-Speed A/T,Red,Black,None reported,Yes,45770,10.731405981781311,10.419330568113901
BMW,M4 Base,2015,98000,Gasoline,425.0HP 3.0L Straight 6 Cylinder Engine Gasoline Fuel,Transmission w/Dual Shift Mode,Black,Orange,None reported,Yes,32999,10.404262840448617,11.49273296168228
BMW,750 i,2008,94653,Gasoline,360.0HP 4.8L 8 Cylinder Engine Gasoline Fuel,A/T,Green,Green,At least 1 accident or damage reported,Yes,7300,8.895766604056085,11.457983416705936
Ford,Expedition Limited,2023,9281,Gasoline,440.0HP 3.5L V6 Cylinder Engine Gasoline Fuel,A/T,Black,Black,None reported,Yes,85000,11.350418300109132,9.135832319801121
Chevrolet,Traverse Premier,2023,11806,Gasoline,310.0HP 3.6L V6 Cylinder Engine Gasoline Fuel,9-Speed A/T,White,Black,None reported,Yes,47000,10.757924157061597,9.37644785490711
Cadillac,Escalade Platinum,2020,48613,Gasoline,420.0HP 6.2L 8 Cylinder Engine Gasoline Fuel,A/T,Black,Black,At least 1 accident or damage reported,Yes,61500,11.026808713825016,10.791666834249208
RAM,3500 Tradesman,2023,2990,Diesel,400.0HP 6.7L Straight 6 Cylinder Engine Diesel Fuel,A/T,White,Black,At least 1 accident or damage reported,Yes,69900,11.154835234271214,8.003363058629947
Audi,TT 1.8L,2005,124747,Gasoline,180.0HP 1.8L 4 Cylinder Engine Gasoline Fuel,Transmission w/Dual Shift Mode,Silver,Black,None reported,Yes,6900,8.839421607620602,11.734050981421122
RAM,1500 Big Horn,2021,24000,Hybrid,395.0HP 5.7L 8 Cylinder Engine Gasoline/Mild Electric Hybrid,A/T,Silver,Black,None reported,Yes,42000,10.645448706505872,10.085850775128717
Mazda,CX-7 Sport,2009,113000,Gasoline,244.0HP 2.3L 4 Cylinder Engine Gasoline Fuel,6-Speed A/T,Gray,Black,None reported,Yes,5499,8.612503371220562,11.635151947212842
INFINITI,QX60 Base,2017,89106,Gasoline,295.0HP 3.5L V6 Cylinder Engine Gasoline Fuel,Transmission w/Dual Shift Mode,White,Beige,None reported,Yes,18000,9.798182590890704,11.397593173784854
Ford,F-250 Platinum,2017,22000,E85 Flex Fuel,385.0HP 6.2L 8 Cylinder Engine Flex Fuel Capability,6-Speed A/T,Beige,Black,At least 1 accident or damage reported,Yes,53000,10.87806606028079,9.99884318585288
Jeep,Compass Limited,2022,20472,Gasoline,2.4L I4 16V MPFI SOHC,9-Speed Automatic,Red,Black,None reported,Yes,28298,10.250581747317963,9.926862223852579
INFINITI,QX80 SENSORY,2023,8600,Gasoline,400.0HP 5.6L 8 Cylinder Engine Gasoline Fuel,7-Speed A/T,Black,Brown,None reported,Yes,78990,11.277089200908689,9.059633754551479
Chevrolet,Silverado 1500 Limited LT Trail Boss,2022,4753,Gasoline,355.0HP 5.3L 8 Cylinder Engine Gasoline Fuel,10-Speed A/T,White,Black,None reported,Yes,57000,10.950824090522445,8.46674164792014
Hyundai,Genesis Coupe 2.0T,2010,65000,Gasoline,210.0HP 2.0L 4 Cylinder Engine Gasoline Fuel,A/T,Gray,Black,None reported,Yes,8900,9.093918908958932,11.082157933374816
Chevrolet,Camaro 1SS,2021,15000,Gasoline,455.0HP 6.2L 8 Cylinder Engine Gasoline Fuel,6-Speed M/T,Blue,Gray,None reported,Yes,43500,10.680539205318292,9.61587214452889
Audi,A6 3.0 TDI Premium Plus,2014,42400,Diesel,240.0HP 3.0L V6 Cylinder Engine Diesel Fuel,8-Speed A/T,Silver,Black,None reported,Yes,26500,10.184937747111391,10.65492722584759
Land Rover,Defender S,2023,15840,Gasoline,296.0HP 2.0L 4 Cylinder Engine Gasoline Fuel,8-Speed A/T,White,Black,None reported,Yes,69900,11.154835234271214,9.670356794688852
Porsche,Cayenne S,2016,76200,Gasoline,420.0HP 3.6L V6 Cylinder Engine Gasoline Fuel,Transmission w/Dual Shift Mode,Gray,Beige,None reported,Yes,42000,10.645448706505872,11.241129864948206
Chevrolet,Suburban Premier,2019,105667,Gasoline,355.0HP 5.3L 8 Cylinder Engine Gasoline Fuel,6-Speed A/T,Black,Beige,None reported,Yes,39000,10.571342565808699,11.568057382408227
Chevrolet,Suburban Premier,2019,51338,Gasoline,355.0HP 5.3L 8 Cylinder Engine Gasoline Fuel,6-Speed A/T,White,Black,None reported,Yes,49900,10.817796321618971,10.846205976245562
Dodge,Dart SE,2016,76857,Gasoline,160.0HP 2.0L 4 Cylinder Engine Gasoline Fuel,M/T,Black,Black,At least 1 accident or damage reported,Yes,8100,8.999742789830492,11.249714842442778
Ford,F-250 Lariat,2019,80200,E85 Flex Fuel,385.0HP 6.2L 8 Cylinder Engine Flex Fuel Capability,A/T,White,Black,None reported,Yes,42500,10.657282884047461,11.2922912626048
Toyota,Sequoia SR5,2002,244200,Gasoline,240.0HP 4.7L 8 Cylinder Engine Gasoline Fuel,A/T,White,–,At least 1 accident or damage reported,Yes,3950,8.281723990411392,12.405746935654452
Ford,Mustang GT,2014,38560,Gasoline,420.0HP 5.0L 8 Cylinder Engine Gasoline Fuel,6-Speed M/T,Black,Black,At least 1 accident or damage reported,Yes,28500,10.25769445336048,10.55999668199817
Chevrolet,Corvette Stingray w/2LT,2020,12500,Gasoline,490.0HP 6.2L 8 Cylinder Engine Gasoline Fuel,Transmission w/Dual Shift Mode,Yellow,Black,None reported,Yes,84999,11.350406535472453,9.433563920090563
Hyundai,Genesis Coupe 3.8 Base,2016,45303,Gasoline,348.0HP 3.8L V6 Cylinder Engine Gasoline Fuel,8-Speed A/T,White,Black,None reported,Yes,20999,9.95227771670556,10.721150607793641
Ford,Focus ST Base,2014,110000,Gasoline,252.0HP 2.0L 4 Cylinder Engine Gasoline Fuel,6-Speed M/T,Silver,Gray,None reported,Yes,9495,9.158625936289503,11.608244735642321
Cadillac,CTS Luxury,2011,66200,Gasoline,270.0HP 3.0L V6 Cylinder Engine Gasoline Fuel,6-Speed A/T,Black,Black,None reported,Yes,16499,9.711115659888671,11.10045084755119
Subaru,Baja Base,2003,71000,Gasoline,165.0HP 2.5L 4 Cylinder Engine Gasoline Fuel,5-Speed M/T,Red,Black,None reported,Yes,14900,9.60918360377546,11.170449240431308
Toyota,Highlander XLE,2019,81301,Gasoline,3.5L V6 24V PDI DOHC,8-Speed Automatic,Black,Black,None reported,Yes,30275,10.318110598429058,11.305925895479323
Chevrolet,Corvette Stingray Z51,2019,7033,Gasoline,460.0HP 6.2L 8 Cylinder Engine Gasoline Fuel,8-Speed A/T,White,Black,None reported,Yes,63900,11.065090289695444,8.858510813033927
Dodge,Durango SRT,2020,36000,Gasoline,475.0HP 6.4L 8 Cylinder Engine Gasoline Fuel,8-Speed A/T,Gray,Red,None reported,Yes,62000,11.034905792929415,10.491301994830229
Acura,TSX 2.4,2010,116000,Gasoline,201.0HP 2.4L 4 Cylinder Engine Gasoline Fuel,6-Speed M/T,Silver,Black,At least 1 accident or damage reported,Yes,9000,9.105090961257085,11.661354090741
Chevrolet,Camaro 2SS,2018,42780,Gasoline,455.0HP 6.2L 8 Cylinder Engine Gasoline Fuel,Transmission w/Dual Shift Mode,Black,Black,At least 1 accident or damage reported,Yes,41100,10.623787731088578,10.663849357772266
BMW,640 Gran Coupe i,2014,39886,Gasoline,315.0HP 3.0L Straight 6 Cylinder Engine Gasoline Fuel,Transmission w/Dual Shift Mode,Black,Red,At least 1 accident or damage reported,Yes,26000,10.165890277802454,10.593805735252527
Audi,S5 3.0T Premium Plus,2014,151400,Gasoline,333.0HP 3.0L V6 Cylinder Engine Gasoline Fuel,Transmission w/Dual Shift Mode,Gray,Black,None reported,Yes,15400,9.642187721358466,11.927687224983487
Alfa Romeo,Giulia Base,2017,48000,Gasoline,280.0HP 2.0L 4 Cylinder Engine Gasoline Fuel,A/T,Red,Black,None reported,Yes,20500,9.928228944424575,10.778977123006351
Toyota,Highlander XLE,2023,8727,Gasoline,2.4L I4 16V PDI DOHC Turbo,8-Speed Automatic,Ruby Flare Pearl,Black,None reported,Yes,44596,10.7054218711718,9.074291527512907
Rolls-Royce,Ghost Base,2011,79000,Gasoline,563.0HP 6.6L 12 Cylinder Engine Gasoline Fuel,8-Speed A/T,Black,White,At least 1 accident or damage reported,Yes,80300,11.293537353157436,11.277215789596893
Dodge,Challenger R/T,2020,54000,Gasoline,372.0HP 5.7L 8 Cylinder Engine Gasoline Fuel,8-Speed A/T,Gray,Black,None reported,Yes,34000,10.434145214930487,10.896757843893464
Porsche,Cayenne Base,2016,110000,Gasoline,300.0HP 3.6L V6 Cylinder Engine Gasoline Fuel,A/T,White,White,At least 1 accident or damage reported,Yes,25900,10.16203685698089,11.608244735642321
Chevrolet,Bolt EV LT,2020,49688,Gasoline,200.0HP Electric Motor Electric Fuel System,A/T,Blue,Gray,None reported,Yes,24900,10.122663242288953,10.813538859620264
Mercedes-Benz,Metris Base,2020,14000,Gasoline,208.0HP 2.0L 4 Cylinder Engine Gasoline Fuel,7-Speed A/T,Black,Beige,None reported,Yes,48000,10.778977123006351,9.546884034617925
Dodge,Charger SRT Hellcat Widebody,2023,5000,Gasoline,717.0HP 6.2L 8 Cylinder Engine Gasoline Fuel,Transmission w/Dual Shift Mode,Gray,Black,None reported,Yes,110000,11.608244735642321,8.517393171418904
Chevrolet,Silverado 1500 ZR2,2022,11597,Gasoline,6.2L V8 16V GDI OHV,Automatic,Silver Ice Metallic,Jet Black,None reported,Yes,68590,11.135916609771838,9.358587948436385
Mercedes-Benz,AMG S 63 Base 4MATIC,2017,86101,Gasoline,577.0HP 5.5L 8 Cylinder Engine Gasoline Fuel,A/T,Gray,Red,At least 1 accident or damage reported,Yes,72777,11.195168990711622,11.363287918949755
Chevrolet,Silverado 1500 LT,2017,58816,Gasoline,5.3L V8 16V GDI OHV,6-Speed Electronically Controlled Automatic with O,Black,Jet Black,None reported,Yes,36590,10.507557587511348,10.982186207747102
Lexus,RC 350 Base,2016,77856,Gasoline,3.5L V6 24V PDI DOHC,6-Speed Automatic,Atomic Silver,Black,None reported,Yes,30919,10.339158502701359,11.262629089726
Lamborghini,Urus Base,2021,20069,Gasoline,4.0L V8 32V GDI DOHC Twin Turbo,8-Speed Automatic,Rosso Mars Metallic,Nero Ade,None reported,Yes,229900,12.345404060459082,9.906981441790384
GMC,Acadia SLE-1,2015,115282,Gasoline,3.6L V6 24V GDI DOHC,6-Speed Automatic,Crimson Red Tintcoat,Ebony,At least 1 accident or damage reported,Yes,12433,9.428189934829282,11.655145253929522
Porsche,911 GT3,2016,30700,Gasoline,475.0HP 3.8L Flat 6 Cylinder Engine Gasoline Fuel,7-Speed A/T,White,Black,None reported,Yes,138999,11.842229212112828,10.332050506334692
MINI,Cooper Base,2003,103726,Gasoline,115.0HP 1.6L 4 Cylinder Engine Gasoline Fuel,5-Speed M/T,Red,Gray,At least 1 accident or damage reported,Yes,5995,8.698847859222488,11.549517726769817
Mazda,MX-5 Miata Sport,2008,39800,Gasoline,158.0HP 2.0L 4 Cylinder Engine Gasoline Fuel,Transmission w/Dual Shift Mode,Blue,Black,None reported,Yes,13250,9.491828300264636,10.591647316585027
Toyota,4Runner TRD Off Road,2019,79500,Gasoline,270.0HP 4.0L V6 Cylinder Engine Gasoline Fuel,A/T,White,Black,None reported,Yes,33333,10.414333176102122,11.283524879179666
Toyota,Highlander Limited,2008,165520,Gasoline,270.0HP 3.5L V6 Cylinder Engine Gasoline Fuel,A/T,Gray,Gray,At least 1 accident or damage reported,Yes,9000,9.105090961257085,12.016853353967148
BMW,650 Gran Coupe i,2014,92000,Gasoline,445.0HP 4.4L 8 Cylinder Engine Gasoline Fuel,Transmission w/Dual Shift Mode,Black,Black,At least 1 accident or damage reported,Yes,24000,10.085850775128717,11.429554725537322
Hyundai,Palisade Calligraphy,2023,1500,Gasoline,291.0HP 3.8L V6 Cylinder Engine Gasoline Fuel,Transmission w/Dual Shift Mode,Green,Black,None reported,Yes,55000,10.915106645867503,7.313886831633462
Pontiac,Solstice GXP,2008,38100,Gasoline,260.0HP 2.0L 4 Cylinder Engine Gasoline Fuel,5-Speed M/T,Orange,Black,None reported,Yes,19950,9.901034546375062,10.547995807489514
Land Rover,Range Rover Evoque SE Premium,2018,42125,Gasoline,237.0HP 2.0L 4 Cylinder Engine Gasoline Fuel,Transmission w/Dual Shift Mode,White,Black,None reported,Yes,38999,10.571316925111784,10.648420406245304
Porsche,Cayenne Diesel,2014,86818,Diesel,240.0HP 3.0L V6 Cylinder Engine Diesel Fuel,Transmission w/Dual Shift Mode,Silver,Black,None reported,Yes,33500,10.419330568113901,11.37158077070386
BMW,M3 Competition xDrive,2023,3490,Gasoline,503.0HP 3.0L Straight 6 Cylinder Engine Gasoline Fuel,8-Speed A/T,Gray,Black,None reported,Yes,95580,11.467729334517259,8.157943507105037
Toyota,Avalon Limited,2008,111300,Gasoline,268.0HP 3.5L V6 Cylinder Engine Gasoline Fuel,Transmission w/Dual Shift Mode,Gold,Beige,None reported,Yes,7900,8.974744612722734,11.61999352194924
BMW,M3 Base,2011,98200,Gasoline,414.0HP 4.0L 8 Cylinder Engine Gasoline Fuel,7-Speed A/T,White,Black,None reported,Yes,27000,10.203629181337648,11.494771677590096
Porsche,Panamera Base,2018,42500,Gasoline,330.0HP 3.0L V6 Cylinder Engine Gasoline Fuel,8-Speed A/T,Black,Beige,At least 1 accident or damage reported,Yes,53999,10.896739325546411,10.657282884047461
Jeep,Wrangler Sport,2001,171000,Gasoline,181.0HP 4.0L Straight 6 Cylinder Engine Gasoline Fuel,5-Speed M/T,White,Black,At least 1 accident or damage reported,Yes,15000,9.61587214452889,12.049424683420915
Honda,Passport TrailSport,2023,11649,Gasoline,280.0HP 3.5L V6 Cylinder Engine Gasoline Fuel,9-Speed A/T,Black,Black,None reported,Yes,39999,10.596634733096073,9.363061458993847
Mercedes-Benz,SL-Class SL 550,2013,24933,Gasoline,429.0HP 4.6L 8 Cylinder Engine Gasoline Fuel,Transmission w/Dual Shift Mode,Silver,Red,At least 1 accident or damage reported,Yes,40250,10.602890127258581,10.123987612904921
Audi,RS 4 Base,2007,99769,Gasoline,420.0HP 4.2L 8 Cylinder Engine Gasoline Fuel,6-Speed M/T,Gray,White,None reported,Yes,29995,10.30881931842128,11.510622815907553
Toyota,Avalon Limited,2022,16156,Gasoline,3.5L V6 24V PDI DOHC,8-Speed Automatic,Blueprint,Graphite,None reported,Yes,39390,10.581292642796804,9.69010867127683
Mercedes-Benz,E-Class E 350 4MATIC,2008,67250,Gasoline,268.0HP 3.5L V6 Cylinder Engine Gasoline Fuel,A/T,White,Beige,None reported,Yes,11900,9.38437770918244,11.116187167242005
GMC,Yukon Denali,2021,30022,Gasoline,420.0HP 6.2L 8 Cylinder Engine Gasoline Fuel,A/T,Blue,Black,At least 1 accident or damage reported,Yes,74500,11.218567827096358,10.309719033572193
Porsche,Panamera 4S,2017,42596,Gasoline,440.0HP 2.9L V6 Cylinder Engine Gasoline Fuel,Transmission w/Dual Shift Mode,Black,Black,None reported,Yes,78000,11.264476926102367,10.659539107242468
Ford,Explorer XLT,2021,33705,Gasoline,2.3L I4 16V GDI DOHC Turbo,10-Speed Automatic,White,Light Slate,At least 1 accident or damage reported,Yes,36995,10.51856507767415,10.425431142035965
Land Rover,LR4 HSE LUX Landmark Edition,2016,63300,Gasoline,340.0HP 3.0L V6 Cylinder Engine Gasoline Fuel,8-Speed A/T,White,Brown,None reported,Yes,31000,10.34177474101152,11.055656405795794
Acura,TLX Type S w/Performance Tire,2023,4700,Gasoline,355.0HP 3.0L V6 Cylinder Engine Gasoline Fuel,10-Speed A/T,Red,Black,None reported,Yes,52000,10.859018228147887,8.45553053102413
Toyota,Tacoma Base,2020,27256,Gasoline,3.5 Liter,6 Speed At/Mt,Midnight Black Metallic,Black/Gun Metal,None reported,Yes,42998,10.668932138591325,10.213065647837128
Hummer,H3 Base,2010,107481,Gasoline,239.0HP 3.7L 5 Cylinder Engine Gasoline Fuel,A/T,White,Black,None reported,Yes,13500,9.510519035757246,11.585078670669436
Tesla,Model 3 Long Range,2018,61700,Gasoline,271.0HP Electric Motor Electric Fuel System,A/T,White,Black,None reported,Yes,25900,10.16203685698089,11.03005541721757
Jeep,Wrangler Unlimited Sahara,2017,128000,Gasoline,285.0HP 3.6L V6 Cylinder Engine Gasoline Fuel,5-Speed A/T,Gray,Black,None reported,Yes,26800,10.196194479235656,11.759793355371237
Chevrolet,Camaro 2SS,2018,26000,Gasoline,455.0HP 6.2L 8 Cylinder Engine Gasoline Fuel,8-Speed A/T,White,Black,None reported,Yes,39000,10.571342565808699,10.165890277802454
Audi,S6 4.0T,2015,74000,Gasoline,420.0HP 4.0L 8 Cylinder Engine Gasoline Fuel,7-Speed A/T,Blue,Gray,None reported,Yes,29950,10.307317991967832,11.211833885608513
Audi,TT RS Base,2012,54900,Gasoline,360.0HP 2.5L 5 Cylinder Engine Gasoline Fuel,6-Speed M/T,White,Brown,None reported,Yes,28900,10.27163147557801,10.91328684226798
INFINITI,QX56 Base,2012,141775,Gasoline,400.0HP 5.6L 8 Cylinder Engine Gasoline Fuel,Transmission w/Dual Shift Mode,White,Beige,None reported,Yes,11500,9.350189267092581,11.862003626287084
Volkswagen,New Beetle GLS,2001,63250,Gasoline,115.0HP 2.0L 4 Cylinder Engine Gasoline Fuel,4-Speed A/T,Yellow,Yellow,None reported,Yes,12000,9.392745258631441,11.054866216741466
Audi,Q5 S line Premium Plus,2022,13895,Hybrid,2.0 Liter TFSI,Automatic,Daytona Gray,Black,None reported,Yes,44998,10.714395546283317,9.53935630792094
Lamborghini,Aventador LP750-4 Superveloce,2017,10654,Gasoline,"6.5L V-12 DOHC, variable valve control, premium unleaded, engine",Automatic,Balloon White,Nero Ade,None reported,Yes,449991,13.016985083810699,9.273784544532717
Ford,F-250 XL,2014,35900,E85 Flex Fuel,385.0HP 6.2L 8 Cylinder Engine Flex Fuel Capability,Transmission w/Dual Shift Mode,Blue,Gray,At least 1 accident or damage reported,Yes,27900,10.236417809461043,10.488520429241627
GMC,Yukon XL Denali,2022,48306,Gasoline,6.2L V8 16V GDI OHV,10-Speed Automatic,Summit White,Jet Black,At least 1 accident or damage reported,Yes,71999,11.184421397998193,10.785331756675916
Audi,A4 2.0T Premium,2012,125000,Gasoline,211.0HP 2.0L 4 Cylinder Engine Gasoline Fuel,8-Speed A/T,Black,Black,None reported,Yes,10500,9.259225769705994,11.736077016252437
Dodge,Challenger SRT 392,2016,37700,Gasoline,–,8-Speed A/T,Black,Black,At least 1 accident or damage reported,Yes,38000,10.545367754151743,10.537441898283253
Tesla,Model S P100D,2017,103000,Gasoline,Electric Motor Electric Fuel System,1-Speed A/T,Black,White,None reported,Yes,36000,10.491301994830229,11.542493975902508
Mazda,CX-30 Premium Package,2021,45303,Gasoline,2.5L I4 16V GDI DOHC,6-Speed Automatic,Snowflake White Pearl,White / Brown,None reported,Yes,25382,10.141834937592611,10.721150607793641
Lexus,ES 350 Base,2016,53900,Gasoline,268.0HP 3.5L V6 Cylinder Engine Gasoline Fuel,A/T,Red,Beige,None reported,Yes,27500,10.221977646629885,10.894904309600681
Jeep,Wrangler Sahara,2008,54000,Gasoline,202.0HP 3.8L V6 Cylinder Engine Gasoline Fuel,A/T,Green,Gray,None reported,Yes,20000,9.90353755128617,10.896757843893464
Chevrolet,Avalanche 1500 LTZ,2007,129000,Gasoline,366.0HP 6.0L 8 Cylinder Engine Gasoline Fuel,A/T,White,Beige,None reported,Yes,17950,9.79540110267107,11.767575435251748
Jeep,Grand Cherokee L Laredo,2022,10232,Gasoline,3.6L V6 24V MPFI DOHC,Automatic,Diamond Black,Global Black,None reported,Yes,44646,10.706542394797626,9.233373071086755
Acura,MDX w/Advance Package,2023,3708,Gasoline,3.5 Liter SOHC,Automatic,White,Espresso,None reported,Yes,58998,10.985275773591676,8.21851757748959
Nissan,Pathfinder SL,2018,167000,Gasoline,284.0HP 3.5L V6 Cylinder Engine Gasoline Fuel,A/T,Black,Beige,None reported,Yes,14500,9.581972891547895,12.025755079404917
Tesla,Model X Long Range,2019,37000,Gasoline,518.0HP Electric Motor Electric Fuel System,1-Speed A/T,Gray,Black,None reported,Yes,58000,10.968215530759236,10.518700218288165
Subaru,Impreza Premium,2022,10419,Gasoline,"2L H-4 gasoline direct injection, DOHC, variable valve control,",Variable,Crystal White Pearl,Black,At least 1 accident or damage reported,Unknown,24998,10.126591103050316,9.251482315307358
Audi,A8 4.0T,2014,96238,Gasoline,420.0HP 4.0L 8 Cylinder Engine Gasoline Fuel,Transmission w/Dual Shift Mode,Black,Black,At least 1 accident or damage reported,Yes,22500,10.021315031649332,11.474589959904636
Subaru,Ascent Limited 7-Passenger,2022,12700,Gasoline,260.0HP 2.4L 4 Cylinder Engine Gasoline Fuel,CVT Transmission,White,Beige,None reported,Yes,38500,10.55843949396453,9.44943600950432
Chevrolet,Avalanche 1500 LT,2007,244000,E85 Flex Fuel,320.0HP 5.3L 8 Cylinder Engine Flex Fuel Capability,A/T,Gray,Gray,None reported,Yes,16900,9.735128070758227,12.404927602627597
Porsche,Cayenne S,2015,124000,Gasoline,420.0HP 3.6L V6 Cylinder Engine Gasoline Fuel,8-Speed A/T,White,Beige,None reported,Yes,25000,10.12667110305036,11.728044909070785
BMW,335 i,2009,123000,Gasoline,300.0HP 3.0L Straight 6 Cylinder Engine Gasoline Fuel,A/T,Purple,Black,None reported,Yes,15000,9.61587214452889,11.719947764402807
GMC,Sierra 1500 Limited Elevation,2022,24900,Gasoline,310.0HP 2.7L 4 Cylinder Engine Gasoline Fuel,8-Speed A/T,Black,Black,None reported,Yes,49900,10.817796321618971,10.122663242288953
Ford,Explorer Sport,2016,95500,Gasoline,365.0HP 3.5L V6 Cylinder Engine Gasoline Fuel,Transmission w/Dual Shift Mode,Black,Black,None reported,Yes,20000,9.90353755128617,11.466891997618188
Cadillac,Escalade ESV Sport,2021,4283,Gasoline,6.2L V8 16V GDI OHV,10-Speed Automatic,Black,Brandy,None reported,Yes,479995,13.081533049516018,8.36264243156764
Lexus,LX 570 Three-Row,2021,48300,Gasoline,383.0HP 5.7L 8 Cylinder Engine Gasoline Fuel,A/T,White,Red,None reported,Yes,82000,11.314486721293981,10.785207543360087
BMW,M3 Base,2008,94000,Gasoline,414.0HP 4.0L 8 Cylinder Engine Gasoline Fuel,6-Speed M/T,Gray,Red,None reported,Yes,25999,10.165851817003619,11.451060699493427
Nissan,Xterra Pro-4X,2011,183000,Gasoline,261.0HP 4.0L V6 Cylinder Engine Gasoline Fuel,A/T,Black,Gray,At least 1 accident or damage reported,Yes,12000,9.392745258631441,12.117246896289503
Ford,Fusion Hybrid SE Hybrid,2013,126225,Hybrid,188.0HP 2.0L 4 Cylinder Engine Gas/Electric Hybrid,CVT Transmission,Silver,Black,At least 1 accident or damage reported,Yes,11500,9.350189267092581,11.745829230056598
Volkswagen,Golf GTI 2.0T SE 4-Door,2016,87892,Gasoline,210.0HP 2.0L 4 Cylinder Engine Gasoline Fuel,6-Speed M/T,Gray,Black,None reported,Yes,16000,9.680406499268875,11.383875444552215
Cadillac,CTS-V Base,2012,45000,Gasoline,556.0HP 6.2L 8 Cylinder Engine Gasoline Fuel,6-Speed A/T,Red,Black,None reported,Yes,41500,10.633472802314019,10.714439990727769
Aston Martin,Vantage Base,2022,1023,Gasoline,503.0HP 4.0L 8 Cylinder Engine Gasoline Fuel,8-Speed A/T,Blue,Brown,None reported,Yes,156900,11.963370312187111,6.931471805599453
Lexus,GX 460 Base,2015,106000,Gasoline,301.0HP 4.6L 8 Cylinder Engine Gasoline Fuel,A/T,Black,Beige,None reported,Yes,37500,10.53212287826962,11.571203807011969
GMC,Acadia SLT-1,2019,51300,Gasoline,193.0HP 2.5L 4 Cylinder Engine Gasoline Fuel,6-Speed A/T,Black,Black,At least 1 accident or damage reported,Yes,25500,10.146472946063877,10.84546552414626
Ford,Bronco Sport Big Bend,2021,30176,Gasoline,1.5L I3 12V PDI DOHC Turbo,8-Speed Automatic,Black,Medium Dark Slate,None reported,Yes,28979,10.274361215874674,10.314835323802448
Nissan,Titan SV,2021,27598,Gasoline,5.6L V8 32V GDI DOHC,9-Speed Automatic,Black,Black,None reported,Yes,39884,10.59375559234523,10.225534819164793
Volkswagen,Jetta SportWagen SE,2012,107000,Gasoline,170.0HP 2.5L 5 Cylinder Engine Gasoline Fuel,A/T,Black,Beige,None reported,Yes,9499,9.159047077588632,11.580593459194764
Land Rover,Range Rover 5.0L V8 Supercharged,2019,17500,Gasoline,518.0HP 5.0L 8 Cylinder Engine Gasoline Fuel,8-Speed A/T,Black,Black,None reported,Yes,65000,11.082157933374816,9.770013301136158
RAM,2500 Laramie,2017,117878,Diesel,350.0HP 6.7L Straight 6 Cylinder Engine Diesel Fuel,Transmission w/Dual Shift Mode,Red,Black,None reported,Yes,42000,10.645448706505872,11.67741395361239
Nissan,Murano SL,2010,138700,Gasoline,265.0HP 3.5L V6 Cylinder Engine Gasoline Fuel,CVT Transmission,Gray,Black,At least 1 accident or damage reported,Yes,7000,8.853808274977197,11.840075816082267
Cadillac,Escalade ESV Base,2009,152068,E85 Flex Fuel,403.0HP 6.2L 8 Cylinder Engine Flex Fuel Capability,6-Speed A/T,White,Black,At least 1 accident or damage reported,Yes,12350,9.421492310438014,11.932089644193898
BMW,428 i xDrive SULEV,2016,77000,Gasoline,240.0HP 2.0L 4 Cylinder Engine Gasoline Fuel,Transmission w/Dual Shift Mode,White,Red,At least 1 accident or damage reported,Yes,26999,10.203592144986466,11.251573687764477
Ford,Focus RS Base,2017,26000,Gasoline,350.0HP 2.3L 4 Cylinder Engine Gasoline Fuel,6-Speed M/T,Gray,Black,None reported,Yes,37000,10.518700218288165,10.165890277802454
Lexus,CT 200h Premium,2014,131200,Hybrid,134.0HP 1.8L 4 Cylinder Engine Gas/Electric Hybrid,A/T,Brown,Brown,None reported,Yes,14000,9.546884034617925,11.784485777414298
Buick,Enclave Leather,2017,83280,Gasoline,3.6L V6 24V GDI DOHC,6-Speed Automatic,Quicksilver Metallic,Ebony,None reported,Yes,20599,9.933046354777673,11.329975710901676
BMW,M3 Base,2015,59000,Gasoline,425.0HP 3.0L Straight 6 Cylinder Engine Gasoline Fuel,6-Speed M/T,Gray,Black,None reported,Yes,53500,10.887455624298198,10.985309671896763
Volkswagen,Arteon 2.0T SEL R-Line,2020,15500,Gasoline,268.0HP 2.0L 4 Cylinder Engine Gasoline Fuel,8-Speed A/T,Silver,Black,None reported,Yes,30000,10.308985993422082,9.648659816955295
BMW,X6 xDrive35i,2013,90000,Gasoline,300.0HP 3.0L Straight 6 Cylinder Engine Gasoline Fuel,8-Speed A/T,White,Red,None reported,Yes,19950,9.901034546375062,11.407576060361786
INFINITI,G35 Base,2006,94000,Gasoline,280.0HP 3.5L V6 Cylinder Engine Gasoline Fuel,Transmission w/Dual Shift Mode,White,Gray,At least 1 accident or damage reported,Yes,10995,9.305286849285137,11.451060699493427
Hummer,H2 Base,2008,63750,Gasoline,393.0HP 6.2L 8 Cylinder Engine Gasoline Fuel,6-Speed A/T,White,Black,At least 1 accident or damage reported,Yes,55000,10.915106645867503,11.062740149172154
Mercedes-Benz,C-Class C 300 4MATIC Luxury,2011,95500,Gasoline,228.0HP 3.0L V6 Cylinder Engine Gasoline Fuel,A/T,Black,Beige,At least 1 accident or damage reported,Yes,15990,9.679781342959442,11.466891997618188
Acura,ILX Premium Package,2019,37900,Gasoline,201.0HP 2.4L 4 Cylinder Engine Gasoline Fuel,A/T,White,Black,None reported,Yes,26000,10.165890277802454,10.542732775946709
Porsche,911 GT3,2015,13250,Gasoline,475.0HP 3.8L Flat 6 Cylinder Engine Gasoline Fuel,7-Speed A/T,Brown,Gray,None reported,Yes,154900,11.950541482162043,9.491828300264636
RAM,1500 Longhorn,2019,76249,Gasoline,5.7L V8 16V MPFI OHV,8-Speed Automatic,Diamond Black,Mountain Brown,At least 1 accident or damage reported,Unknown,40995,10.621229779951454,11.241772694469658
BMW,M3 Base,2001,81000,Gasoline,333.0HP 3.2L Straight 6 Cylinder Engine Gasoline Fuel,6-Speed M/T,Blue,Gray,None reported,Yes,39000,10.571342565808699,11.302216779257382
Chevrolet,Suburban LT,2022,37806,Gasoline,355.0HP 5.3L 8 Cylinder Engine Gasoline Fuel,10-Speed A/T,Black,Black,None reported,Yes,60894,11.01690634852121,10.540249549648204
Dodge,Ram 2500 ST,2010,151544,Gasoline,355.0HP 5.7L 8 Cylinder Engine Gasoline Fuel,5-Speed A/T,Brown,Gray,At least 1 accident or damage reported,Yes,17700,9.781376414141157,11.928637889529943
Chevrolet,Camaro 2SS,2012,60345,Gasoline,400.0HP 6.2L 8 Cylinder Engine Gasoline Fuel,6-Speed A/T,Yellow,Black,None reported,Yes,26950,10.201775681400134,11.00784994429592
Dodge,Challenger SE,2010,90305,Gasoline,250.0HP 3.5L V6 Cylinder Engine Gasoline Fuel,A/T,Gray,Black,None reported,Yes,12000,9.392745258631441,11.410959182380418
Jeep,Grand Cherokee L Limited,2022,13275,Gasoline,3.6L V6 24V MPFI DOHC,8-Speed Automatic,Velvet Red Pearlcoat,Global Black,None reported,Yes,42599,10.659609532257463,9.493713172839865
Chevrolet,Camaro 2SS,2018,8660,Gasoline,455.0HP 6.2L 8 Cylinder Engine Gasoline Fuel,8-Speed A/T,White,Black,None reported,Yes,45000,10.714439990727769,9.066585468331045
Ford,F-350 Lariat,2021,28220,Diesel,475.0HP 6.7L 8 Cylinder Engine Diesel Fuel,10-Speed A/T,Silver,Black,None reported,Yes,73600,11.206413891581187,10.247821660640062
Ford,F-250 King Ranch,2015,97700,Diesel,440.0HP 6.7L 8 Cylinder Engine Diesel Fuel,6-Speed A/T,Black,–,None reported,Yes,39950,10.595408982170255,11.489667073393028
Chevrolet,Corvette Stingray w/3LT,2023,4200,Gasoline,490.0HP 6.2L 8 Cylinder Engine Gasoline Fuel,A/T,White,Black,None reported,Yes,98000,11.49273296168228,8.343077871169383
Bentley,Continental GT V8 First Edition,2020,27404,Gasoline,"4L V-8 gasoline direct injection, DOHC, variable valve control,",Automatic,Dark Sapphire,Linen,None reported,Yes,199991,12.206032644730152,10.218480757480217
Lincoln,MKC Reserve,2016,100000,Gasoline,240.0HP 2.0L 4 Cylinder Engine Gasoline Fuel,Transmission w/Dual Shift Mode,White,White,None reported,Yes,24000,10.085850775128717,11.51293546492023
Ford,Excursion Limited,2001,333361,Diesel,250.0HP 7.3L 8 Cylinder Engine Diesel Fuel,A/T,Black,Beige,At least 1 accident or damage reported,Yes,17000,9.741027444837728,12.716984265598377
Land Rover,Discovery SE,2018,63295,Gasoline,340.0HP 3.0L V6 Cylinder Engine Gasoline Fuel,8-Speed A/T,Blue,White,None reported,Yes,29993,10.308752640641625,11.055577414982384
Land Rover,Defender V8,2022,3000,Gasoline,518.0HP 5.0L 8 Cylinder Engine Gasoline Fuel,8-Speed A/T,Black,Black,None reported,Yes,96500,11.477308649967686,8.006700845440367
Chevrolet,Silverado 1500 2LT,2014,102604,E85 Flex Fuel,355.0HP 5.3L 8 Cylinder Engine Flex Fuel Capability,6-Speed A/T,Gray,Gray,None reported,Yes,25500,10.146472946063877,11.538641943474865
Mercedes-Benz,AMG G 63 Base,2017,39800,Gasoline,563.0HP 5.5L 8 Cylinder Engine Gasoline Fuel,7-Speed A/T,White,Red,None reported,Yes,99000,11.502885230075814,10.591647316585027
Ford,F-250 XLT,2019,124000,E85 Flex Fuel,385.0HP 6.2L 8 Cylinder Engine Flex Fuel Capability,6-Speed A/T,White,Gray,None reported,Yes,40100,10.599156550639583,11.728044909070785
Tesla,Model 3 Base,2022,12080,Gasoline,271.0HP Electric Motor Electric Fuel System,A/T,Black,Black,None reported,Yes,36750,10.511920715155128,9.399389249519563
Lexus,LX 570 Three-Row,2018,39300,Gasoline,383.0HP 5.7L 8 Cylinder Engine Gasoline Fuel,Transmission w/Dual Shift Mode,Black,Black,None reported,Yes,69500,11.149096419938578,10.579005242826247
INFINITI,QX60 Luxe,2019,51000,Gasoline,295.0HP 3.5L V6 Cylinder Engine Gasoline Fuel,CVT Transmission,Gray,–,At least 1 accident or damage reported,Yes,29000,10.275085591132715,10.839600519357369
Rivian,R1S Adventure Package,2023,250,Gasoline,835.0HP Electric Motor Electric Fuel System,1-Speed A/T,Green,Black,None reported,Yes,97500,11.487617913343598,5.5254529391317835
Land Rover,Range Rover Sport 3.0L Supercharged HSE,2017,67000,Gasoline,340.0HP 3.0L V6 Cylinder Engine Gasoline Fuel,8-Speed A/T,Gray,Beige,None reported,Yes,35999,10.491274217438248,11.112462823634855
INFINITI,QX60 Base,2014,95400,Gasoline,265.0HP 3.5L V6 Cylinder Engine Gasoline Fuel,A/T,White,Beige,None reported,Yes,14195,9.560715513766388,11.465844339561734
Hyundai,Sonata GLS,2013,136991,Gasoline,198.0HP 2.4L 4 Cylinder Engine Gasoline Fuel,6-Speed A/T,Gray,Gray,None reported,Yes,11000,9.305741456739435,11.827677808944673
Toyota,Tundra Limited,2022,3959,Gasoline,389.0HP 3.4L V6 Cylinder Engine Gasoline Fuel,10-Speed A/T,Blue,Gray,None reported,Yes,55000,10.915106645867503,8.283999304248526
Jeep,Grand Cherokee Limited,2020,47500,Gasoline,293.0HP 3.6L V6 Cylinder Engine Gasoline Fuel,A/T,Purple,Black,None reported,Yes,31000,10.34177474101152,10.768506042432708
Ford,F-350 Lariat Crew Cab Super Duty DRW,2005,176691,Diesel,325.0HP 6.0L 8 Cylinder Engine Diesel Fuel,A/T,White,Beige,At least 1 accident or damage reported,Yes,13000,9.472781556562168,12.082163382806353
Tesla,Model 3 Performance,2021,33000,Gasoline,455.0HP Electric Motor Electric Fuel System,1-Speed A/T,Red,White,None reported,Yes,55000,10.915106645867503,10.404293143019792
Mercedes-Benz,CLS-Class CLS 550,2014,34600,Gasoline,402.0HP 4.7L 8 Cylinder Engine Gasoline Fuel,Transmission w/Dual Shift Mode,Black,Black,None reported,Yes,27500,10.221977646629885,10.451637862362272
RAM,2500 SLT,2014,84500,Gasoline,410.0HP 6.4L 8 Cylinder Engine Gasoline Fuel,A/T,Black,Gray,None reported,Yes,34000,10.434145214930487,11.344518647594766
Kia,Sorento Hybrid EX,2022,36100,Hybrid,227.0HP 1.6L 4 Cylinder Engine Gas/Electric Hybrid,6-Speed A/T,Black,White,None reported,Yes,37500,10.53212287826962,10.494075844768336
Hyundai,Genesis 3.8,2015,92225,Gasoline,311.0HP 3.8L V6 Cylinder Engine Gasoline Fuel,A/T,Black,Black,At least 1 accident or damage reported,Yes,17000,9.741027444837728,11.431997365452988
Jeep,Compass Latitude,2020,17500,Gasoline,180.0HP 2.4L 4 Cylinder Engine Gasoline Fuel,9-Speed A/T,Silver,Black,None reported,Yes,25695,10.154090616746489,9.770013301136158
Ford,Fusion SE,2011,114323,Gasoline,175.0HP 2.5L 4 Cylinder Engine Gasoline Fuel,6-Speed A/T,Black,Black,None reported,Yes,6000,8.699681400989514,11.64679180149478
Toyota,FJ Cruiser Base,2014,92000,Gasoline,260.0HP 4.0L V6 Cylinder Engine Gasoline Fuel,A/T,Beige,Black,None reported,Yes,27500,10.221977646629885,11.429554725537322
BMW,430 Gran Coupe i xDrive,2018,29025,Gasoline,2.0 Liter DOHC T/C,Automatic,Carbon Black Metallic,Black,None reported,Yes,29998,10.308919326755392,10.275947259030309
Dodge,Durango SRT 392,2021,17000,Gasoline,475.0HP 6.4L 8 Cylinder Engine Gasoline Fuel,Transmission w/Dual Shift Mode,Blue,Black,None reported,Yes,65000,11.082157933374816,9.741027444837728
Hyundai,Santa Fe GLS,2015,96476,Gasoline,290.0HP 3.3L V6 Cylinder Engine Gasoline Fuel,6-Speed A/T,White,Gray,None reported,Yes,13000,9.472781556562168,11.477059916950205
Volkswagen,Atlas 3.6L SEL Premium,2021,36311,Gasoline,3.6L V6 24V GDI DOHC,8-Speed Automatic,Deep Black Pearl Effect,Titan Black / Quarzit,None reported,Yes,39127,10.574593602219194,10.499903544136302
Land Rover,Range Rover Sport 5.0L Supercharged Dynamic,2016,56842,Gasoline,510.0HP 5.0L 8 Cylinder Engine Gasoline Fuel,Transmission w/Dual Shift Mode,Silver,Black,None reported,Yes,35000,10.463131911491967,10.94804836055082
Nissan,Murano SV,2021,23677,Gasoline,3.5L V6 24V MPFI DOHC,Automatic CVT,Sunset Drift Chromaflair,Graphite,None reported,Yes,29510,10.292518354180867,10.072301625971582
Buick,Envision Essence,2020,27340,Gasoline,2.5L I4 16V GDI DOHC,6-Speed Automatic,Summit White,Ebony,None reported,Yes,31700,10.36410350510914,10.216142686053809
Chevrolet,Silverado 1500 RST,2020,26177,Gasoline,5.3L V8 16V GDI OHV,Automatic,Shadow Gray Metallic,Jet Black,None reported,Yes,41986,10.6451153255436,10.172674642351664
Pontiac,Solstice GXP,2009,122348,Gasoline,260.0HP 2.0L 4 Cylinder Engine Gasoline Fuel,A/T,Red,Black,At least 1 accident or damage reported,Yes,10000,9.210440366976517,11.714632895564021
BMW,640 Gran Coupe i xDrive,2015,98000,Gasoline,315.0HP 3.0L Straight 6 Cylinder Engine Gasoline Fuel,Transmission w/Dual Shift Mode,Black,Beige,None reported,Yes,22500,10.021315031649332,11.49273296168228
Tesla,Model 3 Standard Range Plus,2019,32300,Gasoline,Electric Motor Electric Fuel System,A/T,Black,Black,None reported,Yes,29000,10.275085591132715,10.382853468483827
MINI,Countryman Cooper S,2019,18997,Gasoline,189.0HP 2.0L 4 Cylinder Engine Gasoline Fuel,Transmission w/Dual Shift Mode,Red,Black,None reported,Yes,26750,10.19432713480299,9.852088989450127
Porsche,Boxster GTS,2016,40350,Gasoline,330.0HP 3.4L Flat 6 Cylinder Engine Gasoline Fuel,7-Speed A/T,Gray,Black,None reported,Yes,67995,11.12720415889866,10.605371456538457
Ford,Expedition EL King Ranch,2011,156856,E85 Flex Fuel,310.0HP 5.4L 8 Cylinder Engine Flex Fuel Capability,6-Speed A/T,Black,Brown,None reported,Yes,14300,9.568084743872936,11.963089841249072
Bentley,Continental GT GT Speed,2022,1919,Gasoline,12 Cylinder Engine,8-SPEED A/T,Granite,Porpoise,None reported,Yes,289991,12.577608615375254,7.560080465021827
BMW,X5 M Base,2017,61773,Gasoline,567.0HP 4.4L 8 Cylinder Engine Gasoline Fuel,Transmission w/Dual Shift Mode,Gray,Black,None reported,Yes,46000,10.736418414365376,11.03123784294756
Ford,Mustang GT Premium,2011,74500,Gasoline,412.0HP 5.0L 8 Cylinder Engine Gasoline Fuel,6-Speed M/T,Black,Black,None reported,Yes,22000,9.99884318585288,11.218567827096358
Jeep,Compass Sport,2016,99000,Gasoline,172.0HP 2.4L 4 Cylinder Engine Gasoline Fuel,6-Speed A/T,White,Gray,At least 1 accident or damage reported,Yes,5000,8.517393171418904,11.502885230075814
INFINITI,G37 Sport,2008,63496,Gasoline,330.0HP 3.7L V6 Cylinder Engine Gasoline Fuel,6-Speed M/T,Black,Black,None reported,Yes,15000,9.61587214452889,11.058747939670257
Ford,F-150 XLT,2022,18465,Gasoline,400.0HP 3.5L V6 Cylinder Engine Gasoline Fuel,10-Speed A/T,Black,Gray,None reported,Yes,47500,10.768506042432708,9.823686482332572
Porsche,911 Carrera 4S,2007,42635,Gasoline,355.0HP 3.8L Flat 6 Cylinder Engine Gasoline Fuel,Transmission w/Dual Shift Mode,Blue,Blue,None reported,Yes,72995,11.198159924108706,10.660454245809028
INFINITI,G35 Base,2005,99000,Gasoline,298.0HP 3.5L V6 Cylinder Engine Gasoline Fuel,6-Speed M/T,Silver,Black,None reported,Yes,18900,9.846970109700957,11.502885230075814
Chrysler,300C Base,2013,87500,Gasoline,292.0HP 3.6L V6 Cylinder Engine Gasoline Fuel,8-Speed A/T,White,Beige,None reported,Yes,13750,9.528866827722945,11.37940550085183
Toyota,Camry Solara SLE,2007,138000,Gasoline,210.0HP 3.3L V6 Cylinder Engine Gasoline Fuel,5-Speed A/T,White,Beige,None reported,Yes,6800,8.824824939175638,11.835016210489899
Lexus,IS 300 Base,2018,70891,Gasoline,260.0HP 3.5L V6 Cylinder Engine Gasoline Fuel,Transmission w/Dual Shift Mode,White,Black,None reported,Yes,28995,10.274913168420769,11.16891287117503
Buick,Enclave Essence,2020,55403,Gasoline,310.0HP 3.6L V6 Cylinder Engine Gasoline Fuel,9-Speed A/T,Red,Gray,At least 1 accident or damage reported,Yes,29444,10.290279395378672,10.92240707229499
BMW,M4 Competition xDrive,2022,3213,Gasoline,503.0HP 3.0L Straight 6 Cylinder Engine Gasoline Fuel,8-Speed A/T,Black,Red,None reported,Yes,89995,11.407520503880274,8.075271546297458
Pontiac,GTO Base,2005,142314,Gasoline,400.0HP 6.0L 8 Cylinder Engine Gasoline Fuel,6-Speed M/T,Red,Red,At least 1 accident or damage reported,Yes,21999,9.998797732340453,11.865798189625886
Toyota,FJ Cruiser Base,2013,53000,Gasoline,260.0HP 4.0L V6 Cylinder Engine Gasoline Fuel,A/T,Blue,Black,None reported,Yes,36740,10.511648576689398,10.87806606028079
Hyundai,Elantra SE,2014,120250,Gasoline,145.0HP 1.8L 4 Cylinder Engine Gasoline Fuel,A/T,Blue,Gray,None reported,Yes,7500,8.922791623969637,11.697336503941745
Porsche,Macan S,2015,72329,Gasoline,340.0HP 3.0L V6 Cylinder Engine Gasoline Fuel,7-Speed A/T,Silver,Black,None reported,Yes,29500,10.292179440058462,11.188994259843327
Hummer,H3 Base,2007,153692,Gasoline,242.0HP 3.7L 5 Cylinder Engine Gasoline Fuel,4-Speed A/T,Beige,Black,None reported,Yes,9995,9.209940291954844,11.942712385223459
Tesla,Model 3 Long Range,2021,32670,Gasoline,Electric Motor Electric Fuel System,A/T,White,Black,None reported,Yes,37000,10.518700218288165,10.394243113248184
Ford,Transit-350 Base,2018,235000,Gasoline,275.0HP 3.7L V6 Cylinder Engine Gasoline Fuel,A/T,White,Gray,None reported,Yes,18000,9.798182590890704,12.367345048436391
Rivian,R1T Launch Edition,2022,8681,Gasoline,835.0HP Electric Motor Electric Fuel System,A/T,Gray,Black,None reported,Yes,82000,11.314486721293981,9.06900719585954
Audi,S4 3.0 Prestige,2012,98400,Gasoline,333.0HP 3.0L V6 Cylinder Engine Gasoline Fuel,7-Speed A/T,White,White,None reported,Yes,18000,9.798182590890704,11.496806245590331
Toyota,4Runner SR5 Premium,2023,1400,Gasoline,270.0HP 4.0L V6 Cylinder Engine Gasoline Fuel,A/T,White,Black,None reported,Yes,46500,10.747229096720554,7.244941546337007
Tesla,Model 3 Mid Range,2018,32000,Gasoline,271.0HP Electric Motor Electric Fuel System,A/T,Black,Black,None reported,Yes,29999,10.308952660644293,10.373522431293592
Mercedes-Benz,G-Class G 550 4MATIC,2021,75151,Gasoline,416.0HP 4.0L 8 Cylinder Engine Gasoline Fuel,A/T,Black,Black,None reported,Yes,130000,11.775297421715827,11.227268008266776
Subaru,Legacy 2.5 GT spec.B,2008,94000,Gasoline,243.0HP 2.5L 4 Cylinder Engine Gasoline Fuel,6-Speed M/T,Gray,Blue,None reported,Yes,12500,9.433563920090563,11.451060699493427
Mercedes-Benz,E-Class E 350,2014,67350,Gasoline,302.0HP 3.5L V6 Cylinder Engine Gasoline Fuel,7-Speed A/T,Silver,–,At least 1 accident or damage reported,Yes,18700,9.83633227734872,11.11767302953823
BMW,M3 Base,2001,66500,Gasoline,333.0HP 3.2L Straight 6 Cylinder Engine Gasoline Fuel,6-Speed M/T,Red,Black,None reported,Yes,21000,9.952325334619427,11.104972264124868
Mercedes-Benz,C-Class C 250 Sport,2014,70612,Gasoline,201.0HP 1.8L 4 Cylinder Engine Gasoline Fuel,7-Speed A/T,White,Beige,None reported,Yes,14500,9.581972891547895,11.164969542507722
Toyota,Sienna XLE Limited,2007,112630,Gasoline,266.0HP 3.5L V6 Cylinder Engine Gasoline Fuel,5-Speed A/T,Silver,Gray,At least 1 accident or damage reported,Yes,11500,9.350189267092581,11.631872267631467
Dodge,Avenger SE,2014,124705,E85 Flex Fuel,283.0HP 3.6L V6 Cylinder Engine Flex Fuel Capability,A/T,Black,Black,None reported,Yes,6499,8.779557455883728,11.73371424598776
BMW,M240 i,2018,61000,Gasoline,335.0HP 3.0L Straight 6 Cylinder Engine Gasoline Fuel,6-Speed M/T,Blue,Black,At least 1 accident or damage reported,Yes,34000,10.434145214930487,11.0186455364637
RAM,3500 SLT,2017,157272,Diesel,350.0HP 6.7L Straight 6 Cylinder Engine Diesel Fuel,6-Speed A/T,White,Gray,At least 1 accident or damage reported,Yes,32999,10.404262840448617,11.965738427778135
Mercedes-Benz,GL-Class GL 450 4MATIC,2015,84000,Gasoline,362.0HP 3.0L V6 Cylinder Engine Gasoline Fuel,7-Speed A/T,Blue,Gray,None reported,Yes,20399,9.923290179832307,11.338583982516495
Jeep,Gladiator Rubicon,2020,27981,Gasoline,285.0HP 3.6L V6 Cylinder Engine Gasoline Fuel,A/T,Red,Black,None reported,Yes,47500,10.768506042432708,10.23931672529323
Bentley,Continental GT Base,2009,18000,Gasoline,552.0HP 6.0L 12 Cylinder Engine Gasoline Fuel,A/T,Blue,Beige,None reported,Yes,63000,11.050905878263567,9.798182590890704
Tesla,Model 3 Long Range,2019,27123,Gasoline,425.0HP Electric Motor Electric Fuel System,A/T,Red,Black,None reported,Yes,38200,10.5506169722625,10.208174223803733
Chevrolet,Corvette Stingray w/2LT,2021,3053,Gasoline,490.0HP 6.2L 8 Cylinder Engine Gasoline Fuel,Transmission w/Dual Shift Mode,Silver,Gray,None reported,Yes,83900,11.3373928113354,8.024207485778577
Audi,Q5 3.0T Premium Plus,2015,60251,Gasoline,272.0HP 3.0L V6 Cylinder Engine Gasoline Fuel,A/T,Black,Black,At least 1 accident or damage reported,Yes,19000,9.852246888342531,11.006291045822707
Mazda,MX-5 Miata Club,2021,5093,Gasoline,181.0HP 2.0L 4 Cylinder Engine Gasoline Fuel,6-Speed M/T,Gray,Black,None reported,Yes,28000,10.239995502805316,8.535818655539403
Bentley,Bentayga W12 Signature,2018,31875,Gasoline,600.0HP 6.0L 12 Cylinder Engine Gasoline Fuel,8-Speed A/T,White,Black,None reported,Yes,115785,11.659498938712094,10.36960865451764
Mercedes-Benz,S-Class S500,2005,175722,Gasoline,302.0HP 5.0L 8 Cylinder Engine Gasoline Fuel,A/T,White,Beige,None reported,Yes,7000,8.853808274977197,12.076664170559505
BMW,M6 Base,2015,17900,Gasoline,560.0HP 4.4L 8 Cylinder Engine Gasoline Fuel,Transmission w/Dual Shift Mode,Black,Black,None reported,Yes,59900,11.000448478455008,9.792611856190192
GMC,Yukon SLT,2015,142792,Gasoline,355.0HP 5.3L 8 Cylinder Engine Gasoline Fuel,6-Speed A/T,White,Brown,None reported,Yes,22999,10.043249494911286,11.869151308078278
BMW,750 iL,2001,53814,Gasoline,326.0HP 5.4L 12 Cylinder Engine Gasoline Fuel,5-Speed A/T,Gray,Gray,None reported,Yes,11800,9.375939552625749,10.893307517698398
Toyota,Tundra Limited,2010,89400,Gasoline,381.0HP 5.7L 8 Cylinder Engine Gasoline Fuel,A/T,White,Gray,None reported,Yes,26900,10.199918739620157,11.400887146781374
Chrysler,300C Base,2007,86000,Gasoline,340.0HP 5.7L 8 Cylinder Engine Gasoline Fuel,5-Speed A/T,Gray,Black,None reported,Yes,15000,9.61587214452889,11.362114203075018
smart,ForTwo Pure,2008,61595,Gasoline,70.0HP 1.0L 3 Cylinder Engine Gasoline Fuel,5-Speed A/T,Blue,Gray,None reported,Yes,5000,8.517393171418904,11.028352212348304
Toyota,Tundra SR,2018,74000,E85 Flex Fuel,381.0HP 5.7L 8 Cylinder Engine Flex Fuel Capability,6-Speed A/T,Beige,Black,At least 1 accident or damage reported,Yes,38000,10.545367754151743,11.211833885608513
Hummer,H2 Base,2004,130000,Gasoline,316.0HP 6.0L 8 Cylinder Engine Gasoline Fuel,4-Speed A/T,Black,Black,At least 1 accident or damage reported,Yes,16500,9.711176264112805,11.775297421715827
BMW,ALPINA B7 Base,2015,86000,Gasoline,540.0HP 4.4L 8 Cylinder Engine Gasoline Fuel,8-Speed A/T,Black,White,At least 1 accident or damage reported,Yes,29000,10.275085591132715,11.362114203075018
Land Rover,Range Rover Sport Supercharged,2008,140600,Gasoline,390.0HP 4.2L 8 Cylinder Engine Gasoline Fuel,6-Speed A/T,Red,Beige,None reported,Yes,7500,8.922791623969637,11.853681370708943
Audi,A4 2.0T Tech Premium,2018,27532,Gasoline,252.0HP 2.0L 4 Cylinder Engine Gasoline Fuel,7-Speed A/T,Gray,Black,None reported,Yes,27900,10.236417809461043,10.223140564230144
Ford,Focus SE,2017,91000,E85 Flex Fuel,160.0HP 2.0L 4 Cylinder Engine Flex Fuel Capability,6-Speed A/T,Gray,Black,None reported,Yes,12500,9.433563920090563,11.418625774449598
Mercedes-Benz,E-Class E 550 4MATIC,2014,63000,Gasoline,402.0HP 4.7L 8 Cylinder Engine Gasoline Fuel,7-Speed A/T,Silver,Black,None reported,Yes,28500,10.25769445336048,11.050905878263567
Jeep,Wrangler Unlimited 4xe Sahara,2022,10500,Plug-In Hybrid,375.0HP 2.0L 4 Cylinder Engine Plug-In Electric/Gas,8-Speed A/T,Green,Beige,None reported,Yes,49999,10.819778284410283,9.259225769705994
Mercedes-Benz,M-Class ML 350 4MATIC,2014,75073,E85 Flex Fuel,302.0HP 3.5L V6 Cylinder Engine Flex Fuel Capability,7-Speed A/T,Gray,Black,None reported,Yes,21500,9.975854724662028,11.2262295727495
Jeep,Wrangler Sahara,2008,140000,Gasoline,202.0HP 3.8L V6 Cylinder Engine Gasoline Fuel,A/T,Silver,–,At least 1 accident or damage reported,Yes,9000,9.105090961257085,11.849404844423074
Mercedes-Benz,A-Class A 220 4MATIC,2019,30300,Gasoline,188.0HP 2.0L 4 Cylinder Engine Gasoline Fuel,7-Speed A/T,Silver,Black,None reported,Yes,30500,10.32551474894327,10.318935994253193
Chevrolet,Malibu 1LT,2009,139000,Gasoline,169.0HP 2.4L 4 Cylinder Engine Gasoline Fuel,A/T,White,Black,None reported,Yes,4200,8.343077871169383,11.842236406331555
Hummer,H3 Base,2006,118000,Gasoline,220.0HP 3.5L 5 Cylinder Engine Gasoline Fuel,A/T,Gray,Black,None reported,Yes,17900,9.792611856190192,11.678448377988165
BMW,i8 Base,2015,51000,Plug-In Hybrid,357.0HP 1.5L 3 Cylinder Engine Plug-In Electric/Gas,Transmission w/Dual Shift Mode,Gray,Brown,None reported,Yes,53000,10.87806606028079,10.839600519357369
Cadillac,XLR Base,2009,69423,Gasoline,320.0HP 4.6L 8 Cylinder Engine Gasoline Fuel,A/T,Red,Beige,None reported,Yes,36500,10.505094936455558,11.147987908038132
Lincoln,MKZ Select,2017,52284,Gasoline,240.0HP 2.0L 4 Cylinder Engine Gasoline Fuel,6-Speed A/T,Blue,Beige,At least 1 accident or damage reported,Yes,12500,9.433563920090563,10.864464802032689
Chevrolet,Silverado 1500 W/T,2006,111228,Gasoline,195.0HP 4.3L V6 Cylinder Engine Gasoline Fuel,A/T,Blue,Gray,At least 1 accident or damage reported,Yes,4000,8.294299608857235,11.619346418165367
Land Rover,Range Rover Sport HSE,2019,52300,Gasoline,340.0HP 3.0L V6 Cylinder Engine Gasoline Fuel,Transmission w/Dual Shift Mode,Black,Black,None reported,Yes,49900,10.817796321618971,10.86477077032911
Nissan,Titan SL,2021,95993,Gasoline,5.6L V8 32V GDI DOHC,9-Speed Automatic,White,Black,None reported,Yes,32612,10.39246626087211,11.472040968496767
Kia,Telluride SX,2022,26716,Gasoline,"LAMBDA II 3.8L V-6 gasoline direct injection, DOHC, D-CVVT varia",Automatic,Dark Moss,Black,None reported,Yes,47541,10.769368809865203,10.19305534589812
Chevrolet,Tahoe RST,2023,39517,Gasoline,5.3L V8 16V GDI OHV,10-Speed Automatic,Black,Jet Black,At least 1 accident or damage reported,Unknown,67190,11.115294588970581,10.584511543293763
Ford,Mustang GT Premium,2019,31600,Gasoline,460.0HP 5.0L 8 Cylinder Engine Gasoline Fuel,6-Speed M/T,Blue,Gray,None reported,Yes,41000,10.62135173563291,10.360944044643913
BMW,330 i,2017,83298,Gasoline,248.0HP 2.0L 4 Cylinder Engine Gasoline Fuel,A/T,Black,Black,None reported,Yes,18300,9.814710982145282,11.330191823280956
Land Rover,Range Rover Sport 3.0L Supercharged HSE,2017,95212,Gasoline,340.0HP 3.0L V6 Cylinder Engine Gasoline Fuel,8-Speed A/T,Brown,Beige,None reported,Yes,31599,10.360912399575003,11.463871766078572
Porsche,911 Carrera,2010,61600,Gasoline,345.0HP 3.6L Flat 6 Cylinder Engine Gasoline Fuel,7-Speed A/T,Black,Black,None reported,Yes,51750,10.854199034612414,11.028433383156079
INFINITI,QX56 Base,2011,130921,Gasoline,400.0HP 5.6L 8 Cylinder Engine Gasoline Fuel,Transmission Overdrive Switch,White,Beige,None reported,Yes,12000,9.392745258631441,11.782357005003169
RAM,2500 Tradesman,2020,41000,Gasoline,410.0HP 6.4L 8 Cylinder Engine Gasoline Fuel,8-Speed A/T,White,Gray,None reported,Yes,45515,10.7258191914769,10.62135173563291
BMW,840 i xDrive,2024,1500,Gasoline,335.0HP 3.0L Straight 6 Cylinder Engine Gasoline Fuel,A/T,Gray,Brown,None reported,Yes,90000,11.407576060361786,7.313886831633462
MINI,Clubman Cooper S ALL4,2017,79950,Gasoline,189.0HP 2.0L 4 Cylinder Engine Gasoline Fuel,A/T,Blue,Black,None reported,Yes,17390,9.763708110007842,11.289169226001263
Cadillac,Escalade ESV Premium Luxury Platinum,2021,31500,Gasoline,420.0HP 6.2L 8 Cylinder Engine Gasoline Fuel,A/T,White,Beige,None reported,Yes,95000,11.461642696843066,10.357774570341576
Audi,R8 5.2 V10 plus,2017,61000,Gasoline,610.0HP 5.2L 10 Cylinder Engine Gasoline Fuel,Transmission w/Dual Shift Mode,Gray,Black,None reported,Yes,140000,11.849404844423074,11.0186455364637
RAM,2500 Big Horn,2021,45867,Gasoline,6.4L V8 16V MPFI OHV,Automatic,Billet Silver Metallic Clearcoat,Diesel Gray / Black,None reported,Yes,43449,10.679366130693538,10.733522985158196
Porsche,911 Carrera 4,2014,22700,Gasoline,350.0HP 3.4L Flat 6 Cylinder Engine Gasoline Fuel,7-Speed M/T,Silver,Black,At least 1 accident or damage reported,Yes,85500,11.356283350762888,10.030164255362632
Bentley,Continental GT Base,2009,43000,Gasoline,552.0HP 6.0L 12 Cylinder Engine Gasoline Fuel,A/T,Black,Black,None reported,Yes,48500,10.789339695269716,10.668978650219241
Toyota,Tundra SR5,2015,99000,Gasoline,310.0HP 4.6L 8 Cylinder Engine Gasoline Fuel,6-Speed A/T,Gray,Gray,None reported,Yes,27000,10.203629181337648,11.502885230075814
Toyota,4Runner SR5,2006,135000,Gasoline,236.0HP 4.0L V6 Cylinder Engine Gasoline Fuel,A/T,White,Gray,None reported,Yes,16900,9.735128070758227,11.813037464800539
Cadillac,CTS 2.0L Turbo Luxury,2019,46000,Gasoline,265.0HP 2.0L 4 Cylinder Engine Gasoline Fuel,8-Speed A/T,Black,Beige,At least 1 accident or damage reported,Yes,29000,10.275085591132715,10.736418414365376
Ford,Focus SE,2014,79615,Gasoline,2.0L I4 16V GDI DOHC,6-Speed Automatic with Auto-Shift,Black,Charcoal Black,None reported,Yes,10995,9.305286849285137,11.284970356658796
BMW,M5 Base,2021,13250,Gasoline,4.4L V8 32V GDI DOHC Twin Turbo,8-Speed Automatic,Alpine White,Aragon Brown,None reported,Yes,86900,11.372524818667134,9.491828300264636
Land Rover,Range Rover 3.0L V6 Supercharged HSE,2019,41200,Gasoline,380.0HP 3.0L V6 Cylinder Engine Gasoline Fuel,Transmission w/Dual Shift Mode,Black,Black,None reported,Yes,60500,11.010415172807951,10.626217806887722
Cadillac,Escalade ESV Luxury,2016,116500,Gasoline,420.0HP 6.2L 8 Cylinder Engine Gasoline Fuel,8-Speed A/T,Black,Brown,At least 1 accident or damage reported,Yes,30500,10.32551474894327,11.665655135642039
Chevrolet,Corvette Z06,2018,24059,Gasoline,650.0HP 6.2L 8 Cylinder Engine Gasoline Fuel,8-Speed A/T,Gray,Black,None reported,Yes,87150,11.37539752535164,10.08830598952867
Audi,Q5 2.0T Premium Plus,2015,118500,E85 Flex Fuel,220.0HP 2.0L 4 Cylinder Engine Flex Fuel Capability,A/T,Silver,Black,At least 1 accident or damage reported,Yes,15400,9.642187721358466,11.682676678340282
BMW,ALPINA B7 ALPINA B7 xDrive,2020,15097,Gasoline,4.4 Liter Twin Turbo,Automatic,Frozen Dark Silver Metallic,Black,None reported,Yes,99998,11.512915464920228,9.62231756369957
Maserati,Ghibli S Q4,2018,20000,Gasoline,424.0HP 3.0L V6 Cylinder Engine Gasoline Fuel,A/T,White,Brown,None reported,Yes,43000,10.668978650219241,9.90353755128617
BMW,228 Gran Coupe i xDrive,2020,10426,Gasoline,2.0 Liter Turbo,Automatic,Black Sapphire Metallic,Oyster/Black,None reported,Yes,30798,10.335237500902117,9.252153874789594
Ford,Expedition Limited,2023,9500,Gasoline,400.0HP 3.5L V6 Cylinder Engine Gasoline Fuel,10-Speed A/T,Black,Red,At least 1 accident or damage reported,Yes,63500,11.05881093278828,9.15915233520675
Nissan,Frontier SE Crew Cab,2006,134000,Gasoline,265.0HP 4.0L V6 Cylinder Engine Gasoline Fuel,A/T,Gray,Gray,At least 1 accident or damage reported,Yes,8500,9.04793908261736,11.80560254159177
Subaru,BRZ Limited,2022,10500,Gasoline,228.0HP 2.4L 4 Cylinder Engine Gasoline Fuel,Transmission w/Dual Shift Mode,Gray,–,None reported,Yes,32500,10.389026137075234,9.259225769705994
Chevrolet,Malibu LT,2018,53100,Gasoline,160.0HP 1.5L 4 Cylinder Engine Gasoline Fuel,6-Speed A/T,Red,Black,None reported,Yes,17500,9.770013301136158,10.879951039444416
Ford,Focus SEL,2017,80134,E85 Flex Fuel,2.0L I4 16V GDI DOHC Flexible Fuel,6-Speed Automatic with Auto-Shift,White,Charcoal Black,None reported,Yes,13895,9.53935630792094,11.291467991427675
Nissan,Rogue Sport S,2021,24000,Gasoline,141.0HP 2.0L 4 Cylinder Engine Gasoline Fuel,A/T,Gray,Black,None reported,Yes,25500,10.146472946063877,10.085850775128717
Volvo,C70 T5,2006,61000,Gasoline,218.0HP 2.5L 5 Cylinder Engine Gasoline Fuel,6-Speed M/T,Blue,Beige,None reported,Yes,10299,9.239899174217728,11.0186455364637
Lincoln,Nautilus Reserve,2021,19700,Gasoline,335.0HP 2.7L V6 Cylinder Engine Gasoline Fuel,A/T,White,Beige,None reported,Yes,48000,10.778977123006351,9.888424674859083
Mercedes-Benz,AMG GT Base,2018,28182,Gasoline,469.0HP 4.0L 8 Cylinder Engine Gasoline Fuel,7-Speed A/T,White,Brown,At least 1 accident or damage reported,Yes,84500,11.344518647594766,10.246474238267561
Ford,Mustang EcoBoost Premium,2017,59500,Gasoline,310.0HP 2.3L 4 Cylinder Engine Gasoline Fuel,A/T,Black,Black,At least 1 accident or damage reported,Yes,21000,9.952325334619427,10.993748398115178
GMC,Yukon SLT,2018,85500,Gasoline,355.0HP 5.3L 8 Cylinder Engine Gasoline Fuel,A/T,Black,Black,At least 1 accident or damage reported,Yes,35899,10.48849257447637,11.356283350762888
RAM,2500 Big Horn,2020,51000,Gasoline,410.0HP 6.4L 8 Cylinder Engine Gasoline Fuel,6-Speed A/T,Red,Black,None reported,Yes,44900,10.712215345197256,10.839600519357369
Tesla,Model Y Performance,2021,17500,Gasoline,455.0HP Electric Motor Electric Fuel System,A/T,Gray,White,None reported,Yes,45000,10.714439990727769,9.770013301136158
Lexus,ES 350 Base,2011,132000,Gasoline,272.0HP 3.5L V6 Cylinder Engine Gasoline Fuel,A/T,Black,Beige,None reported,Yes,9999,9.210340371976184,11.790564777297387
Jeep,Wrangler Rubicon Hard Rock,2016,67882,Gasoline,3.6 Liter,Automatic,White,Black,None reported,Yes,32798,10.398153306102595,11.125540914010928
Volvo,XC90 T6 Momentum,2018,62000,Gasoline,316.0HP 2.0L 4 Cylinder Engine Gasoline Fuel,8-Speed A/T,Silver,Black,None reported,Yes,30500,10.32551474894327,11.034905792929415
Porsche,911 R,2016,12454,Gasoline,500.0HP 4.0L Flat 6 Cylinder Engine Gasoline Fuel,6-Speed M/T,Purple,Black,None reported,Yes,210000,12.25486757159303,9.429877427696281
BMW,M6 Gran Coupe Base,2017,27965,Gasoline,560.0HP 4.4L 8 Cylinder Engine Gasoline Fuel,7-Speed A/T,Green,Black,None reported,Yes,58000,10.968215530759236,10.238744765600796
Cadillac,Escalade ESV Platinum Edition,2013,119000,E85 Flex Fuel,403.0HP 6.2L 8 Cylinder Engine Flex Fuel Capability,A/T,Black,Black,None reported,Yes,20500,9.928228944424575,11.686887175419702
BMW,X5 xDrive35i,2018,48000,Gasoline,300.0HP 3.0L Straight 6 Cylinder Engine Gasoline Fuel,8-Speed A/T,Black,Black,None reported,Yes,32000,10.373522431293592,10.778977123006351
BMW,X5 xDrive40i,2020,5541,Gasoline,3.0 Liter Turbo,Automatic,White,Black,None reported,Yes,56598,10.943746596190673,8.620110725422924
Mitsubishi,Outlander SEL,2018,29000,Gasoline,166.0HP 2.4L 4 Cylinder Engine Gasoline Fuel,A/T,Red,Beige,None reported,Yes,19500,9.87822102528824,10.275085591132715
Dodge,Ram 1500 ST,2010,131100,E85 Flex Fuel,310.0HP 4.7L 8 Cylinder Engine Flex Fuel Capability,A/T,White,Gray,At least 1 accident or damage reported,Yes,12995,9.472396896788991,11.783723297487764
Subaru,Impreza 2.0i,2015,102242,Gasoline,"2L H-4 DOHC, variable valve control, regular unleaded, engine wi",Manual,Quartz Blue Pearl,Black,At least 1 accident or damage reported,Unknown,11498,9.350015354048665,11.535107611903877
Mercedes-Benz,Maybach S S 600,2016,18069,Gasoline,523.0HP 6.0L 12 Cylinder Engine Gasoline Fuel,7-Speed A/T,Black,Black,None reported,Yes,79999,11.289781913656018,9.802008383586275
Kia,Sportage LX,2023,13000,Gasoline,187.0HP 2.5L 4 Cylinder Engine Gasoline Fuel,A/T,White,Black,None reported,Yes,31900,10.370392636243981,9.472781556562168
Porsche,911 Turbo Cabriolet,2008,51000,Gasoline,480.0HP 3.6L Flat 6 Cylinder Engine Gasoline Fuel,Transmission w/Dual Shift Mode,Silver,Black,At least 1 accident or damage reported,Yes,69500,11.149096419938578,10.839600519357369
Hummer,H3 Base,2007,137333,Gasoline,242.0HP 3.7L 5 Cylinder Engine Gasoline Fuel,4-Speed A/T,Blue,Black,At least 1 accident or damage reported,Yes,10000,9.210440366976517,11.830171194020703
Buick,LaCrosse Leather,2014,125559,Gasoline,304.0HP 3.6L V6 Cylinder Engine Gasoline Fuel,A/T,White,Beige,At least 1 accident or damage reported,Yes,11200,9.32375833901174,11.74053901095589
Chevrolet,Silverado 1500 High Country,2020,88161,Gasoline,6.2L V8 16V GDI OHV,Automatic,Iridescent Pearl Tricoat,Jet Black,At least 1 accident or damage reported,Yes,48889,10.797328155572691,11.386931310154825
Toyota,4Runner SR5,2016,101900,Gasoline,270.0HP 4.0L V6 Cylinder Engine Gasoline Fuel,5-Speed A/T,Black,Black,None reported,Yes,29000,10.275085591132715,11.531757032705352
Cadillac,Escalade ESV Luxury,2015,159500,Gasoline,420.0HP 6.2L 8 Cylinder Engine Gasoline Fuel,6-Speed A/T,Black,Black,At least 1 accident or damage reported,Yes,18800,9.841665338892785,11.979805470779858
Subaru,Legacy 2.5i Premium,2015,68860,Gasoline,175.0HP 2.5L 4 Cylinder Engine Gasoline Fuel,CVT Transmission,Silver,Beige,At least 1 accident or damage reported,Yes,15000,9.61587214452889,11.139845259006064
Tesla,Model 3 Long Range,2018,43000,Gasoline,271.0HP Electric Motor Electric Fuel System,1-Speed A/T,Red,Black,At least 1 accident or damage reported,Yes,30499,10.325481962595504,10.668978650219241
Ford,Expedition EL XLT,2017,182000,Gasoline,365.0HP 3.5L V6 Cylinder Engine Gasoline Fuel,A/T,Black,Black,At least 1 accident or damage reported,Yes,16500,9.711176264112805,12.111767460549332
Tesla,Model Y Long Range,2022,21404,Gasoline,425.0HP Electric Motor Electric Fuel System,A/T,White,White,None reported,Yes,49500,10.809748150372926,9.971379818579047
Ford,Expedition EL Limited,2017,81000,Gasoline,365.0HP 3.5L V6 Cylinder Engine Gasoline Fuel,Transmission w/Dual Shift Mode,Black,Black,None reported,Yes,27000,10.203629181337648,11.302216779257382
Chevrolet,Silverado 1500 LTZ,2021,62257,Gasoline,5.3L V8 16V GDI OHV,8-Speed Automatic,Satin Steel Metallic,Gideon,None reported,Yes,42590,10.659398242331683,11.039042320125954
BMW,X5 xDrive40e,2016,91798,Hybrid,Electric,Automatic,Alpine White,Black,None reported,Yes,22998,10.043206015705211,11.427356683303062
BMW,335 is,2011,82000,Gasoline,320.0HP 3.0L Straight 6 Cylinder Engine Gasoline Fuel,7-Speed A/T,Gray,Black,At least 1 accident or damage reported,Yes,20000,9.90353755128617,11.314486721293981
Ford,F-150 XLT,2012,207100,Gasoline,365.0HP 3.5L V6 Cylinder Engine Gasoline Fuel,6-Speed A/T,Black,Gray,At least 1 accident or damage reported,Yes,15000,9.61587214452889,12.240961875957243
Land Rover,Range Rover Sport P400 SE Dynamic,2023,450,Hybrid,395.0HP 3.0L Straight 6 Cylinder Engine Gasoline/Mild Electric Hybrid,8-Speed A/T,Blue,Black,None reported,Yes,124000,11.728044909070785,6.111467339502679
Porsche,Panamera Edition,2016,77945,Gasoline,310.0HP 3.6L V6 Cylinder Engine Gasoline Fuel,A/T,Blue,Beige,At least 1 accident or damage reported,Yes,30000,10.308985993422082,11.263771558223787
Kia,Sorento Plug-In Hybrid SX,2022,15583,Hybrid,1.6L I4 16V GDI DOHC Turbo Hybrid,6-Speed Automatic,Aurora Black,Gray,None reported,Yes,40599,10.611523345589823,9.654000025882317
BMW,M240 i,2017,37100,Gasoline,335.0HP 3.0L Straight 6 Cylinder Engine Gasoline Fuel,8-Speed A/T,White,Black,At least 1 accident or damage reported,Yes,26125,10.17068626604651,10.521399202410167
Maserati,Quattroporte Base,2006,51000,Gasoline,394.0HP 4.2L 8 Cylinder Engine Gasoline Fuel,Transmission w/Dual Shift Mode,Blue,Beige,At least 1 accident or damage reported,Yes,18000,9.798182590890704,10.839600519357369
Ford,F-150 XLT,2017,94000,Gasoline,325.0HP 2.7L V6 Cylinder Engine Gasoline Fuel,6-Speed A/T,White,Black,None reported,Yes,26000,10.165890277802454,11.451060699493427
Land Rover,Discovery S,2003,121886,Gasoline,217.0HP 4.6L 8 Cylinder Engine Gasoline Fuel,A/T,White,Beige,At least 1 accident or damage reported,Yes,6000,8.699681400989514,11.71084966499159
Ford,F-250 XLT Crew Cab Super Duty,2008,157500,Gasoline,300.0HP 5.4L 8 Cylinder Engine Gasoline Fuel,5-Speed A/T,Green,Gray,At least 1 accident or damage reported,Yes,15000,9.61587214452889,11.967187086434018
Ford,Taurus SHO,2014,138415,Gasoline,365.0HP 3.5L V6 Cylinder Engine Gasoline Fuel,A/T,Silver,Black,At least 1 accident or damage reported,Yes,15500,9.648659816955295,11.838018922420156
Land Rover,Range Rover Sport HSE,2012,110000,Gasoline,375.0HP 5.0L 8 Cylinder Engine Gasoline Fuel,A/T,Silver,Black,None reported,Yes,10200,9.23024103368252,11.608244735642321
Cadillac,Escalade Sport,2023,8532,Diesel,3.0L I6 24V DDI DOHC Turbo Diesel,10-Speed Automatic with Overdrive,Black Raven,Jet Black,None reported,Yes,109900,11.60733523953139,9.051696278536586
GMC,Sierra 1500 SLT,2021,12941,Gasoline,355.0HP 5.3L 8 Cylinder Engine Gasoline Fuel,A/T,White,Black,At least 1 accident or damage reported,Yes,51500,10.849356503939038,9.468233115617211
BMW,335 i xDrive,2009,69764,Gasoline,300.0HP 3.0L Straight 6 Cylinder Engine Gasoline Fuel,6-Speed M/T,Black,Black,None reported,Yes,19500,9.87822102528824,11.152887730326308
Porsche,911 Carrera 4S,2003,90000,Gasoline,315.0HP 3.6L Flat 6 Cylinder Engine Gasoline Fuel,6-Speed M/T,Silver,Black,None reported,Yes,24000,10.085850775128717,11.407576060361786
Audi,Q5 S line Premium,2022,8193,Hybrid,2.0 Liter TFSI,Automatic,Florett Silver,Black,None reported,Yes,42598,10.659586057803535,9.011157458106817
Lexus,RX 350 F Sport Performance,2020,43277,Gasoline,3.5L V6 24V PDI DOHC,8-Speed Automatic,Caviar,Black,None reported,Yes,43599,10.682812429337126,10.675399701731727
Audi,S4 3.0T Premium Plus,2018,26500,Gasoline,354.0HP 3.0L V6 Cylinder Engine Gasoline Fuel,8-Speed A/T,Gray,Black,At least 1 accident or damage reported,Yes,38000,10.545367754151743,10.184937747111391
Chevrolet,Silverado 1500 LT,2019,36021,Gasoline,2.7L I4 16V GDI DOHC Turbo,Automatic,Cajun Red Tintcoat,Jet Black,None reported,Yes,35670,10.482093312723077,10.491885141897002
Chevrolet,Colorado Z71,2019,25462,Gasoline,3.6L V6 24V GDI DOHC,Automatic,Shadow Gray Metallic,Jet Black,None reported,Yes,36139,10.49515556414622,10.144981697062931
Audi,A5 2.0T Prestige,2018,35850,Gasoline,252.0HP 2.0L 4 Cylinder Engine Gasoline Fuel,7-Speed A/T,White,Black,None reported,Yes,33000,10.404293143019792,10.487126739641525
Mazda,Mazda3 s Sport,2008,77700,Gasoline,156.0HP 2.3L 4 Cylinder Engine Gasoline Fuel,5-Speed M/T,Red,Black,None reported,Yes,6300,8.748463629942055,11.260623406285792
Jaguar,E-PACE 300 Sport,2021,23600,Hybrid,296.0HP 2.0L 4 Cylinder Engine Gasoline/Mild Electric Hybrid,9-Speed A/T,Black,Black,None reported,Yes,42999,10.668955394675699,10.069044362997353
Ferrari,GTC4Lusso T,2019,8870,Gasoline,3.9L V8 32V GDI DOHC Twin Turbo,7-Speed DCT Automatic,Nero Daytona,–,None reported,Yes,215000,12.278397958261774,9.090542808520587
Toyota,Celica GT,2001,122000,Gasoline,140.0HP 1.8L 4 Cylinder Engine Gasoline Fuel,5-Speed M/T,Blue,Gray,None reported,Yes,7800,8.962007209588313,11.711784520403112
Ford,Excursion Limited 4WD,2003,245000,Diesel,325.0HP 6.0L 8 Cylinder Engine Diesel Fuel,A/T,Black,Beige,At least 1 accident or damage reported,Yes,17999,9.798127036878302,12.409017571151187
Porsche,718 Spyder Base,2022,4700,Gasoline,414.0HP 4.0L Flat 6 Cylinder Engine Gasoline Fuel,6-Speed M/T,White,Black,None reported,Yes,134000,11.80560254159177,8.45553053102413
Subaru,WRX STI Base,2016,84100,Gasoline,305.0HP 2.5L 4 Cylinder Engine Gasoline Fuel,M/T,Gray,Black,None reported,Yes,34000,10.434145214930487,11.339773736496767
Audi,A6 45 Premium Plus,2021,33000,Hybrid,248.0HP 2.0L 4 Cylinder Engine Gasoline/Mild Electric Hybrid,A/T,Black,Black,None reported,Yes,40000,10.596659732783579,10.404293143019792
Tesla,Model S P100D,2018,10065,Gasoline,Electric,1-Speed Automatic,Red Multi,White,None reported,Yes,59999,11.002099841204238,9.216918687336305
Mercedes-Benz,AMG GT R,2018,3811,Gasoline,577.0HP 4.0L 8 Cylinder Engine Gasoline Fuel,7-Speed A/T,Black,Black,None reported,Yes,148500,11.908346971208951,8.245909264774093
Acura,RDX PMC Edition,2021,44457,Gasoline,2.0 Liter Turbo,2,Majestic Black Pearl,Ebony,None reported,Yes,40598,10.611498714744615,10.702300202250855
Audi,S4 3.0T Premium Plus,2013,139355,Gasoline,333.0HP 3.0L V6 Cylinder Engine Gasoline Fuel,7-Speed A/T,Black,Black,None reported,Yes,20900,9.94755228369823,11.844787089033758
Lotus,Evora Base,2010,9100,Gasoline,276.0HP 3.5L V6 Cylinder Engine Gasoline Fuel,6-Speed M/T,Black,White,None reported,Yes,55000,10.915106645867503,9.116139576577355
Mercedes-Benz,S-Class S 560 4MATIC,2019,10500,Gasoline,463.0HP 4.0L 8 Cylinder Engine Gasoline Fuel,9-Speed A/T,Silver,Brown,None reported,Yes,77900,11.263194068746921,9.259225769705994
Chevrolet,Silverado 1500 RST,2023,5006,Gasoline,5.3L V8 16V GDI OHV,10-Speed Automatic,Dark Ash Metallic,Black,None reported,Yes,59590,10.99525983493937,8.518592212329946
Hyundai,Genesis Coupe 2.0T R-Spec,2013,55000,Gasoline,260.0HP 2.0L 4 Cylinder Engine Gasoline Fuel,6-Speed M/T,White,Red,None reported,Yes,18000,9.798182590890704,10.915106645867503
BMW,M3 Competition,2021,33500,Gasoline,503.0HP 3.0L Straight 6 Cylinder Engine Gasoline Fuel,8-Speed A/T,Gray,Black,None reported,Yes,71000,11.170449240431308,10.419330568113901
BMW,435 i,2014,126500,Gasoline,300.0HP 3.0L Straight 6 Cylinder Engine Gasoline Fuel,A/T,White,Black,None reported,Yes,15000,9.61587214452889,11.748005492256807
Land Rover,Range Rover Evoque HSE Dynamic,2016,79000,Gasoline,240.0HP 2.0L 4 Cylinder Engine Gasoline Fuel,9-Speed A/T,Red,Red,None reported,Yes,24000,10.085850775128717,11.277215789596893
Porsche,911 Targa 4 GTS,2018,19000,Gasoline,450.0HP 3.0L Flat 6 Cylinder Engine Gasoline Fuel,7-Speed A/T,Gray,Black,None reported,Yes,145000,11.884495917930655,9.852246888342531
RAM,3500 Tradesman,2021,57000,Diesel,400.0HP 6.7L Straight 6 Cylinder Engine Diesel Fuel,6-Speed A/T,Blue,Gray,None reported,Yes,52000,10.859018228147887,10.950824090522445
BMW,X5 xDrive40i,2020,4880,Gasoline,3.0 Liter Turbo,Automatic,White,Black,None reported,Yes,57998,10.968181048000611,8.493105395887147
Acura,NSX Base,2018,6523,Hybrid,3.5L V6 24V PDI DOHC Twin Turbo Hybrid,9-Speed Automatic with Auto-Shift,White,Ebony,None reported,Yes,143900,11.87688084212164,8.783242963740905
Mercedes-Benz,SL-Class SL500 Roadster,2005,127000,Gasoline,302.0HP 5.0L 8 Cylinder Engine Gasoline Fuel,7-Speed A/T,White,Beige,None reported,Yes,14000,9.546884034617925,11.751950239425476
Lexus,SC 430 Base,2002,89500,Gasoline,300.0HP 4.3L 8 Cylinder Engine Gasoline Fuel,A/T,Black,Black,None reported,Yes,15999,9.680344001221918,11.402005077384885
Chevrolet,Silverado 1500 Base,2000,97000,Gasoline,200.0HP 4.3L V6 Cylinder Engine Gasoline Fuel,A/T,White,Gray,None reported,Yes,27500,10.221977646629885,11.48247656671073
Buick,Enclave Avenir,2021,31181,Gasoline,3.6L V6 24V GDI DOHC,9-Speed Automatic,Rich Garnet Metallic,Chestnut,At least 1 accident or damage reported,Yes,42442,10.655917278259798,10.347596284236497
Lexus,NX 300h Base,2020,16425,Hybrid,2.5L I4 16V MPFI DOHC Hybrid,Automatic CVT,Gray,Black,At least 1 accident or damage reported,Unknown,33200,10.410335274932896,9.706620724300137
Lexus,RX 350 RX 350 F SPORT Handling,2022,11238,Gasoline,3.5 Liter DOHC,Automatic,Atomic Silver,Black,None reported,Yes,54798,10.911427224594425,9.327145151518268
Chevrolet,Avalanche 1500 LS,2005,97146,E85 Flex Fuel,295.0HP 5.3L 8 Cylinder Engine Flex Fuel Capability,Transmission Overdrive Switch,Black,Gray,At least 1 accident or damage reported,Yes,7999,8.987196820661973,11.48398057424644
Mercedes-Benz,SL-Class SL400,2015,36670,Gasoline,3.0 Liter,Automatic,White,Tan,None reported,Yes,39998,10.596609732783568,10.509741530941705
Chevrolet,Suburban Premier,2019,44800,Gasoline,420.0HP 6.2L 8 Cylinder Engine Gasoline Fuel,6-Speed A/T,Black,Black,None reported,Yes,52500,10.868587496017359,10.709985739582528
Ford,Transit-350 Base,2015,150000,Gasoline,310.0HP 3.5L V6 Cylinder Engine Gasoline Fuel,A/T,Black,Gray,At least 1 accident or damage reported,Yes,17100,9.746892220313054,11.918397239722838
INFINITI,QX60 Luxe,2020,38400,Gasoline,295.0HP 3.5L V6 Cylinder Engine Gasoline Fuel,A/T,Blue,Beige,None reported,Yes,32100,10.376642461280849,10.555838779903407
Bentley,Continental GTC Base,2008,7960,Gasoline,552.0HP 6.0L 12 Cylinder Engine Gasoline Fuel,6-Speed A/T,White,White,None reported,Yes,81500,11.308370569092329,8.982309899088579
Nissan,350Z Enthusiast,2007,117000,Gasoline,306.0HP 3.5L V6 Cylinder Engine Gasoline Fuel,A/T,Silver,Black,At least 1 accident or damage reported,Yes,9975,9.207937487359873,11.669937760751914
Rivian,R1S Adventure Package,2023,159,Gasoline,533.0HP Electric Motor Electric Fuel System,A/T,White,Black,None reported,Yes,95500,11.466891997618188,5.075173815233827
McLaren,570S Base,2017,30200,Gasoline,562.0HP 3.8L 8 Cylinder Engine Gasoline Fuel,Transmission w/Dual Shift Mode,Orange,Black,None reported,Yes,139000,11.842236406331555,10.315630315397533
Nissan,Altima 2.5 SL,2012,91545,Gasoline,175.0HP 2.5L 4 Cylinder Engine Gasoline Fuel,CVT Transmission,Silver,Black,None reported,Yes,8999,9.104979856318357,11.424596857176535
Land Rover,Range Rover 5.0L Supercharged,2015,110000,E85 Flex Fuel,510.0HP 5.0L 8 Cylinder Engine Flex Fuel Capability,A/T,Black,–,At least 1 accident or damage reported,Yes,26499,10.184900011974314,11.608244735642321
BMW,X5 xDrive35i,2017,105100,Gasoline,300.0HP 3.0L Straight 6 Cylinder Engine Gasoline Fuel,8-Speed A/T,Gray,Black,At least 1 accident or damage reported,Yes,23300,10.056251557087757,11.562677071567636
INFINITI,QX56 Base,2012,110000,Gasoline,400.0HP 5.6L 8 Cylinder Engine Gasoline Fuel,Transmission w/Dual Shift Mode,White,Beige,None reported,Yes,15600,9.65509029374725,11.608244735642321
Ford,F-150 XLT,2019,81778,Gasoline,3.5L V6 24V PDI DOHC Twin Turbo,Automatic,Black,Medium Earth Gray,None reported,Yes,32769,10.39726874169286,11.311775765915282
Lexus,RX 450h Base,2010,168422,Hybrid,245.0HP 3.5L V6 Cylinder Engine Gas/Electric Hybrid,A/T,Black,Beige,At least 1 accident or damage reported,Yes,10900,9.296609807128359,12.034233951036668
Maserati,Ghibli S Q4 GranSport,2018,80500,Gasoline,424.0HP 3.0L V6 Cylinder Engine Gasoline Fuel,8-Speed A/T,Black,Black,None reported,Yes,34900,10.460270761075149,11.296024885689746
Volvo,XC90 T6 Momentum,2018,81200,Gasoline,316.0HP 2.0L 4 Cylinder Engine Gasoline Fuel,8-Speed A/T,Black,Black,At least 1 accident or damage reported,Yes,28825,10.269033036643048,11.304682841344873
Lamborghini,Huracan EVO Base,2020,6246,Gasoline,5.2L V10 40V GDI DOHC,7-Speed Automatic with Auto-Shift,Nero Noctis,Nero Ade,None reported,Yes,267950,12.498559406955591,8.73985662749357
Jeep,Wrangler Unlimited Rubicon,2017,20172,Gasoline,285.0HP 3.6L V6 Cylinder Engine Gasoline Fuel,Transmission w/Dual Shift Mode,Gray,Black,None reported,Yes,47500,10.768506042432708,9.912100355634351
Hummer,H2 Base,2005,145000,Gasoline,325.0HP 6.0L 8 Cylinder Engine Gasoline Fuel,4-Speed A/T,Green,Black,None reported,Yes,22500,10.021315031649332,11.884495917930655
Ford,Flex Limited,2009,162000,Gasoline,262.0HP 3.5L V6 Cylinder Engine Gasoline Fuel,6-Speed A/T,Gray,Black,At least 1 accident or damage reported,Yes,7500,8.922791623969637,11.995357787034976
Porsche,718 Cayman GT4,2020,13554,Gasoline,414.0HP 4.0L Flat 6 Cylinder Engine Gasoline Fuel,6-Speed M/T,Blue,Black,None reported,Yes,124995,11.736037015772427,9.514510761932765
Toyota,Camry XLE,2007,59700,Gasoline,268.0HP 3.5L V6 Cylinder Engine Gasoline Fuel,6-Speed A/T,Green,Gray,None reported,Yes,9500,9.15915233520675,10.997104049659168
Mercedes-Benz,A-Class A 220 4MATIC,2020,30930,Gasoline,2.0L I4 16V GDI DOHC Turbo,7-Speed Automatic with Auto-Shift,Midnight Black,Black,None reported,Yes,28900,10.27163147557801,10.339514196226636
BMW,335 i,2009,51983,Gasoline,300.0HP 3.0L Straight 6 Cylinder Engine Gasoline Fuel,6-Speed M/T,Gray,White,None reported,Yes,19999,9.903487552536127,10.858691257908882
Chevrolet,Camaro 2SS,2022,22000,Gasoline,455.0HP 6.2L 8 Cylinder Engine Gasoline Fuel,6-Speed M/T,Blue,Black,None reported,Yes,50000,10.819798284210286,9.99884318585288
Volkswagen,ID.4 Pro S,2023,16800,Gasoline,295.0HP Electric Motor Electric Fuel System,1-Speed A/T,Gray,Black,None reported,Yes,45000,10.714439990727769,9.729193687429403
Chevrolet,Silverado 2500 High Country,2022,16000,Diesel,445.0HP 6.6L 8 Cylinder Engine Diesel Fuel,A/T,Black,Black,At least 1 accident or damage reported,Yes,73995,11.21176631667128,9.680406499268875
Nissan,Altima 2.5 SV,2020,22295,Gasoline,2.5L I4 16V GDI DOHC,Automatic CVT,Scarlet Ember,Gray,None reported,Yes,23599,10.069001991013701,10.012162569161784
Bentley,Continental GT V8,2020,33000,Gasoline,542.0HP 4.0L 8 Cylinder Engine Gasoline Fuel,A/T,Beige,Beige,None reported,Yes,188500,12.146858590895919,10.404293143019792
Toyota,Sequoia Platinum,2023,1025,Hybrid,437.0HP 3.4L V6 Cylinder Engine Gas/Electric Hybrid,10-Speed A/T,Black,Black,None reported,Yes,85000,11.350418300109132,6.933423025730715
Acura,TL Technology,2013,89190,Gasoline,305.0HP 3.7L V6 Cylinder Engine Gasoline Fuel,6-Speed A/T,Gray,White,At least 1 accident or damage reported,Yes,15499,9.648595302907339,11.398535416616683
Toyota,Highlander Limited,2020,53550,Gasoline,3.5L V6 24V PDI DOHC,8-Speed Automatic,Blue,Gray,None reported,Yes,39687,10.588804153980885,10.888389749837856
Ford,Edge SEL,2021,56946,Gasoline,2.0L I4 16V GDI DOHC Turbo,8-Speed Automatic,Silver,Ebony,None reported,Yes,26299,10.177324218165856,10.949876289700272
Jaguar,F-TYPE R,2016,11684,Gasoline,550.0HP 5.0L 8 Cylinder Engine Gasoline Fuel,8-Speed A/T,Black,Black,None reported,Yes,54900,10.91328684226798,9.366061246972958
GMC,Yukon XL Denali,2018,45617,Gasoline,420.0HP 6.2L 8 Cylinder Engine Gasoline Fuel,A/T,White,Gray,None reported,Yes,51000,10.839600519357369,10.728057654456492
Chevrolet,Suburban LT,2018,75466,Gasoline,355.0HP 5.3L 8 Cylinder Engine Gasoline Fuel,6-Speed A/T,Gray,Black,None reported,Yes,34500,10.448743588106625,11.231450753594432
Maserati,Levante GTS,2021,19513,Gasoline,3.8L V8 32V GDI DOHC Twin Turbo,8-Speed Automatic,Black,Red / Black,At least 1 accident or damage reported,Yes,84645,11.346233133048466,9.878887435667895
Subaru,Outback Limited,2021,15636,Gasoline,2.5L H4 16V GDI DOHC,Automatic CVT,Crystal Black Silica,Black,None reported,Yes,33531,10.420255485757748,9.65739517984351
Mercedes-Benz,S-Class S 450,2018,69600,Gasoline,362.0HP 3.0L V6 Cylinder Engine Gasoline Fuel,9-Speed A/T,Black,Black,None reported,Yes,40888,10.61861635720246,11.150534214035387
Mercedes-Benz,GL-Class GL 450,2011,138050,Gasoline,335.0HP 4.7L 8 Cylinder Engine Gasoline Fuel,A/T,White,Beige,None reported,Yes,16500,9.711176264112805,11.835378461084328
Ford,F-250 Lariat,2017,132269,E85 Flex Fuel,385.0HP 6.2L 8 Cylinder Engine Flex Fuel Capability,A/T,Gray,Black,None reported,Yes,35900,10.488520429241627,11.792600567020093
Hyundai,Palisade Limited,2020,45815,Gasoline,291.0HP 3.8L V6 Cylinder Engine Gasoline Fuel,Transmission w/Dual Shift Mode,Silver,Black,None reported,Yes,37700,10.537441898283253,10.732388654073693
Ford,F-150 XLT,2021,25352,Gasoline,3.5L V6 24V PDI DOHC Twin Turbo,10-Speed Automatic,Gray,Black,None reported,Yes,48459,10.788493994370517,10.140652345212592
Mercedes-Benz,R-Class R 350 4MATIC,2008,120000,Gasoline,268.0HP 3.5L V6 Cylinder Engine Gasoline Fuel,7-Speed A/T,Silver,Black,None reported,Yes,8995,9.104535313079205,11.695255355062795
Chevrolet,Camaro 2SS,2018,75151,Gasoline,455.0HP 6.2L 8 Cylinder Engine Gasoline Fuel,6-Speed M/T,Gray,Black,At least 1 accident or damage reported,Yes,45000,10.714439990727769,11.227268008266776
Jeep,Wrangler Sport,2016,74139,Gasoline,285.0HP 3.6L V6 Cylinder Engine Gasoline Fuel,6-Speed M/T,Red,Black,None reported,Yes,23000,10.043292972227004,11.213710476704723
BMW,550 i xDrive,2012,68500,Gasoline,400.0HP 4.4L 8 Cylinder Engine Gasoline Fuel,Transmission w/Dual Shift Mode,Black,Black,None reported,Yes,17800,9.787009914477434,11.134603622683905
Lexus,GX 460 Luxury,2020,37366,Gasoline,4.6L V8 32V MPFI DOHC,6-Speed Automatic,White,–,None reported,Yes,51890,10.856900643712033,10.528543240958955
Tesla,Model S Long Range,2021,35315,Gasoline,670.0HP Electric Motor Electric Fuel System,1-Speed A/T,White,Black,None reported,Yes,66900,11.110969193687714,10.472091398021472
Volkswagen,Jetta 1.4T SE,2017,61000,Gasoline,150.0HP 1.4L 4 Cylinder Engine Gasoline Fuel,A/T,White,Black,None reported,Yes,15995,9.680093969966709,11.0186455364637
Jeep,Grand Cherokee Limited,2022,12050,Gasoline,3.6L V6 24V MPFI DOHC,8-Speed Automatic,Bright White Clearcoat,Global Black,None reported,Yes,41599,10.635855446249355,9.396902923027392
Jaguar,XK8 Base,2001,150000,Gasoline,290.0HP 4.0L 8 Cylinder Engine Gasoline Fuel,5-Speed A/T,Green,White,At least 1 accident or damage reported,Yes,9875,9.19786285046507,11.918397239722838
Porsche,Macan S,2016,46200,Gasoline,340.0HP 3.0L V6 Cylinder Engine Gasoline Fuel,Transmission w/Dual Shift Mode,Gray,Gray,At least 1 accident or damage reported,Yes,41500,10.633472802314019,10.740756721857226
Mercedes-Benz,E-Class E 350,2014,88000,Gasoline,302.0HP 3.5L V6 Cylinder Engine Gasoline Fuel,A/T,Silver,Black,None reported,Yes,15500,9.648659816955295,11.385103457032141
Mercedes-Benz,GL-Class GL 450 4MATIC,2015,47000,Gasoline,362.0HP 3.0L V6 Cylinder Engine Gasoline Fuel,7-Speed A/T,Silver,Black,None reported,Yes,30089,10.311948169624092,10.757924157061597
Land Rover,Range Rover 3.0L Supercharged HSE,2017,50340,Gasoline,380.0HP 3.0L V6 Cylinder Engine Gasoline Fuel,8-Speed A/T,White,Beige,At least 1 accident or damage reported,Yes,47000,10.757924157061597,10.826575133410556
Mercedes-Benz,E-Class E 350 4MATIC,2010,67800,Gasoline,268.0HP 3.5L V6 Cylinder Engine Gasoline Fuel,7-Speed A/T,Black,Black,None reported,Yes,13999,9.546812608597396,11.124332223082254
Dodge,Dakota Sport,2002,150000,Gasoline,175.0HP 3.9L V6 Cylinder Engine Gasoline Fuel,5-Speed M/T,Black,Gray,At least 1 accident or damage reported,Yes,5500,8.612685172875459,11.918397239722838
Chevrolet,Camaro ZL1,2018,13500,Gasoline,650.0HP 6.2L 8 Cylinder Engine Gasoline Fuel,6-Speed M/T,Black,Black,At least 1 accident or damage reported,Yes,54000,10.896757843893464,9.510519035757246
Hummer,H3 Base,2007,101750,Gasoline,242.0HP 3.7L 5 Cylinder Engine Gasoline Fuel,A/T,White,Black,None reported,Yes,12900,9.465060106725137,11.530283931266375
Honda,Odyssey EX-L,2022,18385,Gasoline,280.0HP 3.5L V6 Cylinder Engine Gasoline Fuel,10-Speed A/T,Red,Beige,None reported,Yes,37950,10.544051132937742,9.8193447844237
Nissan,350Z Touring,2008,123500,Gasoline,306.0HP 3.5L V6 Cylinder Engine Gasoline Fuel,5-Speed A/T,Gray,Beige,At least 1 accident or damage reported,Yes,13500,9.510519035757246,11.724004532183379
GMC,Savana 2500 Work Van,2017,117000,E85 Flex Fuel,342.0HP 6.0L 8 Cylinder Engine Flex Fuel Capability,6-Speed A/T,Silver,Silver,None reported,Yes,38000,10.545367754151743,11.669937760751914
Mercedes-Benz,E-Class E 350 4MATIC,2010,86121,Gasoline,268.0HP 3.5L V6 Cylinder Engine Gasoline Fuel,7-Speed A/T,Gray,Black,None reported,Yes,13600,9.517898598432753,11.363520174617836
Lexus,GX 460 Premium,2020,22466,Gasoline,301.0HP 4.6L 8 Cylinder Engine Gasoline Fuel,6-Speed A/T,White,Black,None reported,Yes,45900,10.734242182303689,10.019802844917477
Nissan,Titan XD SV,2017,80000,Gasoline,390.0HP 5.6L 8 Cylinder Engine Gasoline Fuel,7-Speed A/T,Silver,Black,None reported,Yes,23800,10.077482875583607,11.289794413577894
Chrysler,300 Touring,2020,23152,Gasoline,292.0HP 3.6L V6 Cylinder Engine Gasoline Fuel,8-Speed A/T,White,White,None reported,Yes,28250,10.248884134178173,10.049879640751199
Dodge,Charger R/T,2006,91300,Gasoline,350.0HP 5.7L 8 Cylinder Engine Gasoline Fuel,5-Speed A/T,Yellow,–,None reported,Yes,9200,9.127067452782361,11.421917019425596
Nissan,Pathfinder SL,2020,45000,Gasoline,284.0HP 3.5L V6 Cylinder Engine Gasoline Fuel,CVT Transmission,Black,Black,None reported,Yes,28999,10.275051108968611,10.714439990727769
Rivian,R1S Launch Edition,2023,1885,Gasoline,835.0HP Electric Motor Electric Fuel System,1-Speed A/T,Green,White,None reported,Yes,93500,11.445727410406752,7.542213463193403
Ford,Explorer Platinum,2018,73049,Gasoline,3.5L V6 24V GDI DOHC Twin Turbo,6-Speed Automatic,Gray,Ebony Black,At least 1 accident or damage reported,Yes,30510,10.32584255331256,11.198899417178845
Nissan,Titan SV,2021,7250,Gasoline,400.0HP 5.6L 8 Cylinder Engine Gasoline Fuel,9-Speed A/T,Black,Black,None reported,Yes,38000,10.545367754151743,8.888894669371593
Jaguar,E-PACE S,2019,44000,Gasoline,246.0HP 2.0L 4 Cylinder Engine Gasoline Fuel,A/T,Black,Black,None reported,Yes,29000,10.275085591132715,10.691967639914864
Ford,F-150 FX4,2014,85500,Gasoline,411.0HP 6.2L 8 Cylinder Engine Gasoline Fuel,Transmission w/Dual Shift Mode,Black,Black,None reported,Yes,26900,10.199918739620157,11.356283350762888
GMC,Acadia Denali,2021,18083,Gasoline,3.6L V6 24V GDI DOHC,9-Speed Automatic,Ebony Twilight Metallic,Jet Black,None reported,Yes,43999,10.691944912900398,9.802782848414497
Lamborghini,Murcielago Base,2005,22703,Gasoline,571.0HP 6.2L 12 Cylinder Engine Gasoline Fuel,M/T,Black,Black,None reported,Yes,220000,12.301387370778713,10.030296399399823
Chevrolet,Camaro 1LT,2011,111000,Gasoline,312.0HP 3.6L V6 Cylinder Engine Gasoline Fuel,A/T,Blue,Black,None reported,Yes,10900,9.296609807128359,11.6172944892629
GMC,Acadia SLT-2,2013,115000,Gasoline,288.0HP 3.6L V6 Cylinder Engine Gasoline Fuel,6-Speed A/T,White,Brown,None reported,Yes,14000,9.546884034617925,11.652696102959753
Chevrolet,Malibu Premier,2021,33400,Gasoline,250.0HP 2.0L 4 Cylinder Engine Gasoline Fuel,A/T,White,Black,None reported,Yes,28000,10.239995502805316,10.416341118636355
Toyota,Sequoia SR5,2007,136000,Gasoline,273.0HP 4.7L 8 Cylinder Engine Gasoline Fuel,A/T,Black,Beige,None reported,Yes,12500,9.433563920090563,11.820417517632333
Lexus,IS 350 F Sport,2021,26800,Gasoline,311.0HP 3.5L V6 Cylinder Engine Gasoline Fuel,8-Speed A/T,Black,Red,None reported,Yes,44000,10.691967639914864,10.196194479235656
Tesla,Model Y Performance,2022,30000,Gasoline,455.0HP Electric Motor Electric Fuel System,A/T,White,White,None reported,Yes,51999,10.858998997563564,10.308985993422082
Dodge,Challenger SRT8,2008,251634,Gasoline,425.0HP 6.1L 8 Cylinder Engine Gasoline Fuel,A/T,Silver,Black,None reported,Yes,10500,9.259225769705994,12.435734903831499
Chrysler,300 Touring,2005,119000,Gasoline,250.0HP 3.5L V6 Cylinder Engine Gasoline Fuel,A/T,Blue,Beige,None reported,Yes,3500,8.160803920954665,11.686887175419702
Cadillac,Escalade Sport Platinum,2021,28121,Gasoline,6.2L V8 16V GDI OHV,10-Speed Automatic,Black Raven,Jet Black,None reported,Yes,89000,11.39640288460621,10.244307467150762
Chrysler,Town & Country Touring,2009,111000,Gasoline,197.0HP 3.8L V6 Cylinder Engine Gasoline Fuel,A/T,Blue,Gray,None reported,Yes,7900,8.974744612722734,11.6172944892629
Mazda,CX-5 Touring,2016,116500,Gasoline,2.5L I4 16V GDI DOHC,6-Speed Automatic,Blue Reflex Mica,Black,None reported,Yes,14311,9.568853625188556,11.665655135642039
Acura,TL 3.2,2005,199296,Gasoline,270.0HP 3.2L V6 Cylinder Engine Gasoline Fuel,A/T,Black,Gray,None reported,Yes,4900,8.497194544909547,12.202551453403197
Chevrolet,Corvette Z06 w/2LZ,2023,202,Gasoline,670.0HP 5.5L 8 Cylinder Engine Gasoline Fuel,Transmission w/Dual Shift Mode,White,Red,None reported,Yes,179000,12.095146671399466,5.313205979041787
Tesla,Model Y Performance,2021,11200,Gasoline,455.0HP Electric Motor Electric Fuel System,1-Speed A/T,White,Black,None reported,Yes,47500,10.768506042432708,9.32375833901174
Volvo,XC40 T5 Momentum,2020,56536,Gasoline,2.0L I4 16V GDI DOHC Turbo,8-Speed Automatic,White,Charcoal,None reported,Yes,26599,10.188666494769791,10.942650570059175
Chevrolet,Camaro 2SS,2016,49600,Gasoline,455.0HP 6.2L 8 Cylinder Engine Gasoline Fuel,8-Speed A/T,Blue,Black,None reported,Yes,32500,10.389026137075234,10.811766273800105
Acura,TLX Type S PMC Edition,2023,13600,Gasoline,355.0HP 3.0L V6 Cylinder Engine Gasoline Fuel,10-Speed A/T,Blue,White,None reported,Yes,65000,11.082157933374816,9.517898598432753
Volkswagen,Eos 2.0T,2007,59700,Gasoline,200.0HP 2.0L 4 Cylinder Engine Gasoline Fuel,6-Speed A/T,Blue,White,None reported,Yes,10000,9.210440366976517,10.997104049659168
Dodge,Charger R/T Scat Pack,2018,19000,Gasoline,485.0HP 6.4L 8 Cylinder Engine Gasoline Fuel,Transmission w/Dual Shift Mode,Purple,Gray,None reported,Yes,44888,10.71194805485153,9.852246888342531
Chevrolet,Corvette Z06,2002,17300,Gasoline,405.0HP 5.7L 8 Cylinder Engine Gasoline Fuel,6-Speed M/T,Black,Black,None reported,Yes,33999,10.4341158035983,9.758519582283522
Mercedes-Benz,CLA-Class CLA 250,2014,91140,Gasoline,208.0HP 2.0L 4 Cylinder Engine Gasoline Fuel,7-Speed A/T,Gray,Black,None reported,Yes,13500,9.510519035757246,11.420163036888468
BMW,M5 Base,2015,33000,Gasoline,560.0HP 4.4L 8 Cylinder Engine Gasoline Fuel,7-Speed A/T,Gray,Black,None reported,Yes,65000,11.082157933374816,10.404293143019792
Jeep,Wrangler Unlimited Sport,2019,52775,Gasoline,285.0HP 3.6L V6 Cylinder Engine Gasoline Fuel,8-Speed A/T,Gray,Black,None reported,Yes,39799,10.59162219127253,10.873811820902707
Mitsubishi,Lancer Sportback ES,2011,113000,Gasoline,148.0HP 2.0L 4 Cylinder Engine Gasoline Fuel,5-Speed M/T,White,Black,None reported,Yes,5800,8.665785595466064,11.635151947212842
Porsche,Macan Base,2022,13000,Gasoline,261.0HP 2.0L 4 Cylinder Engine Gasoline Fuel,A/T,Black,Beige,None reported,Yes,60000,11.002116507732017,9.472781556562168
Mercedes-Benz,CLK-Class CLK 350,2009,77925,Gasoline,268.0HP 3.5L V6 Cylinder Engine Gasoline Fuel,Transmission w/Dual Shift Mode,Silver,Black,None reported,Yes,16500,9.711176264112805,11.263514937405299
Dodge,Challenger SRT8,2011,106500,Gasoline,–,5-Speed A/T,White,White,At least 1 accident or damage reported,Yes,22500,10.021315031649332,11.575909653758895
Mazda,Mazda3 Grand Touring,2018,15175,Gasoline,2.5L I4 16V GDI DOHC,6-Speed Automatic,Snowflake White Pearl Metallic,Parchment,At least 1 accident or damage reported,Unknown,19212,9.8633424122317,9.62747051161485
Audi,A3 2.0T Premium,2017,137000,Gasoline,186.0HP 2.0L 4 Cylinder Engine Gasoline Fuel,7-Speed A/T,White,Gray,None reported,Yes,10995,9.305286849285137,11.827743504053695
BMW,528 i,2015,111000,Gasoline,240.0HP 2.0L 4 Cylinder Engine Gasoline Fuel,8-Speed A/T,Gray,–,At least 1 accident or damage reported,Yes,15000,9.61587214452889,11.6172944892629
Land Rover,Range Rover 3.0L V6 Supercharged HSE,2019,49208,Gasoline,380.0HP 3.0L V6 Cylinder Engine Gasoline Fuel,Transmission w/Dual Shift Mode,Black,Black,None reported,Yes,62425,11.041737134242736,10.803831812580595
Audi,S5 3.0T Prestige,2018,44000,Gasoline,354.0HP 3.0L V6 Cylinder Engine Gasoline Fuel,8-Speed A/T,Gray,Black,None reported,Yes,39000,10.571342565808699,10.691967639914864
Porsche,718 Boxster Base,2017,26000,Gasoline,300.0HP 2.0L 4 Cylinder Engine Gasoline Fuel,A/T,Gray,Black,None reported,Yes,45500,10.725489582719506,10.165890277802454
Chevrolet,Corvette Stingray w/2LT,2020,1800,Gasoline,490.0HP 6.2L 8 Cylinder Engine Gasoline Fuel,8-Speed A/T,Blue,Black,None reported,Yes,76000,11.23850177707664,7.496097345175956
Lamborghini,Urus Pearl Capsule,2021,3771,Gasoline,"4L V-8 gasoline direct injection, DOHC, variable valve control,",Automatic,Grigio Nimbus,Bianco Polar,None reported,Yes,259991,12.468406140293514,8.235360643753348
Maserati,Quattroporte S,2012,50000,Gasoline,425.0HP 4.7L 8 Cylinder Engine Gasoline Fuel,6-Speed A/T,White,Black,None reported,Yes,26497,10.184824537428069,10.819798284210286
Subaru,Impreza 2.0i,2018,93000,Gasoline,152.0HP 2.0L 4 Cylinder Engine Gasoline Fuel,CVT Transmission,Silver,Black,At least 1 accident or damage reported,Yes,16000,9.680406499268875,11.440365524765756
Mercedes-Benz,AMG GT C,2020,15000,Gasoline,550.0HP 4.0L 8 Cylinder Engine Gasoline Fuel,7-Speed A/T,Gray,Black,None reported,Yes,129000,11.767575435251748,9.61587214452889
Mazda,Mazda6 i Touring,2016,119500,Gasoline,184.0HP 2.5L 4 Cylinder Engine Gasoline Fuel,Transmission w/Dual Shift Mode,Silver,Black,None reported,Yes,15000,9.61587214452889,11.691080018519527
Porsche,Macan S,2016,50000,Gasoline,340.0HP 3.0L V6 Cylinder Engine Gasoline Fuel,7-Speed A/T,Blue,Red,None reported,Yes,36000,10.491301994830229,10.819798284210286
Porsche,Panamera 4,2011,85000,Gasoline,300.0HP 3.6L V6 Cylinder Engine Gasoline Fuel,A/T,Gray,Beige,None reported,Yes,21500,9.975854724662028,11.350418300109132
Genesis,G70 3.3T Advanced,2019,48000,Gasoline,365.0HP 3.3L V6 Cylinder Engine Gasoline Fuel,8-Speed A/T,Black,Black,None reported,Yes,29999,10.308952660644293,10.778977123006351
Jeep,Wrangler Sport,2021,11756,Gasoline,"2L I-4 gasoline direct injection, DOHC, intercooled turbo, engin",Automatic,Granite Crystal Metallic Clearcoat,Black,At least 1 accident or damage reported,Unknown,33400,10.416341118636355,9.372204086867741
Audi,Q5 2.0T Premium Plus,2018,50400,Gasoline,252.0HP 2.0L 4 Cylinder Engine Gasoline Fuel,Transmission w/Dual Shift Mode,White,Beige,None reported,Yes,28500,10.25769445336048,10.827766295132466
BMW,335 i xDrive,2012,153600,Gasoline,300.0HP 3.0L Straight 6 Cylinder Engine Gasoline Fuel,6-Speed M/T,Black,Black,None reported,Yes,17500,9.770013301136158,11.942113610091182
Land Rover,Range Rover P530 SE,2023,1869,Gasoline,4.4L V8 32V GDI DOHC Twin Turbo,Automatic,Eiger Grey,Deep Garnet,None reported,Yes,164725,12.012038766487528,7.533693709848633
Dodge,Durango SRT 392,2022,31917,Gasoline,475.0HP 6.4L 8 Cylinder Engine Gasoline Fuel,8-Speed A/T,Gray,Black,None reported,Yes,64683,11.077269154697834,10.370925392959132
BMW,M3 Base,2016,56235,Gasoline,425.0HP 3.0L Straight 6 Cylinder Engine Gasoline Fuel,6-Speed M/T,Orange,Orange,None reported,Yes,50500,10.829748417047593,10.937312400199797
Ford,Fiesta ST,2019,28724,Gasoline,197.0HP 1.6L 4 Cylinder Engine Gasoline Fuel,6-Speed M/T,Gray,Black,At least 1 accident or damage reported,Yes,18300,9.814710982145282,10.265523102716957
Lincoln,MKS Base,2015,124400,Gasoline,305.0HP 3.7L V6 Cylinder Engine Gasoline Fuel,6-Speed A/T,White,Black,At least 1 accident or damage reported,Yes,9500,9.15915233520675,11.731265497840116
Chevrolet,Tahoe Premier,2020,137000,Gasoline,355.0HP 5.3L 8 Cylinder Engine Gasoline Fuel,6-Speed A/T,Black,Black,None reported,Yes,46000,10.736418414365376,11.827743504053695
Ferrari,F430 Berlinetta,2005,38686,Gasoline,483.0HP 4.3L 8 Cylinder Engine Gasoline Fuel,Transmission w/Dual Shift Mode,White,Red,None reported,Yes,99999,11.512925464970229,10.563258905272352
Ford,F-250 Platinum,2022,6600,Gasoline,430.0HP 7.3L 8 Cylinder Engine Gasoline Fuel,10-Speed A/T,Blue,Black,At least 1 accident or damage reported,Yes,72900,11.196857635323791,8.79497643168877
Mercedes-Benz,SLK-Class SLK280 Roadster,2007,67200,Gasoline,228.0HP 3.0L V6 Cylinder Engine Gasoline Fuel,A/T,Silver,Black,None reported,Yes,11500,9.350189267092581,11.1154434073529
Porsche,Macan,2021,16554,Gasoline,2.0 Liter,Automatic,White,Beige,None reported,Yes,51698,10.853193717949686,9.714443449981347
BMW,X5 PHEV xDrive45e,2023,15736,Plug-In Hybrid,389.0HP 3.0L Straight 6 Cylinder Engine Plug-In Electric/Gas,8-Speed A/T,Blue,Brown,None reported,Yes,67900,11.125806040978839,9.663769906600864
Mercedes-Benz,E-Class E500,2005,153460,Gasoline,302.0HP 5.0L 8 Cylinder Engine Gasoline Fuel,A/T,Gold,Gold,At least 1 accident or damage reported,Yes,5800,8.665785595466064,11.941201742066479
Acura,TL 3.7,2012,70000,Gasoline,305.0HP 3.7L V6 Cylinder Engine Gasoline Fuel,A/T,Black,Black,At least 1 accident or damage reported,Yes,15051,9.619266151713328,11.156264806643742
Hyundai,Equus Signature,2011,143898,Gasoline,378.0HP 4.6L 8 Cylinder Engine Gasoline Fuel,6-Speed A/T,Gray,Brown,None reported,Yes,9950,9.205428327615163,11.876866943580985
Mercedes-Benz,SL-Class SL500 Roadster,2003,26190,Gasoline,302.0HP 5.0L 8 Cylinder Engine Gasoline Fuel,A/T,Gold,Beige,None reported,Yes,22000,9.99884318585288,10.173171119285234
Toyota,Land Cruiser Base,2000,209193,Gasoline,230.0HP 4.7L 8 Cylinder Engine Gasoline Fuel,A/T,Black,Beige,None reported,Yes,15900,9.674137279312397,12.25101733007327
RAM,2500 Big Horn,2018,27839,Gasoline,6.4L V8 16V MPFI OHV,6-Speed Automatic,Granite Crystal Clearcoat Metallic,Diesel Gray / Black,None reported,Yes,41688,10.637992584019639,10.234229114448356
Chevrolet,Silverado 2500 WT,2018,141195,E85 Flex Fuel,6.0L V8 16V MPFI OHV Flexible Fuel,6-Speed Automatic,Summit White,Dark Ash,None reported,Yes,28499,10.257659366256743,11.857904275028117
Porsche,Macan S,2022,20250,Gasoline,375.0HP 2.9L V6 Cylinder Engine Gasoline Fuel,7-Speed A/T,White,Beige,None reported,Yes,68500,11.134603622683905,9.915959454031448
Jeep,Grand Cherokee L Limited,2022,18333,Gasoline,3.6L V6 24V MPFI DOHC,8-Speed Automatic,Velvet Red Pearlcoat,Global Black,None reported,Yes,41599,10.635855446249355,9.816512538521721
Mercedes-Benz,E-Class E 350,2014,35000,Gasoline,302.0HP 3.5L V6 Cylinder Engine Gasoline Fuel,7-Speed A/T,Red,Beige,None reported,Yes,29998,10.308919326755392,10.463131911491967
Dodge,Magnum Base,2006,133255,Gasoline,250.0HP 3.5L V6 Cylinder Engine Gasoline Fuel,A/T,Silver,Gray,None reported,Yes,4000,8.294299608857235,11.800027369156943
Porsche,Macan Turbo,2021,14526,Gasoline,2.9 Liter Turbo,Automatic,Black,–,None reported,Yes,79998,11.289769413577893,9.583764265872883
Mercedes-Benz,E-Class E 550,2014,43690,Gasoline,402.0HP 4.7L 8 Cylinder Engine Gasoline Fuel,A/T,Black,Black,None reported,Yes,23500,10.064798252418377,10.684897410216388
Porsche,Macan S,2020,29136,Gasoline,3.0 Liter Turbo,Automatic,White,Red,None reported,Yes,58598,10.978472910573082,10.279764123179618
Cadillac,XT5 Luxury,2017,72060,Gasoline,3.6L V6 24V GDI DOHC,8-Speed Automatic,Stellar Black Metallic,Shara Beige,None reported,Yes,24590,10.11013580132114,11.185268261530247
Toyota,Tundra Platinum,2023,8800,Gasoline,389.0HP 3.4L V6 Cylinder Engine Gasoline Fuel,A/T,Silver,Black,None reported,Yes,68500,11.134603622683905,9.082620630373812
Nissan,Versa 1.6 SL,2015,85768,Gasoline,109.0HP 1.6L 4 Cylinder Engine Gasoline Fuel,CVT Transmission,White,Black,At least 1 accident or damage reported,Yes,8250,9.018089684104343,11.35941291482824
Mercedes-Benz,AMG GT 53 Base,2022,2235,Hybrid,429.0HP 3.0L Straight 6 Cylinder Engine Gasoline/Mild Electric Hybrid,Transmission w/Dual Shift Mode,Gray,Red,None reported,Yes,110000,11.608244735642321,7.71244383427499
Buick,Enclave Avenir,2019,121521,Gasoline,3.6L V6 24V GDI DOHC,9-Speed Automatic,Dark Slate Metallic,Ebony / Ebony Accents,None reported,Yes,26772,10.195149195980738,11.707850595330402
Porsche,911 GT3,2015,23700,Gasoline,475.0HP 3.8L Flat 6 Cylinder Engine Gasoline Fuel,Transmission w/Dual Shift Mode,Black,Black,None reported,Yes,144940,11.884082042046122,10.073272520325904
BMW,328 i,2013,124000,Gasoline,230.0HP 3.0L Straight 6 Cylinder Engine Gasoline Fuel,A/T,White,Beige,None reported,Yes,11900,9.38437770918244,11.728044909070785
Acura,ILX Premium Package,2018,32260,Gasoline,201.0HP 2.4L 4 Cylinder Engine Gasoline Fuel,A/T,Black,Black,None reported,Yes,20999,9.95227771670556,10.381614349338879
Lexus,GX 460 Base,2015,92000,Gasoline,301.0HP 4.6L 8 Cylinder Engine Gasoline Fuel,6-Speed A/T,Black,Black,None reported,Yes,28000,10.239995502805316,11.429554725537322
Toyota,Land Cruiser Base,2010,269885,Gasoline,381.0HP 5.7L 8 Cylinder Engine Gasoline Fuel,6-Speed A/T,Black,Beige,At least 1 accident or damage reported,Yes,22500,10.021315031649332,12.505754926597389
Chevrolet,Corvette Base,2008,51855,Gasoline,430.0HP 6.2L 8 Cylinder Engine Gasoline Fuel,6-Speed A/T,Red,Red,None reported,Yes,35900,10.488520429241627,10.85622592538133
Mazda,Mazda6 i Touring,2015,124000,Gasoline,184.0HP 2.5L 4 Cylinder Engine Gasoline Fuel,6-Speed M/T,White,Beige,At least 1 accident or damage reported,Yes,12900,9.465060106725137,11.728044909070785
Jaguar,F-TYPE R,2015,26000,Gasoline,550.0HP 5.0L 8 Cylinder Engine Gasoline Fuel,8-Speed A/T,Blue,Red,None reported,Yes,52500,10.868587496017359,10.165890277802454
Audi,A3 2.0T Premium,2018,36500,Gasoline,220.0HP 2.0L 4 Cylinder Engine Gasoline Fuel,6-Speed A/T,Gray,Silver,At least 1 accident or damage reported,Yes,25500,10.146472946063877,10.505094936455558
Chevrolet,Camaro 2SS,2022,1400,Gasoline,455.0HP 6.2L 8 Cylinder Engine Gasoline Fuel,10-Speed A/T,Black,Black,None reported,Yes,54900,10.91328684226798,7.244941546337007
Jeep,Wrangler Unlimited Sport S,2018,17000,Gasoline,285.0HP 3.6L V6 Cylinder Engine Gasoline Fuel,A/T,Black,Black,None reported,Yes,38500,10.55843949396453,9.741027444837728
Honda,Civic Sport,2021,42750,Gasoline,1.5L I4 16V GDI DOHC Turbo,Automatic CVT,Black,Black,None reported,Yes,25698,10.154207359620441,10.663147865904188
Porsche,Cayman Base,2011,67998,Gasoline,265.0HP 2.9L Flat 6 Cylinder Engine Gasoline Fuel,6-Speed M/T,White,Beige,None reported,Yes,30000,10.308985993422082,11.127248278167759
Ford,Mustang GT,2008,64500,Gasoline,300.0HP 4.6L 8 Cylinder Engine Gasoline Fuel,5-Speed M/T,Black,Red,At least 1 accident or damage reported,Yes,16000,9.680406499268875,11.07443600653965
Toyota,FJ Cruiser Base,2007,102000,Gasoline,239.0HP 4.0L V6 Cylinder Engine Gasoline Fuel,6-Speed M/T,Blue,Black,None reported,Yes,24900,10.122663242288953,11.532737896139919
Land Rover,Discovery SE,2004,145000,Gasoline,217.0HP 4.6L 8 Cylinder Engine Gasoline Fuel,A/T,Green,Beige,None reported,Yes,15500,9.648659816955295,11.884495917930655
Porsche,718 Boxster S,2018,50000,Gasoline,350.0HP 2.5L 4 Cylinder Engine Gasoline Fuel,A/T,Blue,Black,At least 1 accident or damage reported,Yes,55000,10.915106645867503,10.819798284210286
Chevrolet,Corvette Base,2004,37622,Gasoline,350.0HP 5.7L 8 Cylinder Engine Gasoline Fuel,A/T,Blue,Beige,None reported,Yes,25500,10.146472946063877,10.53537084449216
Toyota,Avalon Limited,2006,89987,Gasoline,268.0HP 3.5L V6 Cylinder Engine Gasoline Fuel,5-Speed A/T,Green,Beige,None reported,Yes,9499,9.159047077588632,11.40743160708939
INFINITI,QX80 Base,2015,136390,Gasoline,5.6L V8 32V GDI DOHC,7-Speed Automatic,Black Obsidian,Black,None reported,Yes,20470,9.926764529440621,11.823281039809872
Chevrolet,Camaro 2SS,2015,27000,Gasoline,426.0HP 6.2L 8 Cylinder Engine Gasoline Fuel,Transmission w/Dual Shift Mode,Black,Beige,None reported,Yes,33000,10.404293143019792,10.203629181337648
Jeep,Liberty Renegade,2004,144770,Gasoline,210.0HP 3.7L V6 Cylinder Engine Gasoline Fuel,4-Speed A/T,Beige,Beige,At least 1 accident or damage reported,Yes,6500,8.77971129020447,11.882908462632694
Toyota,4Runner Trail,2011,157000,Gasoline,270.0HP 4.0L V6 Cylinder Engine Gasoline Fuel,Transmission w/Dual Shift Mode,Black,Beige,None reported,Yes,23500,10.064798252418377,11.964007453736912
BMW,328 i xDrive,2010,132000,Gasoline,230.0HP 3.0L Straight 6 Cylinder Engine Gasoline Fuel,Transmission w/Dual Shift Mode,Silver,Black,At least 1 accident or damage reported,Yes,8500,9.04793908261736,11.790564777297387
Ford,Excursion Limited Ultimate,2002,137000,Diesel,250.0HP 7.3L 8 Cylinder Engine Diesel Fuel,4-Speed A/T,Gold,Gold,None reported,Yes,15000,9.61587214452889,11.827743504053695
Lexus,IS 300 Base,2018,50992,Gasoline,260.0HP 3.5L V6 Cylinder Engine Gasoline Fuel,A/T,White,Gray,At least 1 accident or damage reported,Yes,28000,10.239995502805316,10.839443647384186
Cadillac,CTS Performance,2010,105760,Gasoline,270.0HP 3.0L V6 Cylinder Engine Gasoline Fuel,6-Speed A/T,Black,Black,None reported,Yes,12900,9.465060106725137,11.568937110411461
Lexus,LC 500 Base,2018,29800,Gasoline,471.0HP 5.0L 8 Cylinder Engine Gasoline Fuel,10-Speed A/T,Black,Black,None reported,Yes,68495,11.134530628384727,10.30229722897745
BMW,540 i xDrive,2019,21000,Gasoline,335.0HP 3.0L Straight 6 Cylinder Engine Gasoline Fuel,Transmission w/Dual Shift Mode,Blue,Black,At least 1 accident or damage reported,Yes,42000,10.645448706505872,9.952325334619427
Hummer,H2 Base,2006,169900,Gasoline,325.0HP 6.0L 8 Cylinder Engine Gasoline Fuel,A/T,Orange,Black,At least 1 accident or damage reported,Yes,16900,9.735128070758227,12.042971193457888
Volvo,XC90 3.2,2008,196000,Gasoline,235.0HP 3.2L Straight 6 Cylinder Engine Gasoline Fuel,A/T,Black,Beige,None reported,Yes,6499,8.779557455883728,12.185875040240456
Jeep,Wrangler Unlimited Sahara,2009,180036,Gasoline,202.0HP 3.8L V6 Cylinder Engine Gasoline Fuel,A/T,Black,Black,At least 1 accident or damage reported,Yes,9100,9.116139576577355,12.100917664304255
Land Rover,Discovery HSE LUXURY,2017,57918,Gasoline,340.0HP 3.0L V6 Cylinder Engine Gasoline Fuel,Transmission w/Dual Shift Mode,Gray,Gray,None reported,Yes,33500,10.419330568113901,10.966800761717183
BMW,340 i,2017,98600,Gasoline,320.0HP 3.0L Straight 6 Cylinder Engine Gasoline Fuel,8-Speed A/T,Silver,Black,None reported,Yes,26500,10.184937747111391,11.498836682527127
Ford,F-250 Lariat,2018,120000,Diesel,450.0HP 6.7L 8 Cylinder Engine Diesel Fuel,6-Speed A/T,Silver,Black,At least 1 accident or damage reported,Yes,55000,10.915106645867503,11.695255355062795
BMW,M3 Competition,2022,14269,Gasoline,503.0HP 3.0L Straight 6 Cylinder Engine Gasoline Fuel,8-Speed A/T,Gray,Orange,None reported,Yes,80000,11.289794413577894,9.565914710470881
Lexus,LC 500 Base,2022,6875,Gasoline,471.0HP 5.0L 8 Cylinder Engine Gasoline Fuel,A/T,White,Black,None reported,Yes,89000,11.39640288460621,8.83579236650274
Honda,CR-V Touring,2019,55100,Gasoline,1.5L I4 16V GDI DOHC Turbo,Automatic CVT,White,Gray,None reported,Yes,28324,10.251500085896208,10.916923143796645
Porsche,Panamera S,2012,49000,Gasoline,400.0HP 4.8L 8 Cylinder Engine Gasoline Fuel,7-Speed A/T,White,Black,None reported,Yes,41500,10.633472802314019,10.799595985047786
BMW,750 i,2009,74600,Gasoline,400.0HP 4.4L 8 Cylinder Engine Gasoline Fuel,A/T,White,Brown,None reported,Yes,15000,9.61587214452889,11.219909190927746
Audi,A7 3.0T Premium,2019,45900,Hybrid,335.0HP 3.0L V6 Cylinder Engine Gasoline/Mild Electric Hybrid,Transmission w/Dual Shift Mode,Black,Black,At least 1 accident or damage reported,Yes,41500,10.633472802314019,10.734242182303689
Chrysler,200 Limited,2015,95271,E85 Flex Fuel,184.0HP 2.4L 4 Cylinder Engine Flex Fuel Capability,A/T,Black,Black,None reported,Yes,12468,9.431000842996585,11.464491237447831
Ford,F-150 XL,2021,88883,Gasoline,2.7L V6 24V PDI DOHC Twin Turbo,10-Speed Automatic,Agate Black Metallic,Black,None reported,Yes,33172,10.409491571022901,11.39508742780129
Dodge,Grand Caravan R/T,2013,43000,E85 Flex Fuel,283.0HP 3.6L V6 Cylinder Engine Flex Fuel Capability,6-Speed A/T,Red,Black,None reported,Yes,35000,10.463131911491967,10.668978650219241
Ford,Focus SE,2018,33700,E85 Flex Fuel,160.0HP 2.0L 4 Cylinder Engine Flex Fuel Capability,A/T,Gray,Black,At least 1 accident or damage reported,Yes,12000,9.392745258631441,10.425282789490705
RAM,2500 Big Horn,2016,95115,Diesel,6.7L I6 24V DDI OHV Turbo Diesel,6-Speed Automatic,Bright White Clearcoat,Diesel Gray / Black,None reported,Yes,43640,10.683752354441571,11.462852478335789
Lotus,Elise Base,2005,25250,Gasoline,190.0HP 1.8L 4 Cylinder Engine Gasoline Fuel,M/T,Red,Black,None reported,Yes,44000,10.691967639914864,10.136621037879685
Chevrolet,Corvette Base,2007,20200,Gasoline,400.0HP 6.0L 8 Cylinder Engine Gasoline Fuel,6-Speed A/T,Red,Red,None reported,Yes,27500,10.221977646629885,9.913487387114461
Audi,allroad 2.0T Prestige,2013,104457,Gasoline,211.0HP 2.0L 4 Cylinder Engine Gasoline Fuel,8-Speed A/T,Silver,Black,None reported,Yes,17900,9.792611856190192,11.556540355722376
McLaren,570S Spider,2018,8984,Gasoline,3.8L V8 32V MPFI DOHC Twin Turbo,7-Speed Automatic with Auto-Shift,Vega Blue,Black,None reported,Yes,171900,12.05467400868968,9.103311799217659
Chevrolet,Express 2500 Work Van,2017,76000,Gasoline,285.0HP 4.8L 8 Cylinder Engine Gasoline Fuel,A/T,Silver,–,None reported,Yes,41400,10.63106031411106,11.23850177707664
Chevrolet,Traverse High Country,2020,56247,Gasoline,3.6L V6 24V GDI DOHC,9-Speed Automatic,Stone Gray Metallic,Jet Black,None reported,Yes,39244,10.577579326560913,10.937525763878996
Acura,ILX Technology Plus Package,2016,61000,Gasoline,201.0HP 2.4L 4 Cylinder Engine Gasoline Fuel,A/T,Black,Black,At least 1 accident or damage reported,Yes,21000,9.952325334619427,11.0186455364637
Chevrolet,Camaro 1LT,2019,9111,Gasoline,3.6L V6 GDI DOHC,8-Speed Automatic,Summit White,Jet Black,None reported,Yes,27599,10.225571051705241,9.117347505127018
Lexus,ES 350 Base,2015,100900,Gasoline,3.5 Liter,Automatic,Matador Red Mica,Parchment,None reported,Yes,21998,9.998752276761909,11.521895117095363
Ford,F-150 XLT,2021,24207,Gasoline,2.7L V6 24V PDI DOHC Twin Turbo,10-Speed Automatic,Black,–,None reported,Yes,43430,10.678928750822154,10.094438436028137
Tesla,Model Y Long Range,2022,9411,Gasoline,Dual Motor - Standard,Automatic,Silver,Black,None reported,Yes,47998,10.778935456339678,9.149740749847252
Chevrolet,Corvette Z06,2006,21000,Gasoline,505.0HP 7.0L 8 Cylinder Engine Gasoline Fuel,6-Speed M/T,Silver,Black,None reported,Yes,47500,10.768506042432708,9.952325334619427
Cadillac,CTS 3.6L Premium Luxury,2019,136150,Gasoline,335.0HP 3.6L V6 Cylinder Engine Gasoline Fuel,Transmission w/Dual Shift Mode,Silver,Black,At least 1 accident or damage reported,Yes,22500,10.021315031649332,11.821519842915182
BMW,M3 Base,2009,78414,Gasoline,420.0HP 4.0L 8 Cylinder Engine Gasoline Fuel,7-Speed A/T,Silver,Gray,At least 1 accident or damage reported,Yes,28750,10.266427828229292,11.269770514568526
Mazda,Mazda3 FWD w/Preferred Package,2019,60800,Gasoline,186.0HP 2.5L 4 Cylinder Engine Gasoline Fuel,6-Speed A/T,Red,Beige,None reported,Yes,19900,9.898525260706313,11.015361515187424
Ford,Maverick XLT,2022,16400,Hybrid,191.0HP 2.5L 4 Cylinder Engine Gas/Electric Hybrid,CVT Transmission,Gray,Gray,None reported,Yes,34000,10.434145214930487,9.70509758756311
Toyota,Highlander Hybrid Limited,2018,62200,Hybrid,306.0HP 3.5L V6 Cylinder Engine Gas/Electric Hybrid,CVT Transmission,Brown,Beige,None reported,Yes,35707,10.483130032299252,11.038126355768453
BMW,X6 xDrive40i,2021,72903,Hybrid,3.0 Liter Turbo,SCHEDULED FOR OR IN PRODUCTION,Black Sapphire Metallic,Black,At least 1 accident or damage reported,Unknown,53998,10.896720806856424,11.196898786175963
Lincoln,Town Car Signature,2003,142215,Gasoline,239.0HP 4.6L 8 Cylinder Engine Gasoline Fuel,4-Speed A/T,Gray,Beige,None reported,Yes,5000,8.517393171418904,11.865102307602521
Mercedes-Benz,SL-Class SL550 Roadster,2007,150000,Gasoline,382.0HP 5.5L 8 Cylinder Engine Gasoline Fuel,A/T,Black,Black,None reported,Yes,8000,8.987321812850125,11.918397239722838
Chevrolet,Suburban 1500 LT,2015,167500,Gasoline,355.0HP 5.3L 8 Cylinder Engine Gasoline Fuel,6-Speed A/T,Silver,Black,None reported,Yes,18000,9.798182590890704,12.02874460037869
Ford,Fusion SE,2016,110450,Gasoline,231.0HP 2.0L 4 Cylinder Engine Gasoline Fuel,6-Speed A/T,Silver,Brown,None reported,Yes,11000,9.305741456739435,11.612327262677807
Audi,S4 3.0T Premium Plus,2014,106000,Gasoline,333.0HP 3.0L V6 Cylinder Engine Gasoline Fuel,6-Speed M/T,Gray,Black,At least 1 accident or damage reported,Yes,23000,10.043292972227004,11.571203807011969
Chevrolet,Suburban Premier,2017,92728,Gasoline,355.0HP 5.3L 8 Cylinder Engine Gasoline Fuel,6-Speed A/T,White,Black,None reported,Yes,34900,10.460270761075149,11.437436539739576
Ford,Bronco Big Bend,2022,17000,Gasoline,275.0HP 2.3L 4 Cylinder Engine Gasoline Fuel,A/T,Gray,–,None reported,Yes,44000,10.691967639914864,9.741027444837728
Ford,F-250 XL,2016,75200,E85 Flex Fuel,385.0HP 6.2L 8 Cylinder Engine Flex Fuel Capability,6-Speed A/T,White,Gray,None reported,Yes,22000,9.99884318585288,11.227919807721856
Dodge,Challenger SRT Hellcat,2015,1800,Gasoline,707.0HP 6.2L 8 Cylinder Engine Gasoline Fuel,A/T,Green,Black,None reported,Yes,64990,11.082004077752629,7.496097345175956
Toyota,Tacoma TRD Sport,2019,36283,Gasoline,3.5 Liter,Automatic,Barcelona Red,Black,None reported,Yes,39598,10.58655914439847,10.499132151734834
Audi,Q5 S line Premium Plus,2023,6682,Hybrid,2.0 Liter TFSI,Automatic,Mythos Black Metallic,Rock Gray,None reported,Yes,47798,10.774759997758618,8.80732226751107
Jeep,Wrangler Sport,2018,23399,Gasoline,2.0L I4 16V GDI DOHC Turbo,8-Speed Automatic,Black Clearcoat,Black,None reported,Yes,28999,10.275051108968611,10.060491301345794
Genesis,G80 3.8,2017,29720,Gasoline,311.0HP 3.8L V6 Cylinder Engine Gasoline Fuel,8-Speed A/T,Brown,Beige,None reported,Yes,29500,10.292179440058462,10.29960914564114
Mercedes-Benz,SL-Class SL63 AMG Roadster,2009,56000,Gasoline,518.0HP 6.3L 8 Cylinder Engine Gasoline Fuel,A/T,Black,Black,None reported,Yes,44850,10.711101163782413,10.933124826700707
Lexus,LX 570 Three-Row,2020,59419,Gasoline,383.0HP 5.7L 8 Cylinder Engine Gasoline Fuel,A/T,Silver,Beige,None reported,Yes,73000,11.19822841866684,10.992386149016598
Kia,Stinger GT2,2018,69100,Gasoline,365.0HP 3.3L V6 Cylinder Engine Gasoline Fuel,8-Speed A/T,Red,Black,None reported,Yes,32500,10.389026137075234,11.143324481431074
Nissan,GT-R Premium,2021,22185,Gasoline,3.8L V6 24V MPFI DOHC Twin Turbo,6-Speed Automatic with Auto-Shift,Bayside Blue,Gray,None reported,Yes,131999,11.790557201568507,10.007216738298604
Chevrolet,Trailblazer SS,2008,29586,Gasoline,390.0HP 6.0L 8 Cylinder Engine Gasoline Fuel,A/T,White,Black,None reported,Yes,47900,10.776891660007811,10.295090354651144
Chevrolet,Silverado 2500 WT,2021,63866,Gasoline,6.6L V8 16V GDI OHV,Automatic,Silver Ice Metallic,Jet Black,None reported,Yes,41885,10.642706921198457,11.064558075043848
Chevrolet,Suburban LTZ,2016,135484,Gasoline,5.3L V8 16V GDI OHV,6-Speed Automatic,Tungsten Metallic,Cocoa / Dune,None reported,Yes,29748,10.300550796963453,11.816616212067062
Mercedes-Benz,E-Class E 350,2014,78500,Gasoline,302.0HP 3.5L V6 Cylinder Engine Gasoline Fuel,7-Speed A/T,Silver,Black,At least 1 accident or damage reported,Yes,17900,9.792611856190192,11.270866642542865
BMW,M3 Base,2012,7982,Gasoline,414.0HP 4.0L 8 Cylinder Engine Gasoline Fuel,7-Speed A/T,Silver,Red,None reported,Yes,51900,10.857093336791094,8.9850695596458
Bentley,Continental GT V8,2022,1795,Gasoline,"4L V-8 gasoline direct injection, DOHC, variable valve control,",Automatic,Onyx Black,Beluga,None reported,Yes,269991,12.506147607911917,7.493317248862145
Volkswagen,Golf R Base,2022,1067,Gasoline,315.0HP 2.0L 4 Cylinder Engine Gasoline Fuel,7-Speed A/T,White,Blue,None reported,Yes,48000,10.778977123006351,6.97354301952014
Ford,Explorer Limited,2017,152000,Gasoline,290.0HP 3.5L V6 Cylinder Engine Gasoline Fuel,6-Speed A/T,Gray,Black,None reported,Yes,15499,9.648595302907339,11.931642378754141
Honda,Odyssey LX,2011,185000,Gasoline,248.0HP 3.5L V6 Cylinder Engine Gasoline Fuel,A/T,Purple,–,None reported,Yes,8900,9.093918908958932,12.128116509451258
Dodge,Ram 2500 SLT Mega Cab,2007,97724,Diesel,350.0HP 6.7L Straight 6 Cylinder Engine Diesel Fuel,A/T,Red,Gray,None reported,Yes,19998,9.903437551286085,11.489912690661155
Honda,Civic Sport,2020,22227,Gasoline,2.0L I4 16V MPFI DOHC,Automatic CVT,Red,Black,None reported,Yes,25980,10.165120780630861,10.009108034399812
Honda,Civic LX,2016,111000,Gasoline,158.0HP 2.0L 4 Cylinder Engine Gasoline Fuel,A/T,Blue,Black,None reported,Yes,13000,9.472781556562168,11.6172944892629
Ford,F-250 XLT,2019,32268,E85 Flex Fuel,385.0HP 6.2L 8 Cylinder Engine Flex Fuel Capability,6-Speed A/T,White,Gray,None reported,Yes,46500,10.747229096720554,10.38186229603161
Nissan,Pathfinder SV,2019,122009,Gasoline,3.5 Liter,Automatic,Gray,Black,None reported,Yes,18998,9.85214162518454,11.71185828756938
Land Rover,Range Rover HSE SWB,2020,57785,Hybrid,395.0HP 3.0L Straight 6 Cylinder Engine Gasoline/Mild Electric Hybrid,A/T,Black,Black,None reported,Yes,63995,11.066575860388603,10.964501810788919
BMW,M3 Base,2002,204884,Gasoline,333.0HP 3.2L Straight 6 Cylinder Engine Gasoline Fuel,6-Speed M/T,Silver,Black,At least 1 accident or damage reported,Yes,21500,9.975854724662028,12.230204125105102
Hummer,H2 Base,2003,179400,Gasoline,316.0HP 6.0L 8 Cylinder Engine Gasoline Fuel,A/T,White,Brown,At least 1 accident or damage reported,Yes,15000,9.61587214452889,12.097378802727306
Mazda,RX-8 R3,2009,57000,Gasoline,232.0HP 1.3L Rotary engine Gasoline Fuel,6-Speed M/T,Red,Black,None reported,Yes,14000,9.546884034617925,10.950824090522445
Lexus,LX 570 Three-Row,2021,25997,Gasoline,383.0HP 5.7L 8 Cylinder Engine Gasoline Fuel,A/T,Green,Brown,None reported,Yes,87000,11.373674891823535,10.165774890967965
Chevrolet,Suburban Z71,2022,36555,Gasoline,5.3L V8 16V GDI OHV,Automatic,Summit White,Jet Black,None reported,Yes,64288,11.071143822496172,10.506600610392093
Mercedes-Benz,S-Class S 580 4MATIC,2023,989,Gasoline,4.0L V8 32V GDI DOHC Twin Turbo,9-Speed Automatic,Black,Black,None reported,Yes,122950,11.719541180998819,6.897704943128636
Chevrolet,Corvette Base,2007,28514,Gasoline,400.0HP 6.0L 8 Cylinder Engine Gasoline Fuel,Transmission w/Dual Shift Mode,Red,Gray,None reported,Yes,32000,10.373522431293592,10.258185543590638
Ford,Mustang GT Premium,2019,10400,Gasoline,460.0HP 5.0L 8 Cylinder Engine Gasoline Fuel,10-Speed A/T,Red,Gray,None reported,Yes,40000,10.596659732783579,9.249657234353133
Chevrolet,Equinox Premier w/2LZ,2020,51133,Gasoline,2.0L I4 16V GDI DOHC Turbo,9-Speed Automatic,Iridescent Pearl Tricoat,Jet Black,At least 1 accident or damage reported,Unknown,25800,10.158168529848494,10.84220491697184
Land Rover,Discovery HSE,2018,85000,Gasoline,340.0HP 3.0L V6 Cylinder Engine Gasoline Fuel,8-Speed A/T,Gray,Black,None reported,Yes,33000,10.404293143019792,11.350418300109132
Jeep,Wrangler SE,2000,95200,Gasoline,120.0HP 2.5L 4 Cylinder Engine Gasoline Fuel,5-Speed M/T,Black,Black,None reported,Yes,11999,9.392661928770137,11.46374572492597
Toyota,Highlander XLE,2015,68575,Gasoline,270.0HP 3.5L V6 Cylinder Engine Gasoline Fuel,A/T,Silver,Gray,At least 1 accident or damage reported,Yes,26000,10.165890277802454,11.135697898273303
Chevrolet,Corvette Grand Sport,2011,12300,Gasoline,430.0HP 6.2L 8 Cylinder Engine Gasoline Fuel,6-Speed A/T,Red,Black,None reported,Yes,45000,10.714439990727769,9.417435838868785
Chevrolet,Corvette Stingray,2018,13900,Gasoline,455.0HP 6.2L 8 Cylinder Engine Gasoline Fuel,8-Speed A/T,White,Red,None reported,Yes,54490,10.905790829399939,9.539716058977092
Mercedes-Benz,SLK-Class SLK230 Kompressor,2001,58800,Gasoline,190.0HP 2.3L 4 Cylinder Engine Gasoline Fuel,A/T,Silver,Black,None reported,Yes,9000,9.105090961257085,10.981914140544825
Nissan,Juke NISMO RS,2016,30700,Gasoline,215.0HP 1.6L 4 Cylinder Engine Gasoline Fuel,6-Speed M/T,Black,Black,At least 1 accident or damage reported,Yes,21500,9.975854724662028,10.332050506334692
Porsche,911 Carrera C2S,2005,104000,Gasoline,355.0HP 3.8L Flat 6 Cylinder Engine Gasoline Fuel,6-Speed M/T,Silver,Black,None reported,Yes,44800,10.709985739582528,11.552155793461898
Chevrolet,Colorado LT,2019,139116,Gasoline,3.6L V6 24V GDI DOHC,Automatic,Red,Jet Black,At least 1 accident or damage reported,Yes,24899,10.1226230824528,11.843070584678348
Porsche,Macan S,2019,36700,Gasoline,348.0HP 3.0L V6 Cylinder Engine Gasoline Fuel,7-Speed A/T,Blue,Blue,At least 1 accident or damage reported,Yes,48990,10.79939188675334,10.510559281627845
Mercedes-Benz,GLE 350 Base 4MATIC,2022,24500,Gasoline,255.0HP 2.0L 4 Cylinder Engine Gasoline Fuel,9-Speed A/T,White,Beige,None reported,Yes,82150,11.31631429624586,10.106469212026385
Toyota,Land Cruiser Base,2017,65000,Gasoline,381.0HP 5.7L 8 Cylinder Engine Gasoline Fuel,A/T,Black,Brown,At least 1 accident or damage reported,Yes,65000,11.082157933374816,11.082157933374816
BMW,X6 xDrive40i,2021,27654,Hybrid,3.0 Liter Turbo,Automatic,Mineral White,Black,None reported,Yes,61998,11.034873534864897,10.227561822428779
Rivian,R1S Adventure Package,2023,542,Gasoline,835.0HP Electric Motor Electric Fuel System,A/T,Black,Black,None reported,Yes,92500,11.434974734252892,6.297109319933935
Toyota,Highlander Platinum,2020,41000,Gasoline,295.0HP 3.5L V6 Cylinder Engine Gasoline Fuel,8-Speed A/T,Blue,Black,None reported,Yes,38700,10.563620718477313,10.62135173563291
Mercedes-Benz,SL-Class SL 63 AMG,2011,47400,Gasoline,518.0HP 6.3L 8 Cylinder Engine Gasoline Fuel,7-Speed A/T,White,Black,At least 1 accident or damage reported,Yes,41000,10.62135173563291,10.766398604507042
Ford,Thunderbird Deluxe,2002,40110,Gasoline,252.0HP 3.9L 8 Cylinder Engine Gasoline Fuel,A/T,Yellow,Black,None reported,Yes,18500,9.825580063659602,10.599405889891859
RAM,2500 Big Horn,2014,124700,Gasoline,410.0HP 6.4L 8 Cylinder Engine Gasoline Fuel,6-Speed A/T,Silver,–,None reported,Yes,30000,10.308985993422082,11.733674150882164
Ford,F-350 XLT,2013,31000,E85 Flex Fuel,316.0HP 6.2L 8 Cylinder Engine Flex Fuel Capability,A/T,Black,Gray,At least 1 accident or damage reported,Yes,35000,10.463131911491967,10.34177474101152
Toyota,RAV4 Prime XSE,2022,7100,Plug-In Hybrid,302.0HP 2.5L 4 Cylinder Engine Plug-In Electric/Gas,A/T,Gray,Black,None reported,Yes,49000,10.799595985047786,8.867990898182093
Jeep,Grand Cherokee Limited,2018,91677,Gasoline,3.6L V6 24V MPFI DOHC,8-Speed Automatic,Granite Crystal Clearcoat Metallic,Black,None reported,Yes,26816,10.196791293755963,11.42603771670189
Ford,Focus SE,2009,107500,Gasoline,132.0HP 2.0L 4 Cylinder Engine Gasoline Fuel,A/T,White,Black,None reported,Yes,9500,9.15915233520675,11.58525542883217
Porsche,911 Carrera 4 GTS,2023,1518,Gasoline,473.0HP 3.0L Flat 6 Cylinder Engine Gasoline Fuel,8-Speed A/T,Beige,Brown,None reported,Yes,194965,12.180580463369232,7.325807502595773
Chevrolet,Corvette Stingray w/2LT,2023,5200,Gasoline,490.0HP 6.2L 8 Cylinder Engine Gasoline Fuel,8-Speed A/T,White,Red,None reported,Yes,88900,11.395278670032656,8.556606193773073
Porsche,Macan Base,2018,87500,Gasoline,252.0HP 2.0L 4 Cylinder Engine Gasoline Fuel,Transmission w/Dual Shift Mode,Blue,Beige,None reported,Yes,28000,10.239995502805316,11.37940550085183
Acura,ZDX Base,2012,106335,Gasoline,300.0HP 3.7L V6 Cylinder Engine Gasoline Fuel,6-Speed A/T,White,Gray,None reported,Yes,19000,9.852246888342531,11.57435917115432
Chevrolet,Suburban Premier,2017,133598,Gasoline,5.3L V8 16V GDI OHV,6-Speed Automatic,Siren Red Tintcoat,Jet Black,At least 1 accident or damage reported,Yes,29999,10.308952660644293,11.80259805502673
Chevrolet,Traverse Premier,2018,68455,Gasoline,3.6L V6 24V GDI DOHC,9-Speed Automatic,Silver Ice Metallic,Jet Black,None reported,Yes,30989,10.341419850781794,11.13394648209789
Mercedes-Benz,E-Class E 400,2018,28690,Gasoline,329.0HP 3.0L V6 Cylinder Engine Gasoline Fuel,A/T,White,Beige,None reported,Yes,38880,10.568260978408226,10.264338763718273
BMW,M3 Base,2012,83000,Gasoline,414.0HP 4.0L 8 Cylinder Engine Gasoline Fuel,7-Speed A/T,Black,Red,At least 1 accident or damage reported,Yes,31000,10.34177474101152,11.326607934898927
Ford,F-250 XLT,2019,38600,Diesel,450.0HP 6.7L 8 Cylinder Engine Diesel Fuel,6-Speed A/T,Blue,–,None reported,Yes,54500,10.905974329106854,10.5610334618531
Toyota,Highlander SE,2019,92000,Gasoline,295.0HP 3.5L V6 Cylinder Engine Gasoline Fuel,A/T,Red,Beige,At least 1 accident or damage reported,Yes,30000,10.308985993422082,11.429554725537322
Saturn,Sky Red Line,2009,134000,Gasoline,260.0HP 2.0L 4 Cylinder Engine Gasoline Fuel,5-Speed M/T,Blue,Black,At least 1 accident or damage reported,Yes,9500,9.15915233520675,11.80560254159177
Lexus,LS 460 Base,2012,103000,Gasoline,380.0HP 4.6L 8 Cylinder Engine Gasoline Fuel,A/T,White,Beige,None reported,Yes,20500,9.928228944424575,11.542493975902508
Honda,CR-V LX,2004,176261,Gasoline,160.0HP 2.4L 4 Cylinder Engine Gasoline Fuel,M/T,Gray,Gray,None reported,Yes,3750,8.229777750081887,12.079726803463213
Ford,Mustang GT Premium,2010,58500,Gasoline,315.0HP 4.6L 8 Cylinder Engine Gasoline Fuel,5-Speed M/T,White,Red,At least 1 accident or damage reported,Yes,20000,9.90353755128617,10.97679912709094
Ford,F-250 Limited,2018,64000,Diesel,450.0HP 6.7L 8 Cylinder Engine Diesel Fuel,A/T,Red,Beige,None reported,Yes,64000,11.06665398721974,11.06665398721974
Porsche,Boxster Black Edition,2016,24881,Gasoline,265.0HP 2.7L Flat 6 Cylinder Engine Gasoline Fuel,Transmission w/Dual Shift Mode,Black,Black,At least 1 accident or damage reported,Yes,49999,10.819778284410283,10.121899929474436
Ford,Explorer XLT,2013,82900,Gasoline,290.0HP 3.5L V6 Cylinder Engine Gasoline Fuel,6-Speed A/T,White,Gray,At least 1 accident or damage reported,Yes,16000,9.680406499268875,11.325402403776808
BMW,Z4 3.0si,2008,59257,Gasoline,255.0HP 3.0L Straight 6 Cylinder Engine Gasoline Fuel,6-Speed M/T,Gray,Black,None reported,Yes,18200,9.809231816610408,10.989656070979896
Lexus,RX 350 F Sport,2016,81400,Gasoline,295.0HP 3.5L V6 Cylinder Engine Gasoline Fuel,8-Speed A/T,Gray,Red,At least 1 accident or damage reported,Yes,26000,10.165890277802454,11.307142836927456
Hyundai,Accent SEL,2022,5100,Gasoline,120.0HP 1.6L 4 Cylinder Engine Gasoline Fuel,A/T,Blue,Black,None reported,Yes,19500,9.87822102528824,8.537191877922927
Ford,Expedition Max XLT,2020,67072,Gasoline,375.0HP 3.5L V6 Cylinder Engine Gasoline Fuel,A/T,Purple,Black,None reported,Yes,38500,10.55843949396453,11.11353685748066
BMW,328 i xDrive,2016,65000,Gasoline,240.0HP 2.0L 4 Cylinder Engine Gasoline Fuel,Transmission w/Dual Shift Mode,Silver,Black,None reported,Yes,19500,9.87822102528824,11.082157933374816
Ford,Fusion SE,2014,80800,Gasoline,175.0HP 2.5L 4 Cylinder Engine Gasoline Fuel,A/T,Blue,Beige,None reported,Yes,10000,9.210440366976517,11.299744620670225
Ford,F-150 XLT,2020,53401,Gasoline,375.0HP 3.5L V6 Cylinder Engine Gasoline Fuel,10-Speed A/T,Gray,Black,None reported,Yes,39500,10.584081267024454,10.885603477430454
Ford,F-150 Platinum,2021,15555,Gasoline,5.0L 8 Cylinder,10-Speed Automatic,Blue,Black,None reported,Yes,62890,11.049158348190272,9.652201695275638
Dodge,Ram 1500 SLT Mega Cab,2006,201509,Gasoline,345.0HP 5.7L 8 Cylinder Engine Gasoline Fuel,5-Speed A/T,Gray,Gray,At least 1 accident or damage reported,Yes,11000,9.305741456739435,12.21359428692902
Honda,Civic EX,2013,107000,Gasoline,140.0HP 1.8L 4 Cylinder Engine Gasoline Fuel,A/T,Silver,Black,None reported,Yes,14000,9.546884034617925,11.580593459194764
Land Rover,Range Rover Velar P250 S R-Dynamic,2020,30500,Gasoline,247.0HP 2.0L 4 Cylinder Engine Gasoline Fuel,A/T,Silver,Beige,None reported,Yes,44000,10.691967639914864,10.32551474894327
Toyota,Tacoma Base,2011,36000,Gasoline,159.0HP 2.7L 4 Cylinder Engine Gasoline Fuel,5-Speed M/T,Gray,Gray,None reported,Yes,20000,9.90353755128617,10.491301994830229
Ford,F-250 XLT,2019,38514,E85 Flex Fuel,385.0HP 6.2L 8 Cylinder Engine Flex Fuel Capability,A/T,Black,Gray,At least 1 accident or damage reported,Yes,45998,10.736374936104498,10.558803054787067
Mercedes-Benz,Sprinter 2500 Standard Roof,2022,4590,Gasoline,188.0HP 2.0L 4 Cylinder Engine Gasoline Fuel,A/T,White,Black,None reported,Yes,64000,11.06665398721974,8.431853144249223
RAM,2500 Big Horn,2019,97000,Diesel,370.0HP 6.7L Straight 6 Cylinder Engine Diesel Fuel,A/T,White,Gray,At least 1 accident or damage reported,Yes,45000,10.714439990727769,11.48247656671073
BMW,328 i xDrive,2011,110000,Gasoline,230.0HP 3.0L Straight 6 Cylinder Engine Gasoline Fuel,6-Speed A/T,Black,Beige,At least 1 accident or damage reported,Yes,6000,8.699681400989514,11.608244735642321
Ford,Explorer XLT,2017,53000,E85 Flex Fuel,290.0HP 3.5L V6 Cylinder Engine Flex Fuel Capability,6-Speed A/T,Red,Gray,At least 1 accident or damage reported,Yes,25000,10.12667110305036,10.87806606028079
Chevrolet,Suburban LTZ,2016,110000,E85 Flex Fuel,355.0HP 5.3L 8 Cylinder Engine Flex Fuel Capability,A/T,Brown,Brown,None reported,Yes,30999,10.341742483467284,11.608244735642321
Mazda,MX-5 Miata Sport,2006,218000,Gasoline,170.0HP 2.0L 4 Cylinder Engine Gasoline Fuel,6-Speed M/T,Black,Black,At least 1 accident or damage reported,Yes,4999,8.517193191416238,12.292254928916668
INFINITI,G35 Base,2003,106500,Gasoline,280.0HP 3.5L V6 Cylinder Engine Gasoline Fuel,6-Speed M/T,Red,Beige,None reported,Yes,9500,9.15915233520675,11.575909653758895
Chevrolet,Express 2500 Work Van,2012,140500,E85 Flex Fuel,324.0HP 6.0L 8 Cylinder Engine Flex Fuel Capability,A/T,White,Gray,None reported,Yes,11800,9.375939552625749,11.852969885168331
Ford,Explorer Eddie Bauer,2010,144200,Gasoline,210.0HP 4.0L V6 Cylinder Engine Gasoline Fuel,5-Speed A/T,Black,Beige,None reported,Yes,9999,9.210340371976184,11.8789634386217
Chevrolet,Suburban RST,2022,21400,Diesel,277.0HP 3.0L Straight 6 Cylinder Engine Diesel Fuel,10-Speed A/T,Gray,Black,None reported,Yes,69000,11.141876276228,9.97119292889014
Mercedes-Benz,GL-Class GL 550 4MATIC,2015,130000,Gasoline,429.0HP 4.7L 8 Cylinder Engine Gasoline Fuel,7-Speed A/T,Blue,Black,None reported,Yes,24500,10.106469212026385,11.775297421715827
Ford,Focus SE,2012,108045,Gasoline,160.0HP 2.0L 4 Cylinder Engine Gasoline Fuel,6-Speed A/T,Blue,Gray,None reported,Yes,6500,8.77971129020447,11.590312341351584
Subaru,Crosstrek Premium,2022,10000,Gasoline,152.0HP 2.0L 4 Cylinder Engine Gasoline Fuel,CVT Transmission,White,Black,None reported,Yes,28000,10.239995502805316,9.210440366976517
Hyundai,Genesis Coupe 3.8 Track,2011,75000,Gasoline,306.0HP 3.8L V6 Cylinder Engine Gasoline Fuel,Transmission w/Dual Shift Mode,Red,Black,At least 1 accident or damage reported,Yes,12000,9.392745258631441,11.225256725762893
Chrysler,Town & Country LX,2009,73500,Gasoline,170.0HP 3.3L V6 Cylinder Engine Gasoline Fuel,A/T,Silver,Gray,At least 1 accident or damage reported,Yes,7858,8.969414650866176,11.205054290550551
Porsche,Panamera Turbo,2018,29850,Gasoline,550.0HP 4.0L 8 Cylinder Engine Gasoline Fuel,8-Speed A/T,Silver,Red,None reported,Yes,89750,11.404794448349735,10.303973619097128
Honda,Pilot EX-L,2016,135350,Gasoline,280.0HP 3.5L V6 Cylinder Engine Gasoline Fuel,6-Speed A/T,White,Beige,At least 1 accident or damage reported,Yes,19900,9.898525260706313,11.815626683267832
Mercedes-Benz,GLC 300 GLC 300,2022,16983,Gasoline,2.0 Liter Turbo,Automatic,Black,Black,None reported,Yes,40998,10.621302955145095,9.740027003383092
Audi,A8 L 55,2019,35580,Hybrid,335.0HP 3.0L V6 Cylinder Engine Gasoline/Mild Electric Hybrid,8-Speed A/T,Black,Black,None reported,Yes,49500,10.809748150372926,10.479567066502216
Ford,Edge SE,2020,71200,Gasoline,250.0HP 2.0L 4 Cylinder Engine Gasoline Fuel,8-Speed A/T,White,Beige,None reported,Yes,18900,9.846970109700957,11.173262142245258
Dodge,Durango GT,2022,24778,Gasoline,3.6L V6 24V MPFI DOHC,8-Speed Automatic,Octane Red Pearlcoat,Black,At least 1 accident or damage reported,Unknown,36599,10.507803519389457,10.117751799243743
BMW,328 i,2015,109330,Gasoline,240.0HP 2.0L 4 Cylinder Engine Gasoline Fuel,A/T,Black,Beige,None reported,Yes,13349,9.499271663828395,11.602135257007024
Alfa Romeo,Stelvio Ti,2023,6645,Gasoline,2.0L I4 16V GDI SOHC Turbo,8-Speed Automatic,Alfa White,Black,None reported,Yes,43900,10.689692377847104,8.801770448914539
Mercedes-Benz,GL-Class GL 450 4MATIC,2007,90400,Gasoline,335.0HP 4.7L 8 Cylinder Engine Gasoline Fuel,7-Speed A/T,Silver,Beige,None reported,Yes,10199,9.230142999272362,11.412010608265987
Ford,Ranger XLT SuperCab,2002,192100,Gasoline,207.0HP 4.0L V6 Cylinder Engine Gasoline Fuel,5-Speed A/T,Gold,Beige,At least 1 accident or damage reported,Yes,6450,8.771990436532242,12.16577655436517
BMW,M3 CS,2018,32000,Gasoline,453.0HP 3.0L Straight 6 Cylinder Engine Gasoline Fuel,Transmission w/Dual Shift Mode,White,Black,None reported,Yes,70000,11.156264806643742,10.373522431293592
Volkswagen,Golf GTI 2.0T Autobahn,2022,6400,Gasoline,241.0HP 2.0L 4 Cylinder Engine Gasoline Fuel,A/T,Green,Black,None reported,Yes,41500,10.633472802314019,8.764209507142004
Toyota,4Runner SR5 Premium,2021,36180,Gasoline,270.0HP 4.0L V6 Cylinder Engine Gasoline Fuel,A/T,Black,–,None reported,Yes,36990,10.518429918794682,10.496289398147198
GMC,Yukon SLT,2014,142400,E85 Flex Fuel,320.0HP 5.3L 8 Cylinder Engine Flex Fuel Capability,A/T,Black,Black,At least 1 accident or damage reported,Yes,13500,9.510519035757246,11.866402300407264
Cadillac,ATS 2.0L Turbo Luxury,2016,83000,Gasoline,272.0HP 2.0L 4 Cylinder Engine Gasoline Fuel,8-Speed A/T,Red,Beige,None reported,Yes,16500,9.711176264112805,11.326607934898927
Nissan,Xterra S,2012,80000,Gasoline,261.0HP 4.0L V6 Cylinder Engine Gasoline Fuel,A/T,Black,Gray,None reported,Yes,14800,9.60245002503719,11.289794413577894
Ford,Bronco Badlands,2021,32437,Gasoline,315.0HP 2.7L V6 Cylinder Engine Gasoline Fuel,10-Speed A/T,Gray,Black,None reported,Yes,51000,10.839600519357369,10.387085854047635
BMW,328 i,2011,67500,Gasoline,230.0HP 3.0L Straight 6 Cylinder Engine Gasoline Fuel,6-Speed A/T,White,Beige,None reported,Yes,18000,9.798182590890704,11.119897691565697
Toyota,4Runner Limited,2021,25882,Gasoline,"4L V-6 DOHC, VVT-i variable valve control, engine with 270HP",Automatic,Midnight Black Metallic,–,None reported,Yes,43837,10.688256300143298,10.161341661525732
Porsche,911 Turbo,2018,12088,Gasoline,540.0HP 3.8L Flat 6 Cylinder Engine Gasoline Fuel,A/T,Gray,Black,None reported,Yes,169000,12.037659911047468,9.400051227201992
Toyota,Tundra SR5 Double Cab,2005,170000,Gasoline,282.0HP 4.7L 8 Cylinder Engine Gasoline Fuel,A/T,Silver,Beige,At least 1 accident or damage reported,Yes,11200,9.32375833901174,12.04355959836804
Ford,F-250 Lariat,2023,3763,Diesel,475.0HP 6.7L 8 Cylinder Engine Diesel Fuel,10-Speed A/T,Red,Black,None reported,Yes,92000,11.429554725537322,8.23323750070527
Land Rover,Range Rover Velar P380 S,2018,46000,Gasoline,380.0HP 3.0L V6 Cylinder Engine Gasoline Fuel,A/T,Red,Beige,None reported,Yes,40000,10.596659732783579,10.736418414365376
Ford,F-250 XLT Crew Cab Super Duty,2008,190321,Diesel,350.0HP 6.4L 8 Cylinder Engine Diesel Fuel,A/T,White,Beige,None reported,Yes,15900,9.674137279312397,12.15647265353869
Porsche,Macan S,2018,40950,Gasoline,340.0HP 3.0L V6 Cylinder Engine Gasoline Fuel,7-Speed A/T,Black,Black,None reported,Yes,39750,10.590390276998745,10.620131509007471
Mercedes-Benz,C-Class C 63 AMG,2014,42000,Gasoline,451.0HP 6.2L 8 Cylinder Engine Gasoline Fuel,7-Speed A/T,Gray,Black,None reported,Yes,45000,10.714439990727769,10.645448706505872
Nissan,Pathfinder S,2014,135000,Gasoline,260.0HP 3.5L V6 Cylinder Engine Gasoline Fuel,A/T,White,Brown,None reported,Yes,8500,9.04793908261736,11.813037464800539
Jeep,Gladiator Overland,2020,20655,Gasoline,3.6L V6 24V MPFI DOHC,8-Speed Automatic,Firecracker Red Clearcoat,Black,None reported,Yes,42850,10.665484260976488,9.935761113086423
Porsche,911 Carrera S,2023,1877,Gasoline,443.0HP 3.0L Flat 6 Cylinder Engine Gasoline Fuel,8-Speed A/T,Red,Red,None reported,Yes,185950,12.133238477128485,7.537962659768208
Ford,F-250 XLT,2019,33000,Diesel,450.0HP 6.7L 8 Cylinder Engine Diesel Fuel,6-Speed A/T,Black,Gray,None reported,Yes,59000,10.985309671896763,10.404293143019792
Ford,Fusion SE,2016,68000,Gasoline,175.0HP 2.5L 4 Cylinder Engine Gasoline Fuel,A/T,Black,Black,None reported,Yes,12500,9.433563920090563,11.127277689932466
Honda,Accord Sport,2013,405000,Gasoline,185.0HP 2.4L 4 Cylinder Engine Gasoline Fuel,CVT Transmission,Black,Black,None reported,Yes,6000,8.699681400989514,12.91164481522143
BMW,330 i xDrive,2018,117000,Gasoline,248.0HP 2.0L 4 Cylinder Engine Gasoline Fuel,8-Speed A/T,Black,Beige,None reported,Yes,17000,9.741027444837728,11.669937760751914
Acura,MDX Sport,2007,183455,Gasoline,300.0HP 3.7L V6 Cylinder Engine Gasoline Fuel,5-Speed A/T,White,Beige,At least 1 accident or damage reported,Yes,7700,8.94910546953925,12.119730135708108
Chevrolet,Suburban Premier,2021,51890,Gasoline,5.3L V8 16V GDI OHV,10-Speed Automatic,Shadow Gray Metallic,Jet Black,None reported,Yes,59980,11.001783124388094,10.856900643712033
Chevrolet,Suburban High Country,2021,59528,Gasoline,6.2L V8 16V GDI OHV,10-Speed Automatic,Satin Steel Metallic,Jet Black,None reported,Yes,68995,11.14180381088452,10.994218867753363
Cadillac,CTS-V Base,2006,123000,Gasoline,400.0HP 6.0L 8 Cylinder Engine Gasoline Fuel,6-Speed M/T,Black,Black,None reported,Yes,15000,9.61587214452889,11.719947764402807
Kia,Niro EV EX,2022,20000,Gasoline,201.0HP Electric Motor Electric Fuel System,1-Speed A/T,Silver,Black,None reported,Yes,29998,10.308919326755392,9.90353755128617
BMW,X3 xDrive30i,2021,38352,Gasoline,2.0L I4 16V GDI DOHC Turbo,8-Speed Automatic,Phytonic Blue Metallic,Canberra Beige,None reported,Yes,37400,10.529452721013085,10.55458803059373
Porsche,Taycan Base,2021,13344,Gasoline,321.0HP Electric Motor Electric Fuel System,2-Speed A/T,Black,Beige,At least 1 accident or damage reported,Yes,83499,11.332601910838946,9.498897061838624
Honda,S2000 CR,2008,44300,Gasoline,237.0HP 2.2L 4 Cylinder Engine Gasoline Fuel,M/T,Yellow,Black,None reported,Yes,62000,11.034905792929415,10.698762529141884
Lexus,HS 250h Premium,2010,123500,Hybrid,147.0HP 2.4L 4 Cylinder Engine Gas/Electric Hybrid,A/T,Red,Black,At least 1 accident or damage reported,Yes,9500,9.15915233520675,11.724004532183379
Lincoln,Navigator Base,2013,134000,E85 Flex Fuel,310.0HP 5.4L 8 Cylinder Engine Flex Fuel Capability,6-Speed A/T,Red,Black,None reported,Yes,21500,9.975854724662028,11.80560254159177
Ford,F-150 XLT,2020,57000,Gasoline,375.0HP 3.5L V6 Cylinder Engine Gasoline Fuel,10-Speed A/T,Gray,Gray,At least 1 accident or damage reported,Yes,37500,10.53212287826962,10.950824090522445
Kia,K5 GT-Line,2021,100312,Gasoline,1.6L I4 16V GDI DOHC Turbo,8-Speed Automatic,Wolf Gray,Black,None reported,Yes,19980,9.902537101000133,11.516050576717726
Bentley,Continental GT W12,2021,16146,Gasoline,"6L W-12 port/direct injection, DOHC, variable valve control, twi",Automatic,Fountain Blue,Linen,None reported,Yes,239991,12.388360868435226,9.689489552881621
Tesla,Model S Performance,2012,61000,Gasoline,416.0HP Electric Motor Electric Fuel System,A/T,Green,Black,None reported,Yes,29000,10.275085591132715,11.0186455364637
BMW,Z4 sDrive28i,2014,15889,Gasoline,240.0HP 2.0L 4 Cylinder Engine Gasoline Fuel,8-Speed A/T,Blue,Beige,None reported,Yes,34500,10.448743588106625,9.673445259530762
BMW,528 i xDrive,2015,125500,Gasoline,240.0HP 2.0L 4 Cylinder Engine Gasoline Fuel,A/T,Black,Black,At least 1 accident or damage reported,Yes,12950,9.468928284223587,11.74006900564972
Ford,Expedition Limited,2013,163500,E85 Flex Fuel,310.0HP 5.4L 8 Cylinder Engine Flex Fuel Capability,A/T,Gray,Black,None reported,Yes,16490,9.71057005652877,12.004574385508691
Buick,Enclave Leather,2015,89726,Gasoline,288.0HP 3.6L V6 Cylinder Engine Gasoline Fuel,A/T,White,Brown,None reported,Yes,16000,9.680406499268875,11.40452700609895
Mercedes-Benz,SL-Class SL600 Roadster,2005,93000,Gasoline,493.0HP 5.5L 12 Cylinder Engine Gasoline Fuel,A/T,Black,Black,None reported,Yes,22500,10.021315031649332,11.440365524765756
MINI,Cooper S Base,2012,128000,Gasoline,181.0HP 1.6L 4 Cylinder Engine Gasoline Fuel,6-Speed A/T,Black,Black,None reported,Yes,8500,9.04793908261736,11.759793355371237
Porsche,Cayenne Turbo,2017,70800,Gasoline,520.0HP 4.8L 8 Cylinder Engine Gasoline Fuel,Transmission w/Dual Shift Mode,White,Black,None reported,Yes,52999,10.87804719253426,11.167628403875849
Saturn,Vue Hybrid Base,2009,115000,Hybrid,172.0HP 2.4L 4 Cylinder Engine Gas/Electric Hybrid,A/T,Blue,Beige,None reported,Yes,4400,8.38958706681109,11.652696102959753
RAM,2500 Laramie,2018,98650,Diesel,350.0HP 6.7L Straight 6 Cylinder Engine Diesel Fuel,6-Speed A/T,Black,Black,None reported,Yes,56750,10.946428556333773,11.499343648246825
RAM,1500 Limited,2019,87768,Hybrid,395.0HP 5.7L 8 Cylinder Engine Gasoline/Mild Electric Hybrid,A/T,Silver,Black,None reported,Yes,44000,10.691967639914864,11.382463642106652
Chevrolet,Traverse RS,2023,6000,Gasoline,310.0HP 3.6L V6 Cylinder Engine Gasoline Fuel,9-Speed A/T,Gray,Black,None reported,Yes,48500,10.789339695269716,8.699681400989514
Lexus,RX 350 F SPORT Appearance,2021,28262,Gasoline,3.5 Liter,Automatic,Obsidian,–,None reported,Yes,49998,10.81975828421028,10.249308807716778
Mazda,CX-50 2.5 Turbo Premium Package,2023,16200,Gasoline,227.0HP 2.5L 4 Cylinder Engine Gasoline Fuel,6-Speed A/T,Blue,Beige,None reported,Yes,36900,10.515993929932415,9.692828247710418
Cadillac,SRX Luxury Collection,2012,87500,E85 Flex Fuel,308.0HP 3.6L V6 Cylinder Engine Flex Fuel Capability,A/T,White,Beige,None reported,Yes,11499,9.350102314351341,11.37940550085183
FIAT,500 Lounge,2013,85458,Gasoline,101.0HP 1.4L 4 Cylinder Engine Gasoline Fuel,A/T,White,Beige,None reported,Yes,9000,9.105090961257085,11.355792007748791
Mercedes-Benz,EQS 450+ Base,2022,16500,Gasoline,329.0HP Electric Motor Electric Fuel System,A/T,Blue,White,None reported,Yes,69500,11.149096419938578,9.711176264112805
MINI,Cooper S Clubman Base,2009,83853,Gasoline,172.0HP 1.6L 4 Cylinder Engine Gasoline Fuel,6-Speed M/T,Gray,Black,At least 1 accident or damage reported,Yes,6950,8.846640813100485,11.336832470347295
BMW,X6 M50i,2022,22500,Gasoline,523.0HP 4.4L 8 Cylinder Engine Gasoline Fuel,Transmission w/Dual Shift Mode,Black,–,At least 1 accident or damage reported,Yes,74999,11.225243392518447,10.021315031649332
Lexus,LS 460 Base,2013,99524,Gasoline,386.0HP 4.6L 8 Cylinder Engine Gasoline Fuel,8-Speed A/T,Gray,Black,At least 1 accident or damage reported,Yes,24900,10.122663242288953,11.508164147868518
Genesis,GV80 2.5T,2023,8100,Gasoline,300.0HP 2.5L 4 Cylinder Engine Gasoline Fuel,Transmission w/Dual Shift Mode,Silver,Beige,None reported,Yes,57300,10.956073354557526,8.999742789830492
MINI,Hardtop Cooper S,2016,43073,Gasoline,2.0L I4 16V GDI DOHC Turbo,6-Speed Automatic,Volcanic Orange,Carbon Black,None reported,Yes,17999,9.798127036878302,10.670674845804538
Land Rover,Range Rover Velar R-Dynamic S,2023,12425,Gasoline,I4,Automatic,Firenze Red,Ebony,None reported,Yes,57619,10.961625008638519,9.42754633062364
BMW,530 i xDrive,2020,23195,Gasoline,2.0L I4 16V GDI DOHC Turbo,8-Speed Automatic,Dark Graphite Metallic,Black,None reported,Yes,38900,10.568775236216993,10.05173512899633
Jeep,Grand Cherokee Laredo,2011,118000,Gasoline,360.0HP 5.7L 8 Cylinder Engine Gasoline Fuel,A/T,Gold,Black,At least 1 accident or damage reported,Yes,12500,9.433563920090563,11.678448377988165
Toyota,Tacoma SR5,2018,65290,Gasoline,278.0HP 3.5L V6 Cylinder Engine Gasoline Fuel,6-Speed A/T,Blue,Black,At least 1 accident or damage reported,Yes,26450,10.183049243755137,11.086609480344594
Porsche,911 Carrera Cabriolet,2001,47885,Gasoline,300.0HP 3.4L Flat 6 Cylinder Engine Gasoline Fuel,6-Speed M/T,Gray,Black,None reported,Yes,31995,10.373366173968712,10.776578465104064
Jeep,Gladiator Sport S,2020,13000,Gasoline,285.0HP 3.6L V6 Cylinder Engine Gasoline Fuel,8-Speed A/T,Gray,–,None reported,Yes,39500,10.584081267024454,9.472781556562168
Dodge,Challenger SRT Hellcat,2018,29475,Gasoline,707.0HP 6.2L 8 Cylinder Engine Gasoline Fuel,8-Speed A/T,Orange,Black,None reported,Yes,62999,11.05089000537367,10.29133165188689
Jeep,Renegade Trailhawk,2017,78717,Gasoline,180.0HP 2.4L 4 Cylinder Engine Gasoline Fuel,A/T,Black,Black,None reported,Yes,17500,9.770013301136158,11.273627124899319
Ford,F-150 Lariat,2021,9142,Hybrid,430.0HP 3.5L V6 Cylinder Engine Gas/Electric Hybrid,10-Speed A/T,Black,Gray,None reported,Yes,61500,11.026808713825016,9.120743838164426
Jaguar,XF Premium,2011,106000,Gasoline,385.0HP 5.0L 8 Cylinder Engine Gasoline Fuel,6-Speed A/T,Brown,Beige,At least 1 accident or damage reported,Yes,9400,9.148571345578551,11.571203807011969
RAM,1500 Laramie,2022,3521,Gasoline,5.7L V8 16V MPFI OHV,Automatic,Diamond Black,Black,None reported,Yes,51074,10.841050419685823,8.166784289056151
Volkswagen,Golf GTI 2.0T SE 4-Door,2016,90000,Gasoline,210.0HP 2.0L 4 Cylinder Engine Gasoline Fuel,6-Speed A/T,Gray,Black,None reported,Yes,16750,9.726213236963687,11.407576060361786
Porsche,Macan Turbo,2016,46000,Gasoline,400.0HP 3.6L V6 Cylinder Engine Gasoline Fuel,Transmission w/Dual Shift Mode,Gray,–,None reported,Yes,38000,10.545367754151743,10.736418414365376
BMW,X4 M Competition,2020,18362,Gasoline,503.0HP 3.0L Straight 6 Cylinder Engine Gasoline Fuel,A/T,Black,Orange,None reported,Yes,60000,11.002116507732017,9.81809304951918
Lexus,RX 350 Base,2013,164500,Gasoline,270.0HP 3.5L V6 Cylinder Engine Gasoline Fuel,6-Speed A/T,White,Black,At least 1 accident or damage reported,Yes,16500,9.711176264112805,12.010671928196443
GMC,Terrain SLT,2020,55018,Gasoline,170.0HP 1.5L 4 Cylinder Engine Gasoline Fuel,9-Speed A/T,Black,Black,At least 1 accident or damage reported,Yes,25500,10.146472946063877,10.915433859104379
Nissan,Maxima SV,2022,36466,Gasoline,3.5L V6 24V GDI DOHC,Automatic CVT,Brilliant Silver Metallic,Charcoal,None reported,Yes,24980,10.125870814903928,10.504163021027956
Volvo,S60 B5 Inscription,2022,14280,Hybrid,247.0HP 2.0L 4 Cylinder Engine Gasoline/Mild Electric Hybrid,A/T,Blue,Black,None reported,Yes,36500,10.505094936455558,9.566685261452934
Subaru,Outback 2.5i Premium,2013,116000,Gasoline,173.0HP 2.5L 4 Cylinder Engine Gasoline Fuel,A/T,Blue,Beige,At least 1 accident or damage reported,Yes,12500,9.433563920090563,11.661354090741
RAM,1500 Laramie,2022,16184,Gasoline,5.7L V8 16V MPFI OHV,8-Speed Automatic,Granite Crystal Clearcoat Metallic,Black,None reported,Yes,46999,10.757902880692196,9.691840166360345
Ford,Explorer XLT,2020,45000,Gasoline,300.0HP 2.3L 4 Cylinder Engine Gasoline Fuel,10-Speed A/T,Silver,Black,None reported,Yes,33500,10.419330568113901,10.714439990727769
Ford,F-150 Lariat,2013,102000,Gasoline,365.0HP 3.5L V6 Cylinder Engine Gasoline Fuel,6-Speed A/T,White,Black,None reported,Yes,23000,10.043292972227004,11.532737896139919
Ford,Excursion XLS,2004,163000,Diesel,325.0HP 6.0L 8 Cylinder Engine Diesel Fuel,5-Speed A/T,Silver,Gray,At least 1 accident or damage reported,Yes,18000,9.798182590890704,12.001511614739405
BMW,M8 Competition,2023,3500,Gasoline,617.0HP 4.4L 8 Cylinder Engine Gasoline Fuel,8-Speed A/T,Gray,Gray,None reported,Yes,129000,11.767575435251748,8.160803920954665
Porsche,Panamera GTS,2016,42526,Gasoline,440.0HP 4.8L 8 Cylinder Engine Gasoline Fuel,7-Speed A/T,Blue,Black,None reported,Yes,66200,11.10045084755119,10.657894447316275
Mazda,Mazda3 i Touring,2012,144900,Gasoline,155.0HP 2.0L 4 Cylinder Engine Gasoline Fuel,Transmission w/Dual Shift Mode,Black,–,None reported,Yes,6000,8.699681400989514,11.88380602959621
GMC,Sierra 1500 SLT,2016,85000,Gasoline,355.0HP 5.3L 8 Cylinder Engine Gasoline Fuel,A/T,White,Black,None reported,Yes,32750,10.396688774948379,11.350418300109132
Mercedes-Benz,Sprinter 2500 Standard Roof,2022,16113,Diesel,188.0HP 3.0L V6 Cylinder Engine Diesel Fuel,A/T,Gray,Black,None reported,Yes,111000,11.6172944892629,9.68744373833714
Mercedes-Benz,GL-Class GL 450,2011,93000,Gasoline,335.0HP 4.7L 8 Cylinder Engine Gasoline Fuel,A/T,Gray,Beige,At least 1 accident or damage reported,Yes,11900,9.38437770918244,11.440365524765756
RAM,1500 Big Horn,2022,11468,Gasoline,5.7L V8 16V MPFI OHV,Automatic,Bright White Clearcoat,Black,None reported,Yes,50204,10.823869902313536,9.347403022364523
Lexus,NX 300 Base,2019,25470,Gasoline,235.0HP 2.0L 4 Cylinder Engine Gasoline Fuel,Transmission w/Dual Shift Mode,Silver,Red,None reported,Yes,32500,10.389026137075234,10.145295829079494
BMW,435 i xDrive,2014,90347,Gasoline,300.0HP 3.0L Straight 6 Cylinder Engine Gasoline Fuel,8-Speed A/T,Silver,Black,None reported,Yes,21800,9.989711119284745,11.411424159638123
GMC,Yukon SLE,2017,96000,Gasoline,355.0HP 5.3L 8 Cylinder Engine Gasoline Fuel,A/T,Gray,Black,None reported,Yes,34000,10.434145214930487,11.472113887062386
Honda,Pilot EX-L,2016,80500,Gasoline,280.0HP 3.5L V6 Cylinder Engine Gasoline Fuel,6-Speed A/T,Gray,Black,None reported,Yes,23000,10.043292972227004,11.296024885689746
Audi,A5 Sportback S line Premium Plus,2021,35000,Hybrid,261.0HP 2.0L 4 Cylinder Engine Gasoline/Mild Electric Hybrid,7-Speed A/T,Black,Black,None reported,Yes,37499,10.532096211958502,10.463131911491967
Honda,Civic Sport,2020,121212,Gasoline,1.5L I4 16V GDI DOHC Turbo,Automatic CVT,White,Sport,At least 1 accident or damage reported,Yes,18387,9.819453556926119,11.705304607591403
Mercedes-Benz,G 550 4x4 Squared Base,2018,14381,Gasoline,4.0L V8 32V GDI DOHC Twin Turbo,7-Speed Automatic,Designo Magno Matte,Black,None reported,Yes,204900,12.230282214644559,9.57373270366244
Porsche,Panamera Platinum Edition,2022,13500,Gasoline,325.0HP 2.9L V6 Cylinder Engine Gasoline Fuel,8-Speed A/T,Green,Black,None reported,Yes,86999,11.37366339763672,9.510519035757246
BMW,740e xDrive iPerformance,2019,33214,Plug-In Hybrid,322.0HP 2.0L 4 Cylinder Engine Plug-In Electric/Gas,A/T,White,Black,None reported,Yes,43500,10.680539205318292,10.410756860099342
Ford,F-250 XLT,2017,29719,E85 Flex Fuel,385.0HP 6.2L 8 Cylinder Engine Flex Fuel Capability,A/T,White,Gray,None reported,Yes,31000,10.34177474101152,10.299575498831695
Lincoln,Corsair Standard,2022,4520,Gasoline,250.0HP 2.0L 4 Cylinder Engine Gasoline Fuel,8-Speed A/T,Beige,Beige,None reported,Yes,38500,10.55843949396453,8.416488487294606
Hyundai,Sonata Sport,2017,84129,Gasoline,2.4L I4 16V GDI DOHC,6-Speed Automatic,Phantom Black,Graphite,None reported,Yes,14599,9.588776807696428,11.34011850054486
Nissan,Maxima 3.5 SR,2019,72150,Gasoline,300.0HP 3.5L V6 Cylinder Engine Gasoline Fuel,CVT Transmission,White,Black,At least 1 accident or damage reported,Yes,26999,10.203592144986466,11.186516424119828
GMC,Yukon SLT,2015,94500,Gasoline,355.0HP 5.3L 8 Cylinder Engine Gasoline Fuel,A/T,White,Beige,At least 1 accident or damage reported,Yes,30000,10.308985993422082,11.456365695436427
Mercedes-Benz,GLS 550 Base 4MATIC,2017,88454,Gasoline,449.0HP 4.7L 8 Cylinder Engine Gasoline Fuel,9-Speed A/T,White,Beige,None reported,Yes,39999,10.596634733096073,11.390249227102714
Cadillac,CTS Base,2010,81696,Gasoline,270.0HP 3.0L V6 Cylinder Engine Gasoline Fuel,6-Speed A/T,Silver,Beige,At least 1 accident or damage reported,Yes,9499,9.159047077588632,11.310772560467667
Cadillac,CTS Base,2005,94100,Gasoline,255.0HP 3.6L V6 Cylinder Engine Gasoline Fuel,6-Speed M/T,White,Beige,None reported,Yes,6099,8.716044050161402,11.452123952509567
Ford,Explorer Limited,2022,17500,Hybrid,318.0HP 3.3L V6 Cylinder Engine Gas/Electric Hybrid,10-Speed A/T,White,Black,None reported,Yes,46000,10.736418414365376,9.770013301136158
Acura,RDX,2016,132252,Gasoline,3.5 Liter,Automatic,Crystal Black,Black,None reported,Yes,18998,9.85214162518454,11.79247203377328
Toyota,Highlander XLE,2022,4437,Gasoline,295.0HP 3.5L V6 Cylinder Engine Gasoline Fuel,Transmission w/Dual Shift Mode,Gray,Black,None reported,Yes,42000,10.645448706505872,8.39795910349254
Volkswagen,Golf GTI 2.0T SE 4-Door,2018,70500,Gasoline,220.0HP 2.0L 4 Cylinder Engine Gasoline Fuel,Transmission w/Dual Shift Mode,White,Black,None reported,Yes,23000,10.043292972227004,11.163382173096926
Toyota,Corolla CE,2008,170000,Gasoline,126.0HP 1.8L 4 Cylinder Engine Gasoline Fuel,A/T,Gray,Gray,None reported,Yes,5199,8.556413904569519,12.04355959836804
Honda,Element EX,2008,122000,Gasoline,166.0HP 2.4L 4 Cylinder Engine Gasoline Fuel,A/T,Blue,Gray,None reported,Yes,10500,9.259225769705994,11.711784520403112
Toyota,Camry Solara SE,2008,57852,Gasoline,210.0HP 3.3L V6 Cylinder Engine Gasoline Fuel,A/T,Silver,Gray,None reported,Yes,13900,9.539716058977092,10.965660589531335
Hyundai,Genesis 4.6,2010,120321,Gasoline,378.0HP 4.6L 8 Cylinder Engine Gasoline Fuel,Transmission w/Dual Shift Mode,White,Beige,None reported,Yes,10500,9.259225769705994,11.697926761385943
BMW,325 Ci,2004,178000,Gasoline,184.0HP 2.5L Straight 6 Cylinder Engine Gasoline Fuel,5-Speed A/T,Blue,Brown,None reported,Yes,5750,8.657129031713755,12.08954444723597
BMW,M3 Base,2002,60255,Gasoline,333.0HP 3.2L Straight 6 Cylinder Engine Gasoline Fuel,6-Speed M/T,Yellow,Black,None reported,Yes,28750,10.266427828229292,11.006357431456879
Land Rover,Range Rover Sport HSE Dynamic,2019,77690,Gasoline,380.0HP 3.0L V6 Cylinder Engine Gasoline Fuel,8-Speed A/T,White,Beige,None reported,Yes,43500,10.680539205318292,11.260494699531083
Chevrolet,Corvette ZR-1,2009,18000,Gasoline,638.0HP 6.2L 8 Cylinder Engine Gasoline Fuel,6-Speed M/T,Gray,Black,None reported,Yes,78000,11.264476926102367,9.798182590890704
Honda,Prelude Type SH,2001,125000,Gasoline,200.0HP 2.2L 4 Cylinder Engine Gasoline Fuel,5-Speed M/T,Red,Black,None reported,Yes,18000,9.798182590890704,11.736077016252437
Lexus,NX 300 Base,2021,6449,Gasoline,2.0L I4 16V PDI DOHC Turbo,6-Speed Automatic,Silver,Black,At least 1 accident or damage reported,Unknown,35999,10.491274217438248,8.771835409789817
Volkswagen,Golf GTI 2.0T SE 4-Door,2019,33000,Gasoline,228.0HP 2.0L 4 Cylinder Engine Gasoline Fuel,6-Speed M/T,Black,Black,None reported,Yes,27500,10.221977646629885,10.404293143019792
Nissan,Armada LE,2009,87130,Gasoline,317.0HP 5.6L 8 Cylinder Engine Gasoline Fuel,A/T,Brown,Black,None reported,Yes,20000,9.90353755128617,11.37516801226265
Toyota,Camry Solara SLE,2008,73000,Gasoline,210.0HP 3.3L V6 Cylinder Engine Gasoline Fuel,5-Speed A/T,Blue,Beige,At least 1 accident or damage reported,Yes,11500,9.350189267092581,11.19822841866684
Porsche,Macan S,2020,22354,Gasoline,3.0L V6 24V GDI DOHC Turbo,7-Speed Automatic with Auto-Shift,Black,Black,None reported,Yes,54900,10.91328684226798,10.01480528866808
Tesla,Model Y Performance,2023,6188,Gasoline,455.0HP Electric Motor Electric Fuel System,A/T,Gray,White,None reported,Yes,53900,10.894904309600681,8.73052880173936
GMC,Terrain SLT,2019,60807,Gasoline,2.0L I4 16V GDI DOHC Turbo,9-Speed Automatic,Red Quartz Tintcoat,Medium Ash Gray,At least 1 accident or damage reported,Yes,25925,10.163001605159987,11.015476638245877
Jeep,Compass Latitude,2014,105000,Gasoline,158.0HP 2.0L 4 Cylinder Engine Gasoline Fuel,A/T,Black,Black,None reported,Yes,10950,9.301186055275759,11.561725152903833
Audi,Q7 3.0T Prestige,2018,63400,Gasoline,333.0HP 3.0L V6 Cylinder Engine Gasoline Fuel,A/T,Black,Black,None reported,Yes,29900,10.305647203635566,11.05723491317159
Ford,F-250 Platinum,2022,4500,Gasoline,430.0HP 7.3L 8 Cylinder Engine Gasoline Fuel,10-Speed A/T,Black,Black,None reported,Yes,86500,11.367911253546788,8.412054873292933
Jeep,Gladiator Overland,2020,8025,Gasoline,3.6L V6 24V MPFI DOHC,8-Speed Automatic,Firecracker Red Clearcoat,Black,None reported,Yes,42433,10.655705206673062,8.990441550826862
Lincoln,Navigator L Reserve,2019,49131,Gasoline,3.5L V6 24V PDI DOHC Twin Turbo,10-Speed Automatic,Tan,–,None reported,Yes,55460,10.923435350020556,10.802265832658986
Tesla,Model X P100D,2017,100346,Gasoline,Electric Motor Electric Fuel System,1-Speed A/T,Silver,White,None reported,Yes,45999,10.736396675471232,11.51638945841139
Mercedes-Benz,CLS-Class CLS 400 4MATIC,2016,62285,Gasoline,329.0HP 3.0L V6 Cylinder Engine Gasoline Fuel,7-Speed A/T,Black,Black,At least 1 accident or damage reported,Yes,29950,10.307317991967832,11.0394919604213
Lexus,RX 350 Base,2021,5040,Gasoline,295.0HP 3.5L V6 Cylinder Engine Gasoline Fuel,8-Speed A/T,Beige,Beige,At least 1 accident or damage reported,Yes,48900,10.797553125151618,8.525359754082631
RAM,1500 Laramie,2022,12940,Gasoline,5.7L V8 16V MPFI OHV,8-Speed Automatic,Bright White Clearcoat,Black,At least 1 accident or damage reported,Unknown,46999,10.757902880692196,9.46815584482167
Mitsubishi,Outlander Sport ES,2015,98385,Gasoline,166.0HP 2.4L 4 Cylinder Engine Gasoline Fuel,CVT Transmission,Silver,Black,At least 1 accident or damage reported,Yes,10500,9.259225769705994,11.49665379649533
Hyundai,Sonata SE,2013,43903,Gasoline,200.0HP 2.4L 4 Cylinder Engine Gasoline Fuel,A/T,Red,Black,At least 1 accident or damage reported,Yes,12500,9.433563920090563,10.689760711085556
Ford,Mustang EcoBoost Premium,2017,41650,Gasoline,310.0HP 2.3L 4 Cylinder Engine Gasoline Fuel,A/T,Blue,Black,None reported,Yes,23600,10.069044362997353,10.637080656910605
BMW,X5 PHEV xDrive45e,2022,31850,Plug-In Hybrid,389.0HP 3.0L Straight 6 Cylinder Engine Plug-In Electric/Gas,Transmission w/Dual Shift Mode,White,Black,None reported,Yes,60500,11.010415172807951,10.368824057681683
Hyundai,Sonata Hybrid Limited,2013,96419,Hybrid,199.0HP 2.4L 4 Cylinder Engine Gas/Electric Hybrid,6-Speed A/T,Black,Gray,At least 1 accident or damage reported,Yes,14999,9.615805480084347,11.476468927959614
Honda,Odyssey EX-L,2007,170000,Gasoline,244.0HP 3.5L V6 Cylinder Engine Gasoline Fuel,A/T,Black,Beige,None reported,Yes,7700,8.94910546953925,12.04355959836804
Chevrolet,Colorado LT Crew Cab,2009,139000,Gasoline,300.0HP 5.3L 8 Cylinder Engine Gasoline Fuel,A/T,Black,Black,None reported,Yes,14500,9.581972891547895,11.842236406331555
Buick,Enclave Premium,2016,134655,Gasoline,3.6L V6 24V GDI DOHC,6-Speed Automatic,Ebony Twilight Metallic,Ebony,None reported,Yes,18051,9.801011760946892,11.810478657217272
BMW,M235 i,2015,81000,Gasoline,320.0HP 3.0L Straight 6 Cylinder Engine Gasoline Fuel,6-Speed M/T,White,Red,None reported,Yes,27890,10.236059335123967,11.302216779257382
McLaren,720S Performance,2020,9989,Gasoline,710.0HP 4.0L 8 Cylinder Engine Gasoline Fuel,7-Speed A/T,Black,Black,None reported,Yes,324995,12.691568153543827,9.2093398716426
Kia,Telluride SX,2022,46347,Gasoline,3.8L V6 24V GDI DOHC,8-Speed Automatic,Glacial White Pearl,Black,None reported,Yes,46120,10.739023656715148,10.743933420116953
Chevrolet,Corvette Base,2007,4048,Gasoline,400.0HP 6.0L 8 Cylinder Engine Gasoline Fuel,6-Speed M/T,Yellow,Gray,None reported,Yes,38000,10.545367754151743,8.30622521603216
Mercedes-Benz,S-Class S 63 AMG,2015,79876,Gasoline,577.0HP 5.5L 8 Cylinder Engine Gasoline Fuel,7-Speed A/T,Black,White,None reported,Yes,45750,10.730968928388284,11.288243230489993
Toyota,Mirai Limited,2021,44000,Gasoline,182.0HP Electric Motor Hydrogen Fuel,A/T,Gray,Black,None reported,Yes,18500,9.825580063659602,10.691967639914864
Alfa Romeo,Giulia Ti,2017,56910,Gasoline,280.0HP 2.0L 4 Cylinder Engine Gasoline Fuel,Transmission w/Dual Shift Mode,Blue,Black,None reported,Yes,23000,10.043292972227004,10.949243923047078
Land Rover,Range Rover Sport HSE,2019,65019,Gasoline,340.0HP 3.0L V6 Cylinder Engine Gasoline Fuel,A/T,Black,Beige,None reported,Yes,40500,10.609081944147828,11.082450193857897
Nissan,370Z Touring,2009,133409,Gasoline,332.0HP 3.7L V6 Cylinder Engine Gasoline Fuel,6-Speed M/T,Silver,Gray,At least 1 accident or damage reported,Yes,14999,9.615805480084347,11.801182372172851
BMW,330 i xDrive,2018,74381,Gasoline,248.0HP 2.0L 4 Cylinder Engine Gasoline Fuel,8-Speed A/T,White,Brown,At least 1 accident or damage reported,Yes,22995,10.043075566743182,11.216969256066202
Porsche,Macan,2023,2925,Gasoline,2.0L I4 16V GDI DOHC Turbo,7-Speed Automatic with Auto-Shift,Carrara White Metallic,Black,None reported,Yes,73300,11.202329530346486,7.98139158158007
BMW,128 i,2013,67874,Gasoline,230.0HP 3.0L Straight 6 Cylinder Engine Gasoline Fuel,6-Speed A/T,Gray,Black,None reported,Yes,18000,9.798182590890704,11.125423057236237
Mercedes-Benz,AMG GLE 63 S Coupe 4MATIC,2018,71500,Gasoline,577.0HP 5.5L 8 Cylinder Engine Gasoline Fuel,7-Speed A/T,White,White,None reported,Yes,61000,11.0186455364637,11.177466714598282
Jeep,Wrangler Sport,2014,71000,Gasoline,285.0HP 3.6L V6 Cylinder Engine Gasoline Fuel,5-Speed A/T,Gray,Black,None reported,Yes,22000,9.99884318585288,11.170449240431308
Ford,F-150 Raptor,2018,64517,Gasoline,450.0HP 3.5L V6 Cylinder Engine Gasoline Fuel,10-Speed A/T,Black,Black,None reported,Yes,47995,10.77887295308428,11.074699533618581
Dodge,Sprinter 2500 High Roof,2004,55000,Diesel,154.0HP 2.7L 5 Cylinder Engine Diesel Fuel,A/T,White,Gray,None reported,Yes,24000,10.085850775128717,10.915106645867503
BMW,M550 i xDrive,2019,7580,Gasoline,456.0HP 4.4L 8 Cylinder Engine Gasoline Fuel,Transmission w/Dual Shift Mode,Black,Black,None reported,Yes,51500,10.849356503939038,8.933400396056303
Hyundai,Sonata GLS,2010,135000,Gasoline,168.0HP 2.4L 4 Cylinder Engine Gasoline Fuel,Transmission w/Dual Shift Mode,Blue,Gray,None reported,Yes,3999,8.294049640102028,11.813037464800539
Honda,Accord EX-L,2019,62200,Gasoline,192.0HP 1.5L 4 Cylinder Engine Gasoline Fuel,A/T,White,Black,At least 1 accident or damage reported,Yes,21500,9.975854724662028,11.038126355768453
Cadillac,CTS 3.6L Premium,2014,69001,Gasoline,321.0HP 3.6L V6 Cylinder Engine Gasoline Fuel,6-Speed A/T,Red,Black,None reported,Yes,19500,9.87822102528824,11.14189076866657
Toyota,4Runner Venture Special Edition,2021,28567,Gasoline,"4L V-6 DOHC, VVT-i variable valve control, regular unleaded, eng",Automatic,–,Black/Graphite,None reported,Yes,44775,10.709427560571196,10.260042489274284
Jaguar,XJ8 L,2006,78049,Gasoline,300.0HP 4.2L 8 Cylinder Engine Gasoline Fuel,6-Speed A/T,White,Beige,None reported,Yes,13980,9.545454543987825,11.265104925943579
Ford,F-150 Lariat,2021,36821,Gasoline,3.5L V6 24V PDI DOHC Twin Turbo,Automatic,Agate Black Metallic,Black,None reported,Yes,49273,10.80515183754812,10.513850771617152
Chevrolet,Suburban High Country,2021,23292,Gasoline,420.0HP 6.2L 8 Cylinder Engine Gasoline Fuel,10-Speed A/T,Brown,Black,None reported,Yes,73500,11.205054290550551,10.055908165231354
Chevrolet,Suburban 1500 LTZ,2010,162671,E85 Flex Fuel,320.0HP 5.3L 8 Cylinder Engine Flex Fuel Capability,A/T,Black,Black,None reported,Yes,12000,9.392745258631441,11.999491182514943
Land Rover,LR2 HSE,2010,100472,Gasoline,230.0HP 3.2L Straight 6 Cylinder Engine Gasoline Fuel,6-Speed A/T,Gray,Beige,None reported,Yes,9975,9.207937487359873,11.51764431367017
Subaru,WRX Limited,2017,73120,Gasoline,268.0HP 2.0L 4 Cylinder Engine Gasoline Fuel,CVT Transmission,White,Black,At least 1 accident or damage reported,Yes,19950,9.901034546375062,11.19987088218331
Ford,Expedition Timberline,2022,23300,Gasoline,440.0HP 3.5L V6 Cylinder Engine Gasoline Fuel,10-Speed A/T,Green,Green,None reported,Yes,67500,11.119897691565697,10.056251557087757
Honda,Clarity Plug-In Hybrid Base,2018,71000,Plug-In Hybrid,212.0HP 1.5L 4 Cylinder Engine Plug-In Electric/Gas,A/T,Red,Beige,At least 1 accident or damage reported,Yes,17500,9.770013301136158,11.170449240431308
RAM,3500 Laramie,2022,16648,Diesel,6.7L I6 24V DDI OHV Turbo Diesel,6-Speed Automatic,Flame Red Clearcoat,Black,None reported,Yes,70999,11.170435156023453,9.720105433544852
Chevrolet,Silverado 2500 LT,2011,240000,Diesel,335.0HP 6.6L 8 Cylinder Engine Diesel Fuel,6-Speed A/T,White,Black,None reported,Yes,18500,9.825580063659602,12.388398368982115
Lexus,RX 450h Base,2013,119755,Hybrid,295.0HP 3.5L V6 Cylinder Engine Gas/Electric Hybrid,Transmission w/Dual Shift Mode,Silver,Black,None reported,Yes,19500,9.87822102528824,11.693211618402113
Mercedes-Benz,M-Class ML 350 4MATIC,2015,88000,E85 Flex Fuel,302.0HP 3.5L V6 Cylinder Engine Flex Fuel Capability,A/T,Silver,Gray,None reported,Yes,19500,9.87822102528824,11.385103457032141
BMW,X5 xDrive40i,2021,41000,Hybrid,335.0HP 3.0L Straight 6 Cylinder Engine Gasoline/Mild Electric Hybrid,8-Speed A/T,White,Black,None reported,Yes,50000,10.819798284210286,10.62135173563291
Chevrolet,Camaro 2SS,2022,7458,Gasoline,455.0HP 6.2L 8 Cylinder Engine Gasoline Fuel,6-Speed M/T,Red,Black,None reported,Yes,47500,10.768506042432708,8.917176635955164
Jeep,Gladiator Sport S,2022,23000,Gasoline,285.0HP 3.6L V6 Cylinder Engine Gasoline Fuel,A/T,Green,Black,None reported,Yes,43000,10.668978650219241,10.043292972227004
Ford,F-250 XLT,2017,244000,Diesel,440.0HP 6.7L 8 Cylinder Engine Diesel Fuel,6-Speed A/T,Red,Beige,None reported,Yes,35500,10.477316144080852,12.404927602627597
RAM,1500 Rebel,2019,46000,Hybrid,305.0HP 3.6L V6 Cylinder Engine Gasoline/Mild Electric Hybrid,8-Speed A/T,White,–,None reported,Yes,37900,10.542732775946709,10.736418414365376
Audi,Q5 S line Premium Plus,2022,13133,Hybrid,2.0 Liter TFSI,Automatic,Silver,Black,None reported,Yes,42998,10.668932138591325,9.482959566750917
RAM,1500 SLT,2017,45000,Gasoline,395.0HP 5.7L 8 Cylinder Engine Gasoline Fuel,A/T,Black,Gray,None reported,Yes,29999,10.308952660644293,10.714439990727769
Mazda,CX-30 Premium Package,2021,18385,Gasoline,2.5L I4 16V GDI DOHC,6-Speed Automatic,Soul Red Crystal Metallic,White / Brown,None reported,Yes,29255,10.283839959829217,9.8193447844237
BMW,840 Gran Coupe i xDrive,2020,25793,Gasoline,3.0L I6 24V GDI DOHC Turbo,8-Speed Automatic,Black Sapphire Metallic,Black,None reported,Yes,52999,10.87804719253426,10.157897185724337
Porsche,Boxster S,2005,44400,Gasoline,280.0HP 3.2L Flat 6 Cylinder Engine Gasoline Fuel,6-Speed M/T,Silver,Black,None reported,Yes,29800,10.30229722897745,10.70101727068921
Chevrolet,Malibu Limited LT,2016,104000,Gasoline,2.5L 4 Cylinder Engine Gasoline Fuel,6-Speed A/T,Silver,Gray,None reported,Yes,10500,9.259225769705994,11.552155793461898
Cadillac,Escalade Premium Luxury,2023,600,Gasoline,420.0HP 6.2L 8 Cylinder Engine Gasoline Fuel,A/T,Black,Black,None reported,Yes,103000,11.542493975902508,6.398594934535208
MINI,Cooper S Base,2007,45000,Gasoline,172.0HP 1.6L 4 Cylinder Engine Gasoline Fuel,6-Speed M/T,Yellow,Black,None reported,Yes,7900,8.974744612722734,10.714439990727769
Jeep,Gladiator Mojave,2022,24500,Gasoline,285.0HP 3.6L V6 Cylinder Engine Gasoline Fuel,8-Speed A/T,Blue,Black,None reported,Yes,64000,11.06665398721974,10.106469212026385
Buick,Encore GX Essence,2020,35569,Gasoline,1.3L I3 12V MPFI DOHC Turbo,Automatic CVT,Satin Steel Metallic,Ebony,None reported,Yes,21999,9.998797732340453,10.4792578649425
Toyota,Highlander XLE,2020,35000,Gasoline,295.0HP 3.5L V6 Cylinder Engine Gasoline Fuel,A/T,Silver,Black,None reported,Yes,36999,10.51867319162636,10.463131911491967
Acura,MDX Touring,2003,165000,Gasoline,260.0HP 3.5L V6 Cylinder Engine Gasoline Fuel,A/T,Silver,Black,At least 1 accident or damage reported,Yes,4000,8.294299608857235,12.013706813470414
Land Rover,Range Rover Sport SE MHEV,2021,15000,Hybrid,355.0HP 3.0L Straight 6 Cylinder Engine Gasoline/Mild Electric Hybrid,A/T,Black,Black,None reported,Yes,69000,11.141876276228,9.61587214452889
BMW,535 i xDrive,2014,119750,Gasoline,300.0HP 3.0L Straight 6 Cylinder Engine Gasoline Fuel,8-Speed A/T,White,Beige,None reported,Yes,15499,9.648595302907339,11.693169865968983
Nissan,350Z Touring,2007,90000,Gasoline,306.0HP 3.5L V6 Cylinder Engine Gasoline Fuel,M/T,White,Green,At least 1 accident or damage reported,Yes,12000,9.392745258631441,11.407576060361786
Ford,Transit Connect XLT,2015,112000,Gasoline,169.0HP 2.5L 4 Cylinder Engine Gasoline Fuel,A/T,White,Black,At least 1 accident or damage reported,Yes,14500,9.581972891547895,11.626263078808801
Mercedes-Benz,SL-Class SL550 Roadster,2008,150000,Gasoline,382.0HP 5.5L 8 Cylinder Engine Gasoline Fuel,7-Speed A/T,Black,Beige,None reported,Yes,16800,9.729193687429403,11.918397239722838
Porsche,911 Turbo S,2021,1912,Gasoline,640.0HP 3.8L Flat 6 Cylinder Engine Gasoline Fuel,8-Speed A/T,Silver,Black,None reported,Yes,240000,12.388398368982115,7.556427969440253
Hyundai,Sonata Sport 2.0T,2015,82900,Gasoline,245.0HP 2.0L 4 Cylinder Engine Gasoline Fuel,A/T,Black,Black,At least 1 accident or damage reported,Yes,13995,9.54652685348758,11.325402403776808
Audi,TT 1.8T,2004,79500,Gasoline,180.0HP 1.8L 4 Cylinder Engine Gasoline Fuel,A/T,Silver,Black,None reported,Yes,12000,9.392745258631441,11.283524879179666
Volvo,XC90 T6 Inscription,2019,60000,Gasoline,316.0HP 2.0L 4 Cylinder Engine Gasoline Fuel,8-Speed A/T,White,Black,None reported,Yes,37000,10.518700218288165,11.002116507732017
RAM,1500 Big Horn,2021,41800,Diesel,260.0HP 3.0L V6 Cylinder Engine Diesel Fuel,8-Speed A/T,White,Black,None reported,Yes,44900,10.712215345197256,10.640675541671662
Chevrolet,Tahoe LT,2021,71536,Gasoline,5.3L V8 16V GDI OHV,10-Speed Automatic,Black,Jet Black,None reported,Yes,49685,10.813478482261756,11.177970077351677
Ford,Explorer XLT,2014,127558,Gasoline,3.5L V6 24V MPFI DOHC,6-Speed Automatic,Green,Charcoal Black,None reported,Yes,13715,9.526318313582811,11.756334281645163
Ford,Mustang Mach-E Premium,2023,13232,Gasoline,346.0HP Electric Motor Electric Fuel System,1-Speed A/T,Gray,Black,None reported,Yes,45000,10.714439990727769,9.49046898877305
Chevrolet,Camaro 1SS,2017,39000,Gasoline,455.0HP 6.2L 8 Cylinder Engine Gasoline Fuel,8-Speed A/T,Yellow,Black,None reported,Yes,31500,10.357774570341576,10.571342565808699
Ford,Bronco Big Bend Advanced,2023,11500,Gasoline,315.0HP 2.7L V6 Cylinder Engine Gasoline Fuel,10-Speed A/T,Gray,Black,None reported,Yes,54490,10.905790829399939,9.350189267092581
Chrysler,Pacifica Launch Edition,2020,22200,Gasoline,287.0HP 3.6L V6 Cylinder Engine Gasoline Fuel,9-Speed A/T,Black,Black,None reported,Yes,36800,10.513280297700861,10.007892611890918
Tesla,Model Y Long Range,2023,7414,Gasoline,425.0HP Electric Motor Electric Fuel System,A/T,Black,White,None reported,Yes,56515,10.942279062885698,8.911260254572033
Lamborghini,Huracan LP580-2,2017,14586,Gasoline,"5.2L V-10 gasoline direct injection, DOHC, variable valve contro",Automatic,Blue Caelum,Nero Ade,None reported,Yes,209991,12.254824713735868,9.587886000086213
RAM,1500 Rebel,2021,32000,Hybrid,395.0HP 5.7L 8 Cylinder Engine Gasoline/Mild Electric Hybrid,8-Speed A/T,White,Black,None reported,Yes,50927,10.838168149521874,10.373522431293592
Toyota,86 Base,2020,14700,Gasoline,200.0HP 2.0L 4 Cylinder Engine Gasoline Fuel,A/T,White,Black,None reported,Yes,27350,10.216508370253013,9.595670797663967
BMW,X5 xDrive50i,2016,79995,Gasoline,445.0HP 4.4L 8 Cylinder Engine Gasoline Fuel,Transmission w/Dual Shift Mode,Black,Black,None reported,Yes,23995,10.085642428772983,11.289731912405976
GMC,Yukon Denali,2018,76000,Gasoline,420.0HP 6.2L 8 Cylinder Engine Gasoline Fuel,A/T,Black,Black,None reported,Yes,44500,10.703266939811954,11.23850177707664
Honda,Accord EX-L,2014,62000,Gasoline,185.0HP 2.4L 4 Cylinder Engine Gasoline Fuel,CVT Transmission,Gray,Black,At least 1 accident or damage reported,Yes,18987,9.851562479671209,11.034905792929415
Maserati,Ghibli S Q4,2017,53500,Gasoline,404.0HP 3.0L V6 Cylinder Engine Gasoline Fuel,8-Speed A/T,Gray,Black,None reported,Yes,28700,10.264687244346277,10.887455624298198
Hyundai,Kona EV SEL,2022,9400,Gasoline,201.0HP Electric Motor Electric Fuel System,1-Speed A/T,Red,Black,None reported,Yes,31999,10.373491181781864,9.148571345578551
BMW,435 i,2014,86500,Gasoline,300.0HP 3.0L Straight 6 Cylinder Engine Gasoline Fuel,A/T,Silver,Black,None reported,Yes,20900,9.94755228369823,11.367911253546788
Mercedes-Benz,GL-Class GL 450,2011,148000,Gasoline,335.0HP 4.7L 8 Cylinder Engine Gasoline Fuel,A/T,Black,Black,At least 1 accident or damage reported,Yes,9900,9.200391041122515,11.904974309480183
GMC,Sierra 1500 SLE,2014,100080,E85 Flex Fuel,285.0HP 4.3L V6 Cylinder Engine Flex Fuel Capability,6-Speed A/T,White,Gray,None reported,Yes,22989,10.042814617757227,11.513735137097267
Dodge,Challenger SRT Demon,2018,2620,Gasoline,808.0HP 6.2L 8 Cylinder Engine Gasoline Fuel,8-Speed A/T,Black,Black,None reported,Yes,155700,11.955692780409043,7.8713112033234065
BMW,X5 PHEV xDrive45e,2023,3099,Plug-In Hybrid,389.0HP 3.0L Straight 6 Cylinder Engine Plug-In Electric/Gas,8-Speed A/T,Black,Black,None reported,Yes,74995,11.225190057762841,8.039157390473237
Dodge,Durango R/T,2020,78000,Gasoline,360.0HP 5.7L 8 Cylinder Engine Gasoline Fuel,8-Speed A/T,Black,Red,At least 1 accident or damage reported,Yes,29500,10.292179440058462,11.264476926102367
Ferrari,488 Spider Base,2019,9005,Gasoline,3.9L V8 32V GDI DOHC Twin Turbo,7-Speed Automatic with Auto-Shift,White,–,None reported,Yes,319900,12.675766851909591,9.105646300861517
Ford,Bronco Sport Big Bend,2022,16700,Gasoline,181.0HP 1.5L 3 Cylinder Engine Gasoline Fuel,8-Speed A/T,Blue,Black,None reported,Yes,31000,10.34177474101152,9.723223876851618
Honda,Civic LX,2015,51300,Gasoline,143.0HP 1.8L 4 Cylinder Engine Gasoline Fuel,5-Speed M/T,Black,Black,None reported,Yes,17500,9.770013301136158,10.84546552414626
Ford,Shelby GT350 Base,2018,8237,Gasoline,526.0HP 5.2L 8 Cylinder Engine Gasoline Fuel,6-Speed M/T,Gray,Black,None reported,Yes,62900,11.049317340813348,9.016512874996026
Volkswagen,Jetta S,2010,99000,Gasoline,170.0HP 2.5L 5 Cylinder Engine Gasoline Fuel,A/T,Gray,Black,At least 1 accident or damage reported,Yes,6000,8.699681400989514,11.502885230075814
Mazda,CX-5 Grand Touring,2021,62377,Gasoline,2.5L I4 16V,6-Speed Automatic,Jet Black Mica,Black,None reported,Yes,26288,10.17690587972396,11.04096792808962
Jeep,Wrangler Rubicon,2009,130000,Gasoline,202.0HP 3.8L V6 Cylinder Engine Gasoline Fuel,6-Speed M/T,Black,Gray,None reported,Yes,15500,9.648659816955295,11.775297421715827
Ford,F-250 XLT,2016,94300,E85 Flex Fuel,385.0HP 6.2L 8 Cylinder Engine Flex Fuel Capability,6-Speed A/T,Silver,Gray,At least 1 accident or damage reported,Yes,28999,10.275051108968611,11.454247073019193
Tesla,Model Y Performance,2022,24115,Gasoline,455.0HP Electric Motor Electric Fuel System,A/T,Gray,White,None reported,Yes,46500,10.747229096720554,10.090630799609297
BMW,528 i,2016,82000,Gasoline,240.0HP 2.0L 4 Cylinder Engine Gasoline Fuel,8-Speed A/T,Silver,Black,At least 1 accident or damage reported,Yes,16995,9.740733301234702,11.314486721293981
Kia,Rio S,2021,67686,Gasoline,120.0HP 1.6L 4 Cylinder Engine Gasoline Fuel,A/T,Silver,Black,None reported,Yes,15700,9.661479683575521,11.12264941682779
Tesla,Model S 85,2014,96800,Gasoline,362.0HP Electric Motor Electric Fuel System,A/T,Blue,Black,None reported,Yes,28450,10.255938588321637,11.480412603789821
Tesla,Model 3 Standard Range,2020,23097,Gasoline,271.0HP Electric Motor Electric Fuel System,A/T,Black,Black,None reported,Yes,29900,10.305647203635566,10.047501312675033
Ferrari,GTC4Lusso T,2018,31000,Gasoline,602.0HP 3.9L 8 Cylinder Engine Gasoline Fuel,A/T,White,Red,None reported,Yes,197499,12.193493863323313,10.34177474101152
BMW,X5 M50i,2021,28898,Gasoline,523.0HP 4.4L 8 Cylinder Engine Gasoline Fuel,A/T,Black,Orange,None reported,Yes,71000,11.170449240431308,10.271562271425733
Mazda,MX-5 Miata RF Club,2022,7250,Gasoline,181.0HP 2.0L 4 Cylinder Engine Gasoline Fuel,6-Speed M/T,Gray,Black,None reported,Yes,35619,10.480662556843653,8.888894669371593
Ford,F-250 XLT,2014,59459,Diesel,400.0HP 6.7L 8 Cylinder Engine Diesel Fuel,6-Speed A/T,Black,Silver,At least 1 accident or damage reported,Yes,40999,10.621327345686446,10.993059096552088
Jeep,Wrangler Sahara,2012,78000,Gasoline,285.0HP 3.6L V6 Cylinder Engine Gasoline Fuel,5-Speed A/T,Beige,Black,At least 1 accident or damage reported,Yes,22000,9.99884318585288,11.264476926102367
RAM,1500 Laramie,2021,24213,Gasoline,395.0HP 5.7L 8 Cylinder Engine Gasoline Fuel,8-Speed A/T,White,Black,None reported,Yes,46500,10.747229096720554,10.094686257267686
RAM,1500 Laramie,2020,21165,Gasoline,5.7L V8 16V MPFI OHV,8-Speed Automatic,Bright White Clearcoat,Black,None reported,Yes,46105,10.738698372359542,9.96015139965367
GMC,Yukon Denali,2016,107750,Gasoline,420.0HP 6.2L 8 Cylinder Engine Gasoline Fuel,8-Speed A/T,Black,Black,None reported,Yes,35500,10.477316144080852,11.587578288665387
Ford,F-150 Lariat,2016,117000,Gasoline,365.0HP 3.5L V6 Cylinder Engine Gasoline Fuel,A/T,White,Black,None reported,Yes,26500,10.184937747111391,11.669937760751914
Chevrolet,Corvette Base,2006,39132,Gasoline,400.0HP 6.0L 8 Cylinder Engine Gasoline Fuel,Transmission w/Dual Shift Mode,Red,Beige,None reported,Yes,35000,10.463131911491967,10.574721379784181
BMW,Z4 2.5i,2004,94500,Gasoline,184.0HP 2.5L Straight 6 Cylinder Engine Gasoline Fuel,5-Speed M/T,Gray,Black,None reported,Yes,9000,9.105090961257085,11.456365695436427
Subaru,Crosstrek 2.0i Premium,2017,50011,Gasoline,148.0HP 2.0L 4 Cylinder Engine Gasoline Fuel,A/T,Red,Beige,At least 1 accident or damage reported,Yes,21495,9.975622150295328,10.82001825561489
Lexus,GX 470 Base,2004,215000,Gasoline,235.0HP 4.7L 8 Cylinder Engine Gasoline Fuel,5-Speed A/T,White,Beige,At least 1 accident or damage reported,Yes,7350,8.902591637374087,12.278397958261774
RAM,1500 Laramie,2022,16616,Gasoline,5.7L V8 16V MPFI OHV,8-Speed Automatic,Diamond Black,Black,None reported,Yes,45999,10.736396675471232,9.718181546701214
Ford,F-150 XLT,2022,33818,Gasoline,5.0L V8 32V PDI DOHC,Automatic,Agate Black Metallic,Black,None reported,Yes,46552,10.74834672745997,10.42877805371264
Jeep,Wagoneer Series III,2022,9099,Gasoline,5.7L V8 16V MPFI OHV,8-Speed Automatic,Velvet Red Pearlcoat,Global Black,None reported,Yes,68362,11.132587021579644,9.116029692504942
Volkswagen,GTI Base,2008,95798,Gasoline,200.0HP 2.0L 4 Cylinder Engine Gasoline Fuel,6-Speed M/T,White,Black,None reported,Yes,9850,9.19532825185568,11.470007525491111
Mercedes-Benz,AMG GLE AMG GLE 63 S-Model 4MATIC,2016,35943,Gasoline,577.0HP 5.5L 8 Cylinder Engine Gasoline Fuel,7-Speed A/T,Black,White,None reported,Yes,51700,10.853232402669228,10.489717450749996
Mazda,Mazda6 iSport VE,2008,106000,Gasoline,156.0HP 2.3L 4 Cylinder Engine Gasoline Fuel,5-Speed A/T,Black,Beige,None reported,Yes,4300,8.366602832783736,11.571203807011969
Kia,Telluride EX X-Line,2023,10400,Gasoline,291.0HP 3.8L V6 Cylinder Engine Gasoline Fuel,8-Speed A/T,Green,Green,None reported,Yes,48000,10.778977123006351,9.249657234353133
Chevrolet,Tahoe LT,2022,2894,Gasoline,355.0HP 5.3L 8 Cylinder Engine Gasoline Fuel,10-Speed A/T,Blue,Beige,None reported,Yes,63900,11.065090289695444,7.970740390007095
Dodge,Durango GT,2022,15592,Gasoline,3.6L V6 24V MPFI DOHC,8-Speed Automatic,DB Black Clearcoat,Black,None reported,Yes,39985,10.596284671831778,9.654577374584886
Mercedes-Benz,AMG C 63 Base,2020,33548,Gasoline,469.0HP 4.0L 8 Cylinder Engine Gasoline Fuel,9-Speed A/T,Silver,Black,None reported,Yes,57999,10.968198289528557,10.420762335696297
BMW,320 i xDrive,2016,185000,Gasoline,180.0HP 2.0L 4 Cylinder Engine Gasoline Fuel,8-Speed A/T,Black,Beige,At least 1 accident or damage reported,Yes,7500,8.922791623969637,12.128116509451258
Porsche,Macan GTS,2023,6483,Gasoline,2.9L V6 24V GDI DOHC Twin Turbo,7-Speed Automatic with Auto-Shift,Chalk,Black,None reported,Yes,96900,11.481445117743048,8.777092882855566
Honda,Pilot EX-L,2020,28886,Gasoline,3.5L V6 24V GDI SOHC,6-Speed Automatic,Gray,Gray,None reported,Yes,35645,10.481392217583796,10.271146945908393
Mercedes-Benz,GLE 350 Base,2020,26293,Gasoline,2.0 Liter Turbo,Automatic,designo Diamond White Bright,Macchiato/Magmagrey,None reported,Yes,49998,10.81975828421028,10.17709605525655
Chevrolet,Camaro 2SS,2017,62000,Gasoline,455.0HP 6.2L 8 Cylinder Engine Gasoline Fuel,Transmission w/Dual Shift Mode,Blue,Black,None reported,Yes,34500,10.448743588106625,11.034905792929415
Jaguar,XF 35t Prestige,2017,101453,Gasoline,340.0HP 3.0L V6 Cylinder Engine Gasoline Fuel,A/T,White,Beige,At least 1 accident or damage reported,Yes,18500,9.825580063659602,11.527360772766484
RAM,3500 Laramie,2013,106385,Diesel,385.0HP 6.7L Straight 6 Cylinder Engine Diesel Fuel,6-Speed A/T,White,Black,At least 1 accident or damage reported,Yes,42900,10.666650414667744,11.574829268285043
BMW,335 is,2012,86629,Gasoline,320.0HP 3.0L Straight 6 Cylinder Engine Gasoline Fuel,7-Speed A/T,White,Red,None reported,Yes,20995,9.95208722237219,11.369401454884185
Audi,S6 4.0T Premium Plus,2018,61258,Gasoline,450.0HP 4.0L 8 Cylinder Engine Gasoline Fuel,7-Speed A/T,White,Black,None reported,Yes,49999,10.819778284410283,11.02286605638804
Chrysler,300 S,2014,121500,Gasoline,363.0HP 5.7L 8 Cylinder Engine Gasoline Fuel,5-Speed A/T,Blue,Black,None reported,Yes,15999,9.680344001221918,11.707677772181546
GMC,Sierra 1500 AT4,2022,100,Diesel,277.0HP 3.0L Straight 6 Cylinder Engine Diesel Fuel,10-Speed A/T,White,Black,None reported,Yes,62499,11.042921835724492,4.61512051684126
Chrysler,200 C,2015,170000,E85 Flex Fuel,295.0HP 3.6L V6 Cylinder Engine Flex Fuel Capability,9-Speed A/T,Silver,Black,At least 1 accident or damage reported,Yes,5995,8.698847859222488,12.04355959836804
Ford,F-150 XLT SuperCab,2010,232000,Gasoline,292.0HP 4.6L 8 Cylinder Engine Gasoline Fuel,A/T,Blue,Gray,None reported,Yes,3000,8.006700845440367,12.354496960983985
MINI,Cooper S Base,2006,95000,Gasoline,168.0HP 1.6L 4 Cylinder Engine Gasoline Fuel,6-Speed M/T,Gray,–,None reported,Yes,12500,9.433563920090563,11.461642696843066
Toyota,Venza XLE,2013,103466,Gasoline,268.0HP 3.5L V6 Cylinder Engine Gasoline Fuel,A/T,White,Gray,At least 1 accident or damage reported,Yes,14200,9.561067663645012,11.547008000267386
Toyota,Camry Hybrid Base,2011,133121,Hybrid,147.0HP 2.4L 4 Cylinder Engine Gas/Electric Hybrid,A/T,White,White,At least 1 accident or damage reported,Yes,7900,8.974744612722734,11.799021279980638
Chevrolet,Tahoe LT,2012,162731,E85 Flex Fuel,320.0HP 5.3L 8 Cylinder Engine Flex Fuel Capability,A/T,Brown,Gray,None reported,Yes,14500,9.581972891547895,11.999859954875946
Mercedes-Benz,CLS-Class CLS 63 AMG S-Model 4MATIC,2014,64500,Gasoline,577.0HP 5.5L 8 Cylinder Engine Gasoline Fuel,7-Speed A/T,Silver,Black,None reported,Yes,37500,10.53212287826962,11.07443600653965
Ford,Shelby GT500 Base,2021,568,Gasoline,760.0HP 5.2L 8 Cylinder Engine Gasoline Fuel,7-Speed A/T,Orange,Black,None reported,Yes,90788,11.416293411876241,6.343880434126331
Porsche,Macan S,2015,80300,Gasoline,340.0HP 3.0L V6 Cylinder Engine Gasoline Fuel,7-Speed A/T,Gray,Beige,None reported,Yes,23999,10.085809109330082,11.293537353157436
Ford,F-150 XLT SuperCab,2004,187000,Gasoline,300.0HP 5.4L 8 Cylinder Engine Gasoline Fuel,A/T,Beige,Beige,None reported,Yes,6299,8.748304912379623,12.138869243416009
Subaru,Outback 2.5 i Special Edition,2009,181870,Gasoline,169.0HP 2.5L 4 Cylinder Engine Gasoline Fuel,A/T,Black,Black,None reported,Yes,6500,8.77971129020447,12.111052923538894
GMC,Sierra 2500 AT4,2022,22600,Diesel,6.6L V8 32V DDI OHV Turbo Diesel,Automatic,Ebony Twilight Metallic,Jet Black,None reported,Yes,76740,11.248191394729853,10.025749432069084
BMW,X5 xDrive40i,2020,37000,Gasoline,335.0HP 3.0L Straight 6 Cylinder Engine Gasoline Fuel,8-Speed A/T,Black,Black,At least 1 accident or damage reported,Yes,50000,10.819798284210286,10.518700218288165
Porsche,Taycan Base,2022,9728,Gasoline,375.0HP Electric Motor Electric Fuel System,A/T,White,Beige,None reported,Yes,89000,11.39640288460621,9.182866394975427
Lexus,GX 470 Base,2006,152000,Gasoline,263.0HP 4.7L 8 Cylinder Engine Gasoline Fuel,A/T,Blue,Gray,At least 1 accident or damage reported,Yes,13995,9.54652685348758,11.931642378754141
Ford,F-150 Heritage XL SuperCab Flareside,2004,60260,Gasoline,380.0HP 5.4L 8 Cylinder Engine Gasoline Fuel,4-Speed A/T,Blue,Gray,At least 1 accident or damage reported,Yes,30500,10.32551474894327,11.006440407302659
Mazda,MazdaSpeed Miata MX-5 Base,2004,33362,Gasoline,178.0HP 1.8L 4 Cylinder Engine Gasoline Fuel,6-Speed M/T,Silver,Black,At least 1 accident or damage reported,Yes,17599,9.775654181026242,10.415202780486952
GMC,Acadia Denali,2021,47907,Gasoline,3.6L V6 24V GDI DOHC,9-Speed Automatic,Ebony Twilight Metallic,Jet Black,None reported,Yes,38436,10.556775816334186,10.777037784067398
Mercedes-Benz,Metris Base,2016,17340,Gasoline,208.0HP 2.0L 4 Cylinder Engine Gasoline Fuel,A/T,White,Black,None reported,Yes,29000,10.275085591132715,9.760828918798548
Ford,Expedition EL XLT,2011,195500,E85 Flex Fuel,310.0HP 5.4L 8 Cylinder Engine Flex Fuel Capability,6-Speed A/T,White,Beige,None reported,Yes,8999,9.104979856318357,12.18332077348399
Chevrolet,Monte Carlo SS,2000,74000,Gasoline,200.0HP 3.8L V6 Cylinder Engine Gasoline Fuel,4-Speed A/T,Red,–,None reported,Yes,4700,8.45553053102413,11.211833885608513
RAM,1500 Big Horn,2015,140500,Gasoline,395.0HP 5.7L 8 Cylinder Engine Gasoline Fuel,8-Speed A/T,Red,Gray,At least 1 accident or damage reported,Yes,14000,9.546884034617925,11.852969885168331
Jeep,Commander Base,2006,212500,Gasoline,210.0HP 3.7L V6 Cylinder Engine Gasoline Fuel,A/T,Black,Gray,None reported,Yes,6500,8.77971129020447,12.26670197321789
Lexus,IS-F Base,2010,77400,Gasoline,416.0HP 5.0L 8 Cylinder Engine Gasoline Fuel,8-Speed A/T,White,Red,At least 1 accident or damage reported,Yes,34500,10.448743588106625,11.256754979390998
Ford,Utility Police Interceptor Base,2017,118000,Gasoline,365.0HP 3.5L V6 Cylinder Engine Gasoline Fuel,6-Speed A/T,Black,Black,None reported,Yes,15000,9.61587214452889,11.678448377988165
Porsche,Carrera GT Base,2005,4400,Gasoline,605.0HP 5.7L 10 Cylinder Engine Gasoline Fuel,6-Speed M/T,Gray,Black,None reported,Yes,1599000,14.284889617206765,8.38958706681109
Cadillac,Escalade ESV Luxury,2016,146200,Gasoline,420.0HP 6.2L 8 Cylinder Engine Gasoline Fuel,8-Speed A/T,White,Beige,None reported,Yes,24500,10.106469212026385,11.892737666219704
Tesla,Model Y Performance,2020,39000,Gasoline,455.0HP Electric Motor Electric Fuel System,1-Speed A/T,Silver,Black,None reported,Yes,43000,10.668978650219241,10.571342565808699
Chevrolet,Avalanche 1500 LS,2005,130000,E85 Flex Fuel,295.0HP 5.3L 8 Cylinder Engine Flex Fuel Capability,A/T,Red,Gray,None reported,Yes,7200,8.881975184248867,11.775297421715827
Ford,F-150 Lariat,2021,33080,Gasoline,325.0HP 2.7L V6 Cylinder Engine Gasoline Fuel,10-Speed A/T,White,Black,None reported,Yes,47850,10.775847295304315,10.406714378426788
Mercedes-Benz,GLB 250 Base 4MATIC,2023,1219,Gasoline,2.0L I4 16V GDI DOHC Turbo,Automatic,Midnight Black,Classic Red,None reported,Yes,46479,10.746777391525793,7.106606137727303
Jeep,Wrangler Sport,2016,41000,Gasoline,285.0HP 3.6L V6 Cylinder Engine Gasoline Fuel,5-Speed A/T,White,Black,None reported,Yes,25000,10.12667110305036,10.62135173563291
Nissan,350Z Touring,2004,110897,Gasoline,287.0HP 3.5L V6 Cylinder Engine Gasoline Fuel,6-Speed M/T,Black,Orange,At least 1 accident or damage reported,Yes,11500,9.350189267092581,11.616366138910735
Chevrolet,Corvette Z06,2016,49000,Gasoline,650.0HP 6.2L 8 Cylinder Engine Gasoline Fuel,7-Speed M/T,Orange,–,None reported,Yes,75000,11.225256725762893,10.799595985047786
Pontiac,Solstice GXP,2007,47000,Gasoline,260.0HP 2.0L 4 Cylinder Engine Gasoline Fuel,5-Speed M/T,Black,Black,None reported,Yes,13300,9.495594499353297,10.757924157061597
Hyundai,Sonata SE,2018,57690,Gasoline,185.0HP 2.4L 4 Cylinder Engine Gasoline Fuel,A/T,Gray,Gray,At least 1 accident or damage reported,Yes,15900,9.674137279312397,10.962856461127396
Mercedes-Benz,SLS AMG Base,2012,17941,Gasoline,6.2L V8 32V MPFI DOHC,7-Speed Automatic with Auto-Shift,Iridium Silver Metallic,Red,None reported,Yes,226000,12.328294703023394,9.794899612119229
Lincoln,Navigator Reserve,2018,54000,Gasoline,450.0HP 3.5L V6 Cylinder Engine Gasoline Fuel,10-Speed A/T,Brown,Orange,At least 1 accident or damage reported,Yes,46500,10.747229096720554,10.896757843893464
Nissan,Maxima SL,2007,101600,Gasoline,255.0HP 3.5L V6 Cylinder Engine Gasoline Fuel,A/T,Silver,Black,None reported,Yes,6700,8.81001204797317,11.528808656597766
Ford,Ranger XLT,2021,89000,Gasoline,270.0HP 2.3L 4 Cylinder Engine Gasoline Fuel,10-Speed A/T,Black,Black,None reported,Yes,34000,10.434145214930487,11.39640288460621
Tesla,Model 3 Long Range,2021,18000,Gasoline,Electric Motor Electric Fuel System,A/T,Black,Black,None reported,Yes,42500,10.657282884047461,9.798182590890704
Jaguar,XE 35t Premium,2017,55000,Gasoline,340.0HP 3.0L V6 Cylinder Engine Gasoline Fuel,A/T,Gray,Black,None reported,Yes,25000,10.12667110305036,10.915106645867503
Lincoln,MKZ Reserve,2017,71964,Gasoline,240.0HP 2.0L 4 Cylinder Engine Gasoline Fuel,6-Speed A/T,Blue,Black,None reported,Yes,18750,9.839002363309719,11.18393516869677
Cadillac,Escalade ESV Platinum,2020,92000,Gasoline,420.0HP 6.2L 8 Cylinder Engine Gasoline Fuel,A/T,Black,Black,None reported,Yes,50000,10.819798284210286,11.429554725537322
Ford,Fusion SE,2012,160000,E85 Flex Fuel,240.0HP 3.0L V6 Cylinder Engine Flex Fuel Capability,A/T,Gray,Black,None reported,Yes,4500,8.412054873292933,11.982935344196433
Mercedes-Benz,E-Class E 350,2012,95816,Gasoline,302.0HP 3.5L V6 Cylinder Engine Gasoline Fuel,7-Speed A/T,White,Beige,None reported,Yes,12000,9.392745258631441,11.470195401243165
Jeep,Wrangler Unlimited Sport,2014,132600,Gasoline,285.0HP 3.6L V6 Cylinder Engine Gasoline Fuel,5-Speed A/T,White,–,At least 1 accident or damage reported,Yes,17000,9.741027444837728,11.795099898183592
Jeep,Wrangler Sport,2010,149460,Gasoline,202.0HP 3.8L V6 Cylinder Engine Gasoline Fuel,4-Speed A/T,Black,Black,None reported,Yes,10700,9.278092474027002,11.914790768215276
Jeep,Wrangler Sport,2011,109646,Gasoline,3.8L V6 12V MPFI OHV,4-Speed Automatic,Mango Tango Pearlcoat,Black,None reported,Yes,16998,9.74090979777877,11.605021393690627
Acura,MDX 3.5L w/Technology Package,2019,90605,Gasoline,3.5 Liter,Automatic,White,Parchment,None reported,Yes,27698,10.229151590440738,11.414275715003845
Volkswagen,Jetta 1.4T S,2019,59000,Gasoline,147.0HP 1.4L 4 Cylinder Engine Gasoline Fuel,A/T,Gray,Black,None reported,Yes,17000,9.741027444837728,10.985309671896763
Chevrolet,Camaro Z28,2002,48000,Gasoline,310.0HP 5.7L 8 Cylinder Engine Gasoline Fuel,A/T,White,Black,None reported,Yes,21999,9.998797732340453,10.778977123006351
Chevrolet,Corvette Z06,2016,41500,Gasoline,650.0HP 6.2L 8 Cylinder Engine Gasoline Fuel,7-Speed M/T,White,Black,None reported,Yes,66000,11.097425172408931,10.633472802314019
Porsche,Cayman R,2012,54000,Gasoline,330.0HP 3.4L Flat 6 Cylinder Engine Gasoline Fuel,7-Speed A/T,Black,Gray,None reported,Yes,75000,11.225256725762893,10.896757843893464
Porsche,Cayenne Base,2018,70455,Gasoline,300.0HP 3.6L V6 Cylinder Engine Gasoline Fuel,8-Speed A/T,White,Black,None reported,Yes,45855,10.733261330627899,11.162743680485296
Subaru,Crosstrek 2.0i Limited,2018,84054,Gasoline,152.0HP 2.0L 4 Cylinder Engine Gasoline Fuel,CVT Transmission,Gray,Black,None reported,Yes,21499,9.975808214115753,11.339226625467159
BMW,750 Li,2007,114528,Gasoline,360.0HP 4.8L 8 Cylinder Engine Gasoline Fuel,A/T,Black,Black,None reported,Yes,9000,9.105090961257085,11.648583345016876
Jeep,Wrangler Sahara,2013,111850,Gasoline,285.0HP 3.6L V6 Cylinder Engine Gasoline Fuel,A/T,Red,Black,At least 1 accident or damage reported,Yes,26500,10.184937747111391,11.624922907423683
GMC,Sierra 2500 AT4,2020,52673,Diesel,445.0HP 6.6L 8 Cylinder Engine Diesel Fuel,6-Speed A/T,Black,Beige,None reported,Yes,69500,11.149096419938578,10.871877254154263
BMW,X3 M AWD,2021,31500,Gasoline,473.0HP 3.0L Straight 6 Cylinder Engine Gasoline Fuel,8-Speed A/T,Black,Black,None reported,Yes,54500,10.905974329106854,10.357774570341576
BMW,335 i,2011,73000,Gasoline,300.0HP 3.0L Straight 6 Cylinder Engine Gasoline Fuel,Transmission w/Dual Shift Mode,Red,Beige,None reported,Yes,16000,9.680406499268875,11.19822841866684
Jeep,Wrangler Unlimited Sahara,2019,59692,Gasoline,285.0HP 3.6L V6 Cylinder Engine Gasoline Fuel,8-Speed A/T,Gray,Black,None reported,Yes,35900,10.488520429241627,10.996970039574707
Toyota,Corolla S Plus,2016,68364,Gasoline,132.0HP 1.8L 4 Cylinder Engine Gasoline Fuel,Transmission w/Dual Shift Mode,White,Black,None reported,Yes,16000,9.680406499268875,11.132616276743182
Land Rover,Discovery HSE LUXURY,2017,47200,Gasoline,340.0HP 3.0L V6 Cylinder Engine Gasoline Fuel,8-Speed A/T,Black,Beige,At least 1 accident or damage reported,Yes,29000,10.275085591132715,10.762170357789895
Mercedes-Benz,E-Class E 450 4MATIC,2021,18000,Hybrid,362.0HP 3.0L Straight 6 Cylinder Engine Gasoline/Mild Electric Hybrid,9-Speed A/T,Gray,Black,At least 1 accident or damage reported,Yes,62000,11.034905792929415,9.798182590890704
Ford,Fusion Hybrid Base,2012,158366,Hybrid,191.0HP 2.5L 4 Cylinder Engine Gas/Electric Hybrid,A/T,Gray,Black,At least 1 accident or damage reported,Yes,8250,9.018089684104343,11.972670403324726
BMW,X1 xDrive 28i,2017,49700,Gasoline,228.0HP 2.0L 4 Cylinder Engine Gasoline Fuel,8-Speed A/T,Blue,Black,None reported,Yes,26000,10.165890277802454,10.813780332606648
GMC,Terrain SLE,2010,81500,Gasoline,182.0HP 2.4L 4 Cylinder Engine Gasoline Fuel,A/T,Brown,Gray,None reported,Yes,12250,9.41336284529417,11.308370569092329
BMW,i3 120Ah w/Range Extender,2019,16975,Gasoline,170.0HP 0.65L Electric Motor Electric Fuel System,A/T,Black,Black,None reported,Yes,26990,10.203258756085228,9.739555860853764
Porsche,911 GT3,2018,5989,Gasoline,"4L H-6 gasoline direct injection, DOHC, VarioCam Plus variable v","Manual, 6-Spd",GT SILVER,BLACK,None reported,Yes,209000,12.250094315624496,8.697846691109495
Ford,Mustang SVT Cobra,2003,16100,Gasoline,390.0HP 4.6L 8 Cylinder Engine Gasoline Fuel,M/T,Red,Beige,None reported,Yes,35500,10.477316144080852,9.686636660844938
Land Rover,Range Rover Supercharged LWB,2020,54225,Gasoline,518.0HP 5.0L 8 Cylinder Engine Gasoline Fuel,A/T,White,White,None reported,Yes,67500,11.119897691565697,10.900915777203222
RAM,2500 Big Horn,2016,89500,Gasoline,410.0HP 6.4L 8 Cylinder Engine Gasoline Fuel,A/T,Black,Gray,None reported,Yes,35000,10.463131911491967,11.402005077384885
Ford,E250 Cargo,2013,87501,E85 Flex Fuel,225.0HP 4.6L 8 Cylinder Engine Flex Fuel Capability,4-Speed A/T,White,Gray,At least 1 accident or damage reported,Yes,17777,9.78571701680162,11.379416929227343
MINI,Countryman Cooper S ALL4,2018,12370,Gasoline,189.0HP 2.0L 4 Cylinder Engine Gasoline Fuel,8-Speed A/T,Blue,Black,None reported,Yes,28900,10.27163147557801,9.423110302862831
RAM,1500 Classic Tradesman,2019,12466,Gasoline,395.0HP 5.7L 8 Cylinder Engine Gasoline Fuel,8-Speed A/T,Gray,Gray,None reported,Yes,28995,10.274913168420769,9.430840432344976
Volvo,C70 T5,2011,199000,Gasoline,227.0HP 2.5L 5 Cylinder Engine Gasoline Fuel,Transmission w/Dual Shift Mode,Red,Beige,At least 1 accident or damage reported,Yes,5500,8.612685172875459,12.201065128819632
Mercedes-Benz,SL-Class SL600 Roadster,2007,78200,Gasoline,510.0HP 5.5L 12 Cylinder Engine Gasoline Fuel,5-Speed A/T,Black,Brown,At least 1 accident or damage reported,Yes,22999,10.043249494911286,11.267037714175425
Toyota,Camry Hybrid XLE,2018,22000,Hybrid,208.0HP 2.5L 4 Cylinder Engine Gas/Electric Hybrid,A/T,White,Beige,None reported,Yes,29500,10.292179440058462,9.99884318585288
GMC,Acadia SLE-2,2016,100795,Gasoline,3.6L V6 24V GDI DOHC,6-Speed Automatic,White Frost Tri-Coat,Ebony,At least 1 accident or damage reported,Yes,12995,9.472396896788991,11.52085395129235
Chevrolet,Impala 1LT,2019,99941,Gasoline,3.6L V6 24V GDI DOHC,6-Speed Automatic,Silver Ice Metallic,Jet Black,None reported,Yes,17816,9.78790833668397,11.512345296705163
Jeep,Grand Cherokee L Laredo,2021,23588,Gasoline,3.6L V6 24V MPFI DOHC,8-Speed Automatic,Metallic,Global Black,None reported,Yes,38633,10.561887996766238,10.068535780659627
Jeep,Liberty Sport,2003,103000,Gasoline,210.0HP 3.7L V6 Cylinder Engine Gasoline Fuel,A/T,Black,Gray,None reported,Yes,5200,8.556606193773073,11.542493975902508
Jaguar,XF Luxury,2009,91491,Gasoline,300.0HP 4.2L 8 Cylinder Engine Gasoline Fuel,6-Speed A/T,Blue,Beige,None reported,Yes,7000,8.853808274977197,11.42400681574725
Honda,Civic Sport,2020,23131,Gasoline,2.0L I4 16V MPFI DOHC,Automatic CVT,Crystal Black Pearl,Black,At least 1 accident or damage reported,Unknown,23739,10.07491666816366,10.04897221927811
Subaru,Outback 2.5i Premium,2019,77000,Gasoline,175.0HP 2.5L 4 Cylinder Engine Gasoline Fuel,CVT Transmission,Gray,Gray,At least 1 accident or damage reported,Yes,18749,9.838949031398556,11.251573687764477
Land Rover,Range Rover Sport HSE Dynamic,2019,20500,Gasoline,380.0HP 3.0L V6 Cylinder Engine Gasoline Fuel,A/T,White,White,None reported,Yes,76000,11.23850177707664,9.928228944424575
Tesla,Model Y Long Range,2022,500,Gasoline,425.0HP Electric Motor Electric Fuel System,A/T,White,Black,None reported,Yes,45900,10.734242182303689,6.2166061010848646
Lexus,ES 350 Base,2019,49810,Gasoline,302.0HP 3.5L V6 Cylinder Engine Gasoline Fuel,8-Speed A/T,Gray,Black,At least 1 accident or damage reported,Yes,33900,10.431199791458543,10.815991122155705
Honda,CR-V Touring,2022,20229,Gasoline,1.5L I4 16V GDI DOHC Turbo,Automatic CVT,Black,Black,None reported,Yes,36727,10.511294685929059,9.91492193016179
Alfa Romeo,Giulia Quadrifoglio,2021,10558,Gasoline,505.0HP 2.9L V6 Cylinder Engine Gasoline Fuel,8-Speed A/T,White,Black,None reported,Yes,75000,11.225256725762893,9.264733855806515
BMW,330 i,2005,59300,Gasoline,225.0HP 3.0L Straight 6 Cylinder Engine Gasoline Fuel,M/T,Red,Black,None reported,Yes,30900,10.33854382482173,10.990381448250039
Maybach,Type 57 Base,2004,34254,Gasoline,543.0HP 5.5L 12 Cylinder Engine Gasoline Fuel,5-Speed A/T,Brown,–,None reported,Yes,64250,11.07055256683868,10.441587818437
Lexus,ES 250 Base,2021,24364,Gasoline,2.5 Liter,Automatic,Eminent White Pearl,Chateau,None reported,Yes,37998,10.545315122572783,10.100902955277606
Mercedes-Benz,Sprinter 2500,2016,139200,Diesel,161.0HP 2.1L 4 Cylinder Engine Diesel Fuel,A/T,White,Black,At least 1 accident or damage reported,Yes,22000,9.99884318585288,11.843674210764698
Mercedes-Benz,E-Class E 350,2012,82046,Gasoline,302.0HP 3.5L V6 Cylinder Engine Gasoline Fuel,7-Speed A/T,Black,Beige,None reported,Yes,13999,9.546812608597396,11.315047532778493
RAM,1500 Tradesman/Express,2017,26269,E85 Flex Fuel,3.6L V6 24V MPFI DOHC Flexible Fuel,8-Speed Automatic,Bright White Clearcoat,Black,At least 1 accident or damage reported,Unknown,25307,10.138875830266775,10.176182882679585
Mazda,CX-9 Touring,2016,127131,Gasoline,227.0HP 2.5L 4 Cylinder Engine Gasoline Fuel,A/T,Brown,–,At least 1 accident or damage reported,Yes,16770,9.727406483331627,11.75298119574837
Porsche,911 Turbo S,2019,31000,Gasoline,580.0HP 3.8L Flat 6 Cylinder Engine Gasoline Fuel,Transmission w/Dual Shift Mode,White,Black,None reported,Yes,179900,12.100161978566867,10.34177474101152
BMW,X3 xDrive30i,2021,27000,Gasoline,248.0HP 2.0L 4 Cylinder Engine Gasoline Fuel,8-Speed A/T,Black,Brown,None reported,Yes,38400,10.555838779903407,10.203629181337648
Jeep,Grand Cherokee Limited,2015,93400,E85 Flex Fuel,290.0HP 3.6L V6 Cylinder Engine Flex Fuel Capability,A/T,White,Black,None reported,Yes,18900,9.846970109700957,11.444657330797734
BMW,X7 xDrive40i,2021,9200,Hybrid,335.0HP 3.0L Straight 6 Cylinder Engine Gasoline/Mild Electric Hybrid,8-Speed A/T,White,Brown,At least 1 accident or damage reported,Yes,71200,11.173262142245258,9.127067452782361
Mercedes-Benz,SL-Class SL 550,2014,76850,Gasoline,429.0HP 4.7L 8 Cylinder Engine Gasoline Fuel,7-Speed A/T,Brown,Beige,At least 1 accident or damage reported,Yes,32999,10.404262840448617,11.249623761243825
Bentley,Continental GT W12,2016,61160,Gasoline,582.0HP 6.0L 12 Cylinder Engine Gasoline Fuel,A/T,Black,Black,At least 1 accident or damage reported,Yes,98000,11.49273296168228,11.021265010465248
Jeep,Wrangler Unlimited,2005,146000,Gasoline,190.0HP 4.0L Straight 6 Cylinder Engine Gasoline Fuel,A/T,Red,Black,At least 1 accident or damage reported,Yes,15900,9.674137279312397,11.891368749982085
Tesla,Model S 100D,2017,38957,Gasoline,Electric Motor Electric Fuel System,1-Speed A/T,Silver,Beige,None reported,Yes,46750,10.752590924862394,10.570239421736542
Volkswagen,Golf SportWagen TSI SE,2017,33850,Gasoline,170.0HP 1.8L 4 Cylinder Engine Gasoline Fuel,6-Speed A/T,Blue,Beige,None reported,Yes,16500,9.711176264112805,10.42972382000155
Jeep,Wrangler Unlimited Sahara,2020,61830,Gasoline,2.0L I4 16V GDI DOHC Turbo,8-Speed Automatic,Granite Crystal Clearcoat Metallic,Black,At least 1 accident or damage reported,Unknown,39860,10.593153681259418,11.032160135800446
Kia,Sorento SXL,2017,108559,Gasoline,3.3L V6 24V GDI DOHC,6-Speed Automatic,Titanium Silver,Satin Black,None reported,Yes,15998,9.680281499268713,11.595058294508751
Lexus,LS 430 Base,2006,192000,Gasoline,278.0HP 4.3L 8 Cylinder Engine Gasoline Fuel,6-Speed A/T,Silver,Gray,At least 1 accident or damage reported,Yes,7390,8.908018322784887,12.165255859329688
Mercedes-Benz,E-Class E 350 4MATIC,2014,83112,Gasoline,302.0HP 3.5L V6 Cylinder Engine Gasoline Fuel,7-Speed A/T,Black,Black,None reported,Yes,15500,9.648659816955295,11.327956406634861
Tesla,Model X 75D,2016,52000,Gasoline,518.0HP Electric Motor Electric Fuel System,A/T,Black,Beige,None reported,Yes,52000,10.859018228147887,10.859018228147887
RAM,1500 Rebel,2020,57300,Gasoline,395.0HP 5.7L 8 Cylinder Engine Gasoline Fuel,8-Speed A/T,Black,Black,None reported,Yes,43500,10.680539205318292,10.956073354557526
MINI,Cooper Base,2008,104500,Gasoline,118.0HP 1.6L 4 Cylinder Engine Gasoline Fuel,6-Speed A/T,Red,Black,At least 1 accident or damage reported,Yes,4100,8.31898612539206,11.556951919719207
Ford,Mustang GT Premium,2013,18000,Gasoline,412.0HP 5.0L 8 Cylinder Engine Gasoline Fuel,6-Speed A/T,Silver,Black,None reported,Yes,29000,10.275085591132715,9.798182590890704
Lincoln,Navigator Reserve,2019,39000,Gasoline,450.0HP 3.5L V6 Cylinder Engine Gasoline Fuel,10-Speed A/T,Black,Black,None reported,Yes,51999,10.858998997563564,10.571342565808699
Jeep,Gladiator Rubicon,2020,38000,Gasoline,285.0HP 3.6L V6 Cylinder Engine Gasoline Fuel,8-Speed A/T,Black,Black,None reported,Yes,45000,10.714439990727769,10.545367754151743
Porsche,Cayman GT4,2016,15168,Gasoline,385.0HP 3.8L Flat 6 Cylinder Engine Gasoline Fuel,6-Speed M/T,White,Black,None reported,Yes,115000,11.652696102959753,9.627009150591672
Honda,Civic EX,2012,167506,Gasoline,140.0HP 1.8L 4 Cylinder Engine Gasoline Fuel,A/T,Black,–,None reported,Yes,6500,8.77971129020447,12.028780420418814
Jeep,Grand Cherokee Laredo,2012,166000,E85 Flex Fuel,290.0HP 3.6L V6 Cylinder Engine Flex Fuel Capability,A/T,White,Gray,At least 1 accident or damage reported,Yes,13000,9.472781556562168,12.019749091416921
Ford,Shelby GT500 Base,2021,19200,Gasoline,760.0HP 5.2L 8 Cylinder Engine Gasoline Fuel,Transmission w/Dual Shift Mode,Black,Black,None reported,Yes,82950,11.326005351001017,9.862717639992917
Land Rover,Defender SE,2022,46000,Hybrid,395.0HP 3.0L Straight 6 Cylinder Engine Gasoline/Mild Electric Hybrid,8-Speed A/T,Green,Beige,None reported,Yes,75000,11.225256725762893,10.736418414365376
Hummer,H3 Base,2007,201000,Gasoline,242.0HP 3.7L 5 Cylinder Engine Gasoline Fuel,A/T,White,Black,At least 1 accident or damage reported,Yes,7200,8.881975184248867,12.211065162153215
Kia,Sportage LX,2014,87000,Gasoline,182.0HP 2.4L 4 Cylinder Engine Gasoline Fuel,A/T,Black,Black,At least 1 accident or damage reported,Yes,8900,9.093918908958932,11.373674891823535
GMC,Yukon XL 1500 SLT,2015,145000,Gasoline,355.0HP 5.3L 8 Cylinder Engine Gasoline Fuel,6-Speed A/T,White,Beige,None reported,Yes,24950,10.124669180536797,11.884495917930655
Jeep,Wrangler Unlimited Sport,2020,33060,Gasoline,285.0HP 3.6L V6 Cylinder Engine Gasoline Fuel,8-Speed A/T,White,Black,None reported,Yes,36500,10.505094936455558,10.406109618951431
Tesla,Model S Long Range Plus,2021,10550,Gasoline,557.0HP Electric Motor Electric Fuel System,A/T,Gray,Black,None reported,Yes,67800,11.124332223082254,9.263975921142093
Audi,A6 3.0T Prestige,2014,89500,Gasoline,310.0HP 3.0L V6 Cylinder Engine Gasoline Fuel,Transmission w/Dual Shift Mode,Gray,Black,None reported,Yes,18000,9.798182590890704,11.402005077384885
Jeep,Wrangler 80th Anniversary,2021,27000,Hybrid,285.0HP 3.6L V6 Cylinder Engine Gasoline/Mild Electric Hybrid,8-Speed A/T,Red,Black,None reported,Yes,37500,10.53212287826962,10.203629181337648
Jeep,Wrangler Sport,2010,87250,Gasoline,202.0HP 3.8L V6 Cylinder Engine Gasoline Fuel,6-Speed M/T,Blue,Black,None reported,Yes,18500,9.825580063659602,11.376544301317045
Volkswagen,CC 2.0T Sport,2016,76495,Gasoline,200.0HP 2.0L 4 Cylinder Engine Gasoline Fuel,A/T,White,Black,At least 1 accident or damage reported,Yes,13000,9.472781556562168,11.244993730865884
Cadillac,SRX Luxury Collection,2016,70503,Gasoline,308.0HP 3.6L V6 Cylinder Engine Gasoline Fuel,6-Speed A/T,Silver,Beige,None reported,Yes,15500,9.648659816955295,11.163424724779496
Porsche,Cayenne Turbo,2009,41965,Gasoline,500.0HP 4.8L 8 Cylinder Engine Gasoline Fuel,Transmission w/Dual Shift Mode,Black,Beige,At least 1 accident or damage reported,Yes,35000,10.463131911491967,10.644615045614641
Mitsubishi,Eclipse GT,2003,146000,Gasoline,200.0HP 3.0L V6 Cylinder Engine Gasoline Fuel,4-Speed A/T,Gray,Black,At least 1 accident or damage reported,Yes,4200,8.343077871169383,11.891368749982085
Chevrolet,Corvette Stingray w/1LT,2023,9000,Gasoline,490.0HP 6.2L 8 Cylinder Engine Gasoline Fuel,8-Speed A/T,White,White,None reported,Yes,82500,11.320565693461432,9.105090961257085
Toyota,GR86 Premium,2022,1050,Gasoline,228.0HP 2.4L 4 Cylinder Engine Gasoline Fuel,6-Speed A/T,Gray,Black,None reported,Yes,40000,10.596659732783579,6.957497370876951
Land Rover,Range Rover P525 Westminster,2021,22270,Gasoline,5.0L V8 32V GDI DOHC Supercharged,8-Speed Automatic,Gray,Ebony,None reported,Yes,89900,11.40646434386837,10.01104066270085
Ford,Mustang GT Premium,2012,19900,Gasoline,412.0HP 5.0L 8 Cylinder Engine Gasoline Fuel,6-Speed A/T,White,Black,None reported,Yes,26500,10.184937747111391,9.898525260706313
Tesla,Model Y Long Range,2020,19800,Gasoline,425.0HP Electric Motor Electric Fuel System,1-Speed A/T,White,White,None reported,Yes,44990,10.714217748749789,9.893487720457795
RAM,1500 Sport,2012,113500,Gasoline,390.0HP 5.7L 8 Cylinder Engine Gasoline Fuel,A/T,Black,Black,None reported,Yes,17900,9.792611856190192,11.63956692643747
Lamborghini,Gallardo LP550-2,2013,22000,Gasoline,550.0HP 5.2L 10 Cylinder Engine Gasoline Fuel,6-Speed A/T,Black,Black,None reported,Yes,150000,11.918397239722838,9.99884318585288
INFINITI,Q60 3.0t Red Sport 400,2022,3300,Gasoline,400.0HP 3.0L V6 Cylinder Engine Gasoline Fuel,Transmission w/Dual Shift Mode,Red,Black,None reported,Yes,54000,10.896757843893464,8.101980731853192
Volkswagen,e-Golf SE,2016,41615,Gasoline,115.0HP Electric Motor Electric Fuel System,1-Speed A/T,Blue,Gray,None reported,Yes,12000,9.392745258631441,10.636239987688432
Tesla,Model X Long Range,2022,11860,Gasoline,670.0HP Electric Motor Electric Fuel System,A/T,White,White,None reported,Yes,92500,11.434974734252892,9.381010986029276
BMW,M5 Base,2015,27000,Gasoline,560.0HP 4.4L 8 Cylinder Engine Gasoline Fuel,7-Speed A/T,Black,Black,None reported,Yes,52500,10.868587496017359,10.203629181337648
Kia,K5 GT-Line,2022,22101,Gasoline,1.6L I4 16V GDI DOHC Turbo,8-Speed Automatic,Glacial White Pearl,Black,At least 1 accident or damage reported,Yes,29430,10.289803819583309,10.003423381148728
Subaru,BRZ Limited,2013,46452,Gasoline,200.0HP 2.0L 4 Cylinder Engine Gasoline Fuel,6-Speed M/T,Gray,Black,None reported,Yes,22888,10.038411724792649,10.746196327732314
Lincoln,MKZ Reserve I,2019,36000,Gasoline,245.0HP 2.0L 4 Cylinder Engine Gasoline Fuel,6-Speed A/T,White,Beige,None reported,Yes,26500,10.184937747111391,10.491301994830229
Chevrolet,Corvette Grand Sport,2019,13100,Gasoline,460.0HP 6.2L 8 Cylinder Engine Gasoline Fuel,7-Speed M/T,Silver,Red,None reported,Yes,61950,11.034099028977048,9.48044384215367
Audi,Q5 2.0T Premium Plus,2019,50000,Gasoline,248.0HP 2.0L 4 Cylinder Engine Gasoline Fuel,7-Speed A/T,White,Beige,At least 1 accident or damage reported,Yes,27000,10.203629181337648,10.819798284210286
Mazda,CX-9 Signature,2018,19500,Gasoline,227.0HP 2.5L 4 Cylinder Engine Gasoline Fuel,Transmission w/Dual Shift Mode,White,Brown,None reported,Yes,32250,10.381304329495126,9.87822102528824
Ford,Mustang GT,2016,36000,Gasoline,435.0HP 5.0L 8 Cylinder Engine Gasoline Fuel,6-Speed M/T,Orange,Black,At least 1 accident or damage reported,Yes,31000,10.34177474101152,10.491301994830229
Rolls-Royce,Wraith Base,2016,21000,Gasoline,624.0HP 6.6L 12 Cylinder Engine Gasoline Fuel,A/T,Brown,Black,None reported,Yes,217000,12.28765724080691,9.952325334619427
Chevrolet,Camaro 1SS,2022,6640,Gasoline,455.0HP 6.2L 8 Cylinder Engine Gasoline Fuel,A/T,Orange,Black,None reported,Yes,51999,10.858998997563564,8.801017833540714
BMW,X5 xDrive35i,2016,74850,Gasoline,300.0HP 3.0L Straight 6 Cylinder Engine Gasoline Fuel,A/T,White,Brown,At least 1 accident or damage reported,Yes,21900,9.994287576862567,11.22325474981197
Nissan,Maxima SV,2014,117000,Gasoline,290.0HP 3.5L V6 Cylinder Engine Gasoline Fuel,Transmission w/Dual Shift Mode,White,Black,At least 1 accident or damage reported,Yes,10900,9.296609807128359,11.669937760751914
Toyota,Tundra TRD Pro,2016,51400,E85 Flex Fuel,381.0HP 5.7L 8 Cylinder Engine Flex Fuel Capability,6-Speed A/T,Black,Black,None reported,Yes,39900,10.594156665220533,10.847412906506923
INFINITI,QX60 AUTOGRAPH,2022,6000,Gasoline,295.0HP 3.5L V6 Cylinder Engine Gasoline Fuel,9-Speed A/T,Gold,Brown,None reported,Yes,57999,10.968198289528557,8.699681400989514
Mitsubishi,Lancer Evolution MR,2006,128000,Gasoline,286.0HP 2.0L 4 Cylinder Engine Gasoline Fuel,6-Speed M/T,Silver,Black,None reported,Yes,37999,10.545341438708522,11.759793355371237
BMW,X3 xDrive30i,2021,15000,Gasoline,248.0HP 2.0L 4 Cylinder Engine Gasoline Fuel,Transmission w/Dual Shift Mode,White,Brown,None reported,Yes,39995,10.59653472809574,9.61587214452889
Toyota,Tundra SR5,2016,119000,Gasoline,381.0HP 5.7L 8 Cylinder Engine Gasoline Fuel,6-Speed A/T,Red,Black,None reported,Yes,29950,10.307317991967832,11.686887175419702
Lincoln,Mark LT Base,2006,87500,Gasoline,300.0HP 5.4L 8 Cylinder Engine Gasoline Fuel,A/T,Silver,Black,At least 1 accident or damage reported,Yes,12999,9.472704636443673,11.37940550085183
Ford,Flex SEL,2011,149000,Gasoline,262.0HP 3.5L V6 Cylinder Engine Gasoline Fuel,6-Speed A/T,Black,Beige,None reported,Yes,7999,8.987196820661973,11.91170829631447
Audi,Q5 2.0T Premium Plus,2015,54700,E85 Flex Fuel,220.0HP 2.0L 4 Cylinder Engine Flex Fuel Capability,8-Speed A/T,Gray,Brown,At least 1 accident or damage reported,Yes,20995,9.95208722237219,10.909637269778615
Ford,F-150 XL,2021,45979,Gasoline,3.5L V6 24V PDI DOHC Twin Turbo,10-Speed Automatic,Agate Black Metallic,Black,None reported,Yes,38532,10.559270295995857,10.735961798317172
Lincoln,Continental Reserve,2017,56846,Gasoline,335.0HP 2.7L V6 Cylinder Engine Gasoline Fuel,Transmission w/Dual Shift Mode,White,Beige,None reported,Yes,29000,10.275085591132715,10.948118727337723
Tesla,Model X 75D,2017,94100,Gasoline,518.0HP Electric Motor Electric Fuel System,A/T,Black,Orange,At least 1 accident or damage reported,Yes,49900,10.817796321618971,11.452123952509567
Jeep,Grand Cherokee Limited,2017,80150,Gasoline,293.0HP 3.6L V6 Cylinder Engine Gasoline Fuel,8-Speed A/T,Blue,Black,At least 1 accident or damage reported,Yes,22500,10.021315031649332,11.29166763456623
GMC,Terrain SLT-1,2013,11563,Gasoline,182.0HP 2.4L 4 Cylinder Engine Gasoline Fuel,A/T,Blue,Black,At least 1 accident or damage reported,Yes,12300,9.417435838868785,9.355652103136237
Tesla,Model X Long Range,2022,7500,Gasoline,670.0HP Electric Motor Electric Fuel System,A/T,Silver,Black,None reported,Yes,84000,11.338583982516495,8.922791623969637
Mercedes-Benz,AMG E 53 Base 4MATIC,2021,15615,Hybrid,429.0HP 3.0L Straight 6 Cylinder Engine Gasoline/Mild Electric Hybrid,9-Speed A/T,Gray,Black,None reported,Yes,78000,11.264476926102367,9.656051308652874
Subaru,Impreza WRX Base,2013,113000,Gasoline,265.0HP 2.5L 4 Cylinder Engine Gasoline Fuel,5-Speed M/T,Blue,Black,At least 1 accident or damage reported,Yes,16000,9.680406499268875,11.635151947212842
Kia,Optima S,2018,74000,Gasoline,185.0HP 2.4L 4 Cylinder Engine Gasoline Fuel,6-Speed A/T,White,Black,None reported,Yes,15000,9.61587214452889,11.211833885608513
Mercedes-Benz,M-Class ML 350,2011,99200,Gasoline,268.0HP 3.5L V6 Cylinder Engine Gasoline Fuel,A/T,Black,Black,None reported,Yes,11900,9.38437770918244,11.504903373867316
Volkswagen,Beetle 2.0T S,2018,36824,Gasoline,174.0HP 2.0L 4 Cylinder Engine Gasoline Fuel,6-Speed A/T,Red,Red,None reported,Yes,23999,10.085809109330082,10.513932241330831
Acura,RSX Base,2005,186040,Gasoline,160.0HP 2.0L 4 Cylinder Engine Gasoline Fuel,A/T,Gray,Beige,At least 1 accident or damage reported,Yes,6700,8.81001204797317,12.133722358511719
GMC,Acadia SLE,2020,58000,Gasoline,310.0HP 3.6L V6 Cylinder Engine Gasoline Fuel,9-Speed A/T,Black,Black,None reported,Yes,27700,10.229223792606835,10.968215530759236
Ford,F-150 Lariat,2020,31250,Gasoline,325.0HP 2.7L V6 Cylinder Engine Gasoline Fuel,A/T,Blue,Gray,None reported,Yes,42500,10.657282884047461,10.349806654652559
Jeep,Gladiator Overland,2020,43000,Gasoline,285.0HP 3.6L V6 Cylinder Engine Gasoline Fuel,A/T,White,Beige,None reported,Yes,46500,10.747229096720554,10.668978650219241
Toyota,Tacoma TRD Sport,2020,41199,Gasoline,3.5 Liter,6 Speed Mt,Black,Black/Gun Metal,None reported,Yes,41598,10.635831407498888,10.626193535337618
Kia,EV6 GT-Line,2022,22000,Gasoline,320.0HP Electric Motor Electric Fuel System,1-Speed A/T,Gray,Black,None reported,Yes,45000,10.714439990727769,9.99884318585288
Genesis,GV70 3.5T Sport,2022,12900,Gasoline,375.0HP 3.5L V6 Cylinder Engine Gasoline Fuel,8-Speed A/T,Gray,White,None reported,Yes,53000,10.87806606028079,9.465060106725137
Ford,Explorer ST,2022,10500,Gasoline,400.0HP 3.0L V6 Cylinder Engine Gasoline Fuel,Transmission w/Dual Shift Mode,Black,Black,None reported,Yes,50000,10.819798284210286,9.259225769705994
MINI,Countryman Cooper,2020,74725,Gasoline,1.5L I3 12V GDI DOHC Turbo,7-Speed Automatic with Auto-Shift,Black,Black,None reported,Yes,21612,9.981050264483919,11.221583369464737
Mazda,CX-5 Grand Touring,2021,61117,Gasoline,2.5L I4 16V GDI DOHC,6-Speed Automatic,Sonic Silver Metallic,Black,None reported,Yes,26485,10.18437157048691,11.02056170079192
BMW,325 i,2003,142000,Gasoline,184.0HP 2.5L Straight 6 Cylinder Engine Gasoline Fuel,5-Speed M/T,Silver,Black,At least 1 accident or damage reported,Yes,4800,8.476579508530941,11.863589378812122
Ford,Mustang EcoBoost Premium,2019,31000,Gasoline,–,6-Speed M/T,Gray,Black,None reported,Yes,34700,10.454523783963511,10.34177474101152
Toyota,Yaris L,2012,129355,Gasoline,106.0HP 1.5L 4 Cylinder Engine Gasoline Fuel,4-Speed A/T,Black,Gray,At least 1 accident or damage reported,Yes,7950,8.981052985901483,11.770323572313417
Chevrolet,Express 1500 Base,2010,204000,E85 Flex Fuel,310.0HP 5.3L 8 Cylinder Engine Flex Fuel Capability,4-Speed A/T,White,Gray,At least 1 accident or damage reported,Yes,4900,8.497194544909547,12.225880174775122
Lincoln,Navigator L Select,2016,115600,Gasoline,380.0HP 3.5L V6 Cylinder Engine Gasoline Fuel,6-Speed A/T,Black,Black,None reported,Yes,22500,10.021315031649332,11.65789988570203
Jeep,Wrangler Sahara Altitude,2023,1563,Hybrid,285.0HP 3.6L V6 Cylinder Engine Gasoline/Mild Electric Hybrid,A/T,Gray,Black,None reported,Yes,62500,11.042937835596494,7.355001921105257
Bentley,Continental GT Base,2007,72166,Gasoline,552.0HP 6.0L 12 Cylinder Engine Gasoline Fuel,A/T,Black,Black,At least 1 accident or damage reported,Yes,35995,10.49116310015384,11.18673815668355
Lexus,RX 350 F Sport,2018,26100,Gasoline,295.0HP 3.5L V6 Cylinder Engine Gasoline Fuel,8-Speed A/T,Gray,Red,None reported,Yes,37899,10.542706391070517,10.169728906753061
BMW,430 i,2017,58880,Gasoline,248.0HP 2.0L 4 Cylinder Engine Gasoline Fuel,8-Speed A/T,White,Brown,None reported,Yes,21000,9.952325334619427,10.983273736954189
Cadillac,Escalade Sport Platinum,2021,26000,Gasoline,420.0HP 6.2L 8 Cylinder Engine Gasoline Fuel,10-Speed A/T,Black,Black,None reported,Yes,104000,11.552155793461898,10.165890277802454
Honda,Civic EX,2008,190640,Gasoline,140.0HP 1.8L 4 Cylinder Engine Gasoline Fuel,5-Speed M/T,Silver,Silver,At least 1 accident or damage reported,Yes,5500,8.612685172875459,12.158147357247746
Porsche,Cayenne AWD,2020,37500,Gasoline,335.0HP 3.0L V6 Cylinder Engine Gasoline Fuel,8-Speed A/T,White,Black,None reported,Yes,59900,11.000448478455008,10.53212287826962
Ford,Mustang Mach-E GT,2022,13856,Gasoline,480.0HP Electric Motor Electric Fuel System,1-Speed A/T,White,Black,None reported,Yes,54000,10.896757843893464,9.536545799098715
Cadillac,ATS 2.5L Luxury,2013,225000,Gasoline,202.0HP 2.5L 4 Cylinder Engine Gasoline Fuel,6-Speed A/T,Blue,Black,None reported,Yes,13600,9.517898598432753,12.323860125621126
Lexus,LS 460 Base,2014,123256,Gasoline,386.0HP 4.6L 8 Cylinder Engine Gasoline Fuel,8-Speed A/T,White,Beige,None reported,Yes,24995,10.126471091048971,11.722026885424
Cadillac,Escalade Premium Luxury,2021,11459,Gasoline,420.0HP 6.2L 8 Cylinder Engine Gasoline Fuel,10-Speed A/T,White,Brown,None reported,Yes,88900,11.395278670032656,9.346617990268731
Mercedes-Benz,C-Class C 300 4MATIC Sport,2016,67289,Gasoline,241.0HP 2.0L 4 Cylinder Engine Gasoline Fuel,7-Speed A/T,White,Gray,None reported,Yes,20490,9.927741044336832,11.116766916182364
Hyundai,Veloster Base,2013,56837,Gasoline,132.0HP 1.6L 4 Cylinder Engine Gasoline Fuel,Transmission w/Dual Shift Mode,Silver,Black,At least 1 accident or damage reported,Yes,10500,9.259225769705994,10.947960395103589
Chevrolet,Corvette Base,2002,44168,Gasoline,350.0HP 5.7L 8 Cylinder Engine Gasoline Fuel,4-Speed A/T,Orange,Black,None reported,Yes,30000,10.308985993422082,10.695778464533518
Mercedes-Benz,C-Class C 300 4MATIC,2019,59766,Gasoline,2.0L I4 16V GDI DOHC Turbo,9-Speed Automatic,Lunar Blue Metallic,Macchiato,None reported,Yes,26900,10.199918739620157,10.998208948154403
Kia,Stinger GT,2018,56300,Gasoline,365.0HP 3.3L V6 Cylinder Engine Gasoline Fuel,A/T,Silver,Black,None reported,Yes,29950,10.307317991967832,10.938467575959383
Volvo,S60 R,2004,167000,Gasoline,300.0HP 2.5L 5 Cylinder Engine Gasoline Fuel,6-Speed M/T,Black,Beige,None reported,Yes,8000,8.987321812850125,12.025755079404917
Chevrolet,Silverado 2500 LT,2015,122770,E85 Flex Fuel,360.0HP 6.0L 8 Cylinder Engine Flex Fuel Capability,A/T,Brown,Black,None reported,Yes,27499,10.221941283654663,11.718076110454085
Land Rover,Range Rover 3.0L V6 Supercharged HSE,2019,59271,Gasoline,380.0HP 3.0L V6 Cylinder Engine Gasoline Fuel,A/T,Black,Black,None reported,Yes,54995,10.915015734297125,10.989892298096493
GMC,Sierra 1500 SLE,2015,102000,Gasoline,355.0HP 5.3L 8 Cylinder Engine Gasoline Fuel,6-Speed A/T,Silver,Black,At least 1 accident or damage reported,Yes,24500,10.106469212026385,11.532737896139919
Chevrolet,Silverado 1500 RST,2020,40929,Gasoline,5.3L V8 16V GDI OHV,Automatic,Cajun Red Tintcoat,Jet Black,At least 1 accident or damage reported,Yes,44800,10.709985739582528,10.619618569486448
Porsche,911 Turbo S,2019,22000,Gasoline,580.0HP 3.8L Flat 6 Cylinder Engine Gasoline Fuel,7-Speed A/T,White,Beige,None reported,Yes,174900,12.071975378543236,9.99884318585288
Chevrolet,Suburban Z71,2022,19200,Gasoline,420.0HP 6.2L 8 Cylinder Engine Gasoline Fuel,10-Speed A/T,White,Black,None reported,Yes,69790,11.153260340608929,9.862717639992917
Mercedes-Benz,G-Class G 550 4MATIC,2019,32376,Gasoline,416.0HP 4.0L 8 Cylinder Engine Gasoline Fuel,A/T,Black,Black,None reported,Yes,128000,11.759793355371237,10.385203573155552
Porsche,911 Carrera,2023,19800,Gasoline,379.0HP 3.0L Flat 6 Cylinder Engine Gasoline Fuel,8-Speed A/T,Silver,Black,None reported,Yes,134900,11.812296455066814,9.893487720457795
Land Rover,Range Rover Sport HSE,2011,105000,Gasoline,375.0HP 5.0L 8 Cylinder Engine Gasoline Fuel,A/T,Black,Black,None reported,Yes,10000,9.210440366976517,11.561725152903833
Ford,F-250 Lariat,2016,122650,Diesel,440.0HP 6.7L 8 Cylinder Engine Diesel Fuel,6-Speed A/T,Gray,Black,None reported,Yes,38900,10.568775236216993,11.717098202935093
Subaru,BRZ Limited,2022,14000,Gasoline,228.0HP 2.4L 4 Cylinder Engine Gasoline Fuel,6-Speed M/T,White,Black,None reported,Yes,34999,10.46310334047155,9.546884034617925
Lexus,LS 460 Base,2008,100868,Gasoline,380.0HP 4.6L 8 Cylinder Engine Gasoline Fuel,8-Speed A/T,Black,Beige,None reported,Yes,15397,9.641992909837995,11.521577924249367
Land Rover,Range Rover Sport HSE,2013,111000,Gasoline,375.0HP 5.0L 8 Cylinder Engine Gasoline Fuel,6-Speed A/T,Black,Black,At least 1 accident or damage reported,Yes,15000,9.61587214452889,11.6172944892629
Cadillac,Escalade Sport Platinum,2021,38500,Gasoline,420.0HP 6.2L 8 Cylinder Engine Gasoline Fuel,A/T,White,Black,At least 1 accident or damage reported,Yes,94995,11.461590064433068,10.55843949396453
Nissan,Pathfinder S,2020,41250,Gasoline,284.0HP 3.5L V6 Cylinder Engine Gasoline Fuel,CVT Transmission,White,–,None reported,Yes,21865,9.99268819799443,10.627430633893226
MINI,Cooper S Base,2006,99600,Gasoline,168.0HP 1.6L 4 Cylinder Engine Gasoline Fuel,6-Speed A/T,Orange,Black,None reported,Yes,5500,8.612685172875459,11.50892748368293
Acura,ILX 2.0L w/Premium Package,2013,198000,Gasoline,150.0HP 2.0L 4 Cylinder Engine Gasoline Fuel,Transmission w/Dual Shift Mode,White,Black,At least 1 accident or damage reported,Yes,11000,9.305741456739435,12.19602736016897
Lexus,RX 350 Base,2021,20598,Gasoline,3.5L V6 24V PDI DOHC,8-Speed Automatic,Atomic Silver,Gray,At least 1 accident or damage reported,Unknown,42599,10.659609532257463,9.932997809910068
Porsche,911 Carrera S,2013,52044,Gasoline,400.0HP 3.8L Flat 6 Cylinder Engine Gasoline Fuel,7-Speed M/T,White,Gray,None reported,Yes,76500,11.245059091624615,10.859864007949568
MINI,Hardtop Cooper S,2022,23777,Gasoline,189.0HP 2.0L 4 Cylinder Engine Gasoline Fuel,6-Speed M/T,Gray,Black,None reported,Yes,30000,10.308985993422082,10.07651606241849
Ford,F-150 Platinum,2018,60660,Gasoline,375.0HP 3.5L V6 Cylinder Engine Gasoline Fuel,A/T,Gold,Black,At least 1 accident or damage reported,Yes,46900,10.75579427616868,11.013056266434749
BMW,i3 Base,2015,26000,Gasoline,170.0HP 0.65L Electric Motor Electric Fuel System,1-Speed A/T,White,Beige,None reported,Yes,14999,9.615805480084347,10.165890277802454
Mazda,CX-5 Touring,2018,61000,Gasoline,187.0HP 2.5L 4 Cylinder Engine Gasoline Fuel,Transmission w/Dual Shift Mode,Gray,Black,None reported,Yes,21800,9.989711119284745,11.0186455364637
Lexus,RX 350 F Sport Performance,2020,53750,Gasoline,295.0HP 3.5L V6 Cylinder Engine Gasoline Fuel,A/T,Black,Red,None reported,Yes,32600,10.392098241730961,10.892117550468008
BMW,X5 M50i,2023,13735,Gasoline,4.4L V8 32V GDI DOHC Twin Turbo,8-Speed Automatic,Black Sapphire Metallic,Black,None reported,Yes,77897,11.263155557588309,9.527775402577312
Mercedes-Benz,E-Class E 300,2019,32580,Gasoline,2.0 Liter Turbo,Automatic,Obsidian Black Metallic,Beige,None reported,Yes,33998,10.434086391401058,10.391484575362098
Porsche,911 Carrera Cabriolet,2006,96275,Gasoline,325.0HP 3.6L Flat 6 Cylinder Engine Gasoline Fuel,6-Speed M/T,Silver,Black,At least 1 accident or damage reported,Yes,52500,10.868587496017359,11.474974345541657
Ford,F-350 Lariat,2015,162000,Diesel,440.0HP 6.7L 8 Cylinder Engine Diesel Fuel,Transmission w/Dual Shift Mode,Red,Beige,None reported,Yes,32000,10.373522431293592,11.995357787034976
BMW,X3 xDrive30i,2019,92040,Gasoline,2.0L I4 16V GDI DOHC Turbo,8-Speed Automatic,Alpine White,Black,None reported,Yes,24999,10.126631103850338,11.429989408931654
RAM,1500 SLT,2017,73690,Gasoline,395.0HP 5.7L 8 Cylinder Engine Gasoline Fuel,8-Speed A/T,Blue,Gray,At least 1 accident or damage reported,Yes,27000,10.203629181337648,11.207635954031296
Toyota,Tacoma Base,2009,48750,Gasoline,159.0HP 2.7L 4 Cylinder Engine Gasoline Fuel,M/T,Brown,Silver,None reported,Yes,17900,9.792611856190192,10.79448098903612
Cadillac,SRX Performance Collection,2011,124542,Gasoline,265.0HP 3.0L V6 Cylinder Engine Gasoline Fuel,6-Speed A/T,Gray,Beige,None reported,Yes,8450,9.042040056544483,11.732406316782534
Ford,Mustang GT Premium,2010,69000,Gasoline,315.0HP 4.6L 8 Cylinder Engine Gasoline Fuel,5-Speed A/T,White,Black,None reported,Yes,20000,9.90353755128617,11.141876276228
Dodge,Ram 2500 Laramie Quad Cab,2004,148000,Diesel,250.0HP 5.9L Straight 6 Cylinder Engine Diesel Fuel,4-Speed A/T,Black,Beige,None reported,Yes,19000,9.852246888342531,11.904974309480183
BMW,650 i,2006,122141,Gasoline,360.0HP 4.8L 8 Cylinder Engine Gasoline Fuel,6-Speed M/T,Silver,Black,None reported,Yes,10500,9.259225769705994,11.712939581295101
Subaru,Impreza WRX,2012,106000,Gasoline,265.0HP 2.5L 4 Cylinder Engine Gasoline Fuel,M/T,Black,Black,None reported,Yes,15000,9.61587214452889,11.571203807011969
Ford,Edge Titanium,2017,113294,Gasoline,245.0HP 2.0L 4 Cylinder Engine Gasoline Fuel,6-Speed A/T,Gray,Black,At least 1 accident or damage reported,Yes,16500,9.711176264112805,11.637750315415659
Kia,Telluride SX,2021,24423,Gasoline,3.8L V6 24V GDI DOHC,8-Speed Automatic,Black,Black,None reported,Yes,44315,10.699101064640564,10.103321534414714
Tesla,Model S Long Range,2022,28000,Gasoline,670.0HP Electric Motor Electric Fuel System,1-Speed A/T,Gray,White,None reported,Yes,68750,11.13824656087758,10.239995502805316
RAM,1500 Rebel,2018,54800,Gasoline,395.0HP 5.7L 8 Cylinder Engine Gasoline Fuel,A/T,White,Black,At least 1 accident or damage reported,Yes,37050,10.5200506209133,10.911463720944793
Ford,Explorer XLT,2017,161000,Gasoline,290.0HP 3.5L V6 Cylinder Engine Gasoline Fuel,6-Speed A/T,Gray,Black,None reported,Yes,17500,9.770013301136158,11.989165855127435
Mercedes-Benz,AMG GLE 43 4MATIC Coupe,2019,28755,Gasoline,385.0HP 3.0L V6 Cylinder Engine Gasoline Fuel,9-Speed A/T,Black,Black,None reported,Yes,61350,11.024366749924715,10.266601720103763
Audi,Q5 2.0T Premium Plus,2016,52105,E85 Flex Fuel,220.0HP 2.0L 4 Cylinder Engine Flex Fuel Capability,A/T,White,Beige,At least 1 accident or damage reported,Yes,20499,9.9281801651265,10.861035384258484
Nissan,Armada Platinum,2018,119950,Gasoline,390.0HP 5.6L 8 Cylinder Engine Gasoline Fuel,Transmission w/Dual Shift Mode,Black,Black,None reported,Yes,20999,9.95227771670556,11.694838605040093
Mercedes-Benz,SL-Class SL500 Roadster,2003,80081,Gasoline,302.0HP 5.0L 8 Cylinder Engine Gasoline Fuel,5-Speed A/T,White,Beige,None reported,Yes,12500,9.433563920090563,11.290806388702206
Bentley,Bentayga V8,2021,24500,Gasoline,542.0HP 4.0L 8 Cylinder Engine Gasoline Fuel,8-Speed A/T,White,White,None reported,Yes,165000,12.013706813470414,10.106469212026385
Jeep,Gladiator Overland,2021,4100,Gasoline,285.0HP 3.6L V6 Cylinder Engine Gasoline Fuel,A/T,Black,Black,None reported,Yes,55000,10.915106645867503,8.31898612539206
BMW,M2 CS,2020,9670,Gasoline,444.0HP 3.0L Straight 6 Cylinder Engine Gasoline Fuel,Transmission w/Dual Shift Mode,Blue,Black,None reported,Yes,103500,11.547336553476635,9.176886995716963
Dodge,Charger SE,2017,63250,Gasoline,292.0HP 3.6L V6 Cylinder Engine Gasoline Fuel,A/T,Red,Black,None reported,Yes,18650,9.833655042937448,11.054866216741466
Lincoln,MKX Black Label,2017,69431,Gasoline,335.0HP 2.7L V6 Cylinder Engine Gasoline Fuel,6-Speed A/T,Silver,Black,None reported,Yes,26500,10.184937747111391,11.148103135324082
Toyota,Tundra SR5,2015,108044,Gasoline,5.7L V8 32V MPFI DOHC,6-Speed Automatic,Black,–,None reported,Yes,31380,10.353957893210753,11.590303085991573
BMW,335 i,2008,98000,Gasoline,300.0HP 3.0L Straight 6 Cylinder Engine Gasoline Fuel,Transmission w/Dual Shift Mode,Black,Brown,None reported,Yes,13998,9.546741177474825,11.49273296168228
BMW,X1 xDrive28i,2019,52253,Gasoline,228.0HP 2.0L 4 Cylinder Engine Gasoline Fuel,Transmission w/Dual Shift Mode,White,Black,None reported,Yes,34500,10.448743588106625,10.863871721920795
Ford,F-350 Platinum,2022,23850,Diesel,475.0HP 6.7L 8 Cylinder Engine Diesel Fuel,10-Speed A/T,Silver,Black,None reported,Yes,99750,11.510432359764517,10.079581424158677
Mercedes-Benz,Sprinter High Roof,2015,1500,Diesel,188.0HP 3.0L V6 Cylinder Engine Diesel Fuel,A/T,White,Gray,None reported,Yes,39500,10.584081267024454,7.313886831633462
Dodge,Challenger GT,2021,40000,Gasoline,303.0HP 3.6L V6 Cylinder Engine Gasoline Fuel,A/T,Black,Black,None reported,Yes,32500,10.389026137075234,10.596659732783579
Audi,S4 3.0 Prestige,2012,38718,Gasoline,333.0HP 3.0L V6 Cylinder Engine Gasoline Fuel,7-Speed A/T,Black,Black,None reported,Yes,31000,10.34177474101152,10.564085714610725
Toyota,Tacoma TRD Sport,2018,84184,Gasoline,3.5 Liter,Automatic,Magnetic Gray Metallic,Graphite w/Gun Metal,None reported,Yes,35998,10.49124643927466,11.3407720370919
Mercedes-Benz,Sprinter 2500 Standard Roof,2021,13344,Diesel,188.0HP 3.0L V6 Cylinder Engine Diesel Fuel,7-Speed A/T,Red,Black,None reported,Yes,56500,10.942013616092948,9.498897061838624
INFINITI,Q50 3.0t Red Sport 400,2018,51850,Gasoline,400.0HP 3.0L V6 Cylinder Engine Gasoline Fuel,Transmission w/Dual Shift Mode,Black,Black,None reported,Yes,28900,10.27163147557801,10.856129499874779
Porsche,911 Carrera 4S,2002,119500,Gasoline,320.0HP 3.6L Flat 6 Cylinder Engine Gasoline Fuel,6-Speed M/T,Black,Black,At least 1 accident or damage reported,Yes,36995,10.51856507767415,11.691080018519527
Ford,Expedition Max Limited,2021,30918,Gasoline,375.0HP 3.5L V6 Cylinder Engine Gasoline Fuel,10-Speed A/T,White,Beige,None reported,Yes,51999,10.858998997563564,10.33912616065184
Chevrolet,Corvette Stingray w/3LT,2023,1100,Gasoline,490.0HP 6.2L 8 Cylinder Engine Gasoline Fuel,8-Speed A/T,Gray,Beige,None reported,Yes,92000,11.429554725537322,7.00397413672268
Mercedes-Benz,C-Class C 300,2019,40000,Gasoline,255.0HP 2.0L 4 Cylinder Engine Gasoline Fuel,A/T,Blue,Black,None reported,Yes,27900,10.236417809461043,10.596659732783579
Jeep,Grand Cherokee Limited,2005,100500,Gasoline,325.0HP 5.7L 8 Cylinder Engine Gasoline Fuel,A/T,Black,Gray,None reported,Yes,9998,9.21024036697585,11.51792295668052
Dodge,Charger SRT Hellcat,2020,54320,Gasoline,707.0HP 6.2L 8 Cylinder Engine Gasoline Fuel,8-Speed A/T,Gray,Black,At least 1 accident or damage reported,Yes,67000,11.112462823634855,10.902666171488752
Mercedes-Benz,C-Class C 300 4MATIC,2018,49000,Gasoline,241.0HP 2.0L 4 Cylinder Engine Gasoline Fuel,A/T,Black,Black,None reported,Yes,23450,10.06266841688844,10.799595985047786
Porsche,911 Carrera S,2020,28000,Gasoline,443.0HP 3.0L Flat 6 Cylinder Engine Gasoline Fuel,8-Speed A/T,Gray,Black,None reported,Yes,134999,11.813030057420567,10.239995502805316
Porsche,911 GT3,2022,1750,Gasoline,502.0HP 4.0L Flat 6 Cylinder Engine Gasoline Fuel,7-Speed A/T,White,Black,None reported,Yes,275000,12.524530013005734,7.467942332285852
Cadillac,DTS Luxury,2007,130000,Gasoline,275.0HP 4.6L 8 Cylinder Engine Gasoline Fuel,A/T,Gold,Beige,At least 1 accident or damage reported,Yes,3499,8.160518247477505,11.775297421715827
Maserati,Grecale Modena,2023,3721,Gasoline,2.0L I4 16V GDI DOHC Turbo,8-Speed Automatic,White,Red,None reported,Yes,69645,11.151180547551608,8.222016437202196
Mercedes-Benz,S-Class S 550,2016,78101,Gasoline,449.0HP 4.7L 8 Cylinder Engine Gasoline Fuel,7-Speed A/T,Black,Black,None reported,Yes,34500,10.448743588106625,11.265770943694516
Chevrolet,Malibu 1LT,2017,54000,Gasoline,160.0HP 1.5L 4 Cylinder Engine Gasoline Fuel,A/T,Gray,Gray,At least 1 accident or damage reported,Yes,16000,9.680406499268875,10.896757843893464
Nissan,Quest SL,2011,185000,Gasoline,260.0HP 3.5L V6 Cylinder Engine Gasoline Fuel,A/T,White,Gray,At least 1 accident or damage reported,Yes,7500,8.922791623969637,12.128116509451258
Mercedes-Benz,SLK-Class SLK 250,2015,49000,Gasoline,201.0HP 1.8L 4 Cylinder Engine Gasoline Fuel,7-Speed A/T,Blue,Beige,None reported,Yes,23500,10.064798252418377,10.799595985047786
GMC,Sierra 2500 Denali,2024,2043,Gasoline,401.0HP 6.6L 8 Cylinder Engine Gasoline Fuel,10-Speed A/T,White,Black,None reported,Yes,81500,11.308370569092329,7.622663951323595
Lexus,RX 350 Base,2016,71750,Gasoline,295.0HP 3.5L V6 Cylinder Engine Gasoline Fuel,8-Speed A/T,Black,Brown,None reported,Yes,28000,10.239995502805316,11.180957070806974
Chevrolet,Corvette Stingray w/3LT,2020,5194,Gasoline,6.2L V8 16V GDI OHV,8-Speed Automatic with Auto-Shift,Arctic White,Tension,None reported,Yes,87500,11.37940550085183,8.555451903533328
BMW,330 i,2019,42200,Gasoline,255.0HP 2.0L 4 Cylinder Engine Gasoline Fuel,8-Speed A/T,White,Black,None reported,Yes,27500,10.221977646629885,10.650199196425806
Mercedes-Benz,GLC 300 Base,2020,42717,Gasoline,255.0HP 2.0L 4 Cylinder Engine Gasoline Fuel,A/T,Gold,Beige,None reported,Yes,33500,10.419330568113901,10.66237565605875
Tesla,Model S 75D,2016,102260,Gasoline,518.0HP Electric Motor Electric Fuel System,1-Speed A/T,White,Black,None reported,Yes,31300,10.351405324899678,11.535283647580895
Chevrolet,Corvette Stingray w/2LT,2022,11089,Gasoline,6.2L V8 16V GDI OHV,8-Speed Manual,Silver Flare Metallic,Adrenaline Red,None reported,Yes,80900,11.300981463909618,9.313799080344413
Jaguar,XF 25t Prestige,2018,37777,Gasoline,247.0HP 2.0L 4 Cylinder Engine Gasoline Fuel,Transmission w/Dual Shift Mode,Black,Black,None reported,Yes,32500,10.389026137075234,10.539482201591765
Ford,F-150 XLT,2021,35921,Gasoline,2.7L V6 24V PDI DOHC Twin Turbo,10-Speed Automatic,Antimatter Blue Metallic,Black,None reported,Yes,42995,10.668862367092954,10.489105200153407
Ford,Bronco Outer Banks,2023,1800,Gasoline,275.0HP 2.3L 4 Cylinder Engine Gasoline Fuel,10-Speed A/T,Gray,Blue,None reported,Yes,54900,10.91328684226798,7.496097345175956
Scion,FR-S Monogram,2014,163019,Gasoline,200.0HP 2.0L 4 Cylinder Engine Gasoline Fuel,6-Speed M/T,Black,Black,At least 1 accident or damage reported,Yes,8900,9.093918908958932,12.001628171648449
Mercedes-Benz,C-Class C 300 4MATIC,2020,14220,Gasoline,255.0HP 2.0L 4 Cylinder Engine Gasoline Fuel,9-Speed A/T,Blue,Beige,None reported,Yes,35500,10.477316144080852,9.562475024372697
Chevrolet,Tahoe Premier,2019,48879,Gasoline,5.3L V8 16V GDI OHV,Automatic,Silver Ice Metallic,Jet Black,None reported,Yes,49573,10.811221781727163,10.797123593845477
BMW,M3 Base,2002,117200,Gasoline,333.0HP 3.2L Straight 6 Cylinder Engine Gasoline Fuel,6-Speed A/T,Black,Black,None reported,Yes,15000,9.61587214452889,11.671645688511857
Ford,F-150 Lariat,2016,25000,E85 Flex Fuel,385.0HP 5.0L 8 Cylinder Engine Flex Fuel Capability,6-Speed A/T,Gray,Black,None reported,Yes,65000,11.082157933374816,10.12667110305036
BMW,i3 Base w/Range Extender,2014,74500,Gasoline,170.0HP 0.65L Electric Motor Electric Fuel System,A/T,White,Gray,None reported,Yes,11499,9.350102314351341,11.218567827096358
INFINITI,G37 Journey,2013,33300,Gasoline,328.0HP 3.7L V6 Cylinder Engine Gasoline Fuel,A/T,Gray,Black,None reported,Yes,21990,9.998388557730848,10.413342705547674
Ford,Expedition XLT,2007,123921,Gasoline,300.0HP 5.4L 8 Cylinder Engine Gasoline Fuel,6-Speed A/T,White,Beige,None reported,Yes,6900,8.839421607620602,11.727407614405314
BMW,X3 sDrive30i,2021,12800,Gasoline,248.0HP 2.0L 4 Cylinder Engine Gasoline Fuel,A/T,Blue,Blue,None reported,Yes,39990,10.596409707779776,9.45727857185611
Aston Martin,Vantage GT Base,2015,21100,Gasoline,430.0HP 4.7L 8 Cylinder Engine Gasoline Fuel,6-Speed M/T,Black,Black,None reported,Yes,80000,11.289794413577894,9.957075711706057
Chevrolet,Tahoe LT,2009,104733,E85 Flex Fuel,320.0HP 5.3L 8 Cylinder Engine Flex Fuel Capability,6-Speed A/T,Black,Black,None reported,Yes,15000,9.61587214452889,11.559179081487663
Ford,Transit-250 Base,2020,53000,Gasoline,310.0HP 3.5L V6 Cylinder Engine Gasoline Fuel,A/T,White,Black,At least 1 accident or damage reported,Yes,38500,10.55843949396453,10.87806606028079
Lexus,ES 250 Base,2021,17570,Gasoline,2.5 Liter,Automatic,Emin White,Black,None reported,Yes,39998,10.596609732783568,9.774005094757891
RAM,1500 Rebel,2020,63875,Hybrid,395.0HP 5.7L 8 Cylinder Engine Gasoline/Mild Electric Hybrid,8-Speed A/T,Gray,Black,At least 1 accident or damage reported,Yes,41900,10.643064971973882,11.064698982960758
Ford,Maverick XL,2023,12500,Hybrid,191.0HP 2.5L 4 Cylinder Engine Gas/Electric Hybrid,A/T,Silver,Black,None reported,Yes,29999,10.308952660644293,9.433563920090563
BMW,Z3 3.0i Roadster,2001,103990,Gasoline,225.0HP 3.0L Straight 6 Cylinder Engine Gasoline Fuel,5-Speed M/T,Black,Beige,None reported,Yes,10500,9.259225769705994,11.552059635917303
Chevrolet,Camaro 1SS,2022,7000,Gasoline,455.0HP 6.2L 8 Cylinder Engine Gasoline Fuel,6-Speed M/T,Blue,Black,None reported,Yes,50000,10.819798284210286,8.853808274977197
Chevrolet,Corvette Stingray w/3LT,2023,9000,Gasoline,490.0HP 6.2L 8 Cylinder Engine Gasoline Fuel,8-Speed A/T,Blue,Black,None reported,Yes,92000,11.429554725537322,9.105090961257085
Pontiac,Solstice GXP,2007,7800,Gasoline,260.0HP 2.0L 4 Cylinder Engine Gasoline Fuel,5-Speed A/T,Silver,Black,None reported,Yes,19000,9.852246888342531,8.962007209588313
Cadillac,XTS Luxury,2017,69289,Gasoline,304.0HP 3.6L V6 Cylinder Engine Gasoline Fuel,6-Speed A/T,Gray,Black,At least 1 accident or damage reported,Yes,20997,9.952182474074887,11.146055874621426
Toyota,Highlander Limited,2011,106000,Gasoline,270.0HP 3.5L V6 Cylinder Engine Gasoline Fuel,5-Speed A/T,White,Gray,At least 1 accident or damage reported,Yes,16600,9.717218213494077,11.571203807011969
Lincoln,Navigator Reserve,2020,68000,Gasoline,450.0HP 3.5L V6 Cylinder Engine Gasoline Fuel,10-Speed A/T,Black,Gray,At least 1 accident or damage reported,Yes,55999,10.933106969717286,11.127277689932466
Toyota,Highlander Hybrid Limited Platinum,2019,13828,Hybrid,306.0HP 3.5L V6 Cylinder Engine Gas/Electric Hybrid,CVT Transmission,Blue,Black,None reported,Yes,43000,10.668978650219241,9.534523115464658
Audi,A3 2.0T Tech Premium,2018,39600,Gasoline,220.0HP 2.0L 4 Cylinder Engine Gasoline Fuel,Transmission w/Dual Shift Mode,White,Black,None reported,Yes,26999,10.203592144986466,10.586609649448985
Jeep,Wrangler SE,2003,92000,Gasoline,150.0HP 2.4L 4 Cylinder Engine Gasoline Fuel,M/T,Gold,Black,None reported,Yes,12500,9.433563920090563,11.429554725537322
Toyota,Tacoma SR,2022,5020,Gasoline,278.0HP 3.5L V6 Cylinder Engine Gasoline Fuel,A/T,Black,Gray,None reported,Yes,36500,10.505094936455558,8.521384396034705
Chevrolet,Trailblazer SS,2007,107800,Gasoline,395.0HP 6.0L 8 Cylinder Engine Gasoline Fuel,A/T,Black,Black,At least 1 accident or damage reported,Yes,15000,9.61587214452889,11.588042213851855
Audi,A5 2.0T Premium Plus,2019,23827,Gasoline,248.0HP 2.0L 4 Cylinder Engine Gasoline Fuel,7-Speed A/T,Gray,Black,None reported,Yes,34995,10.462989048226156,10.078616638748578
Audi,A6 55 Premium,2020,25300,Hybrid,335.0HP 3.0L V6 Cylinder Engine Gasoline/Mild Electric Hybrid,7-Speed A/T,White,Beige,None reported,Yes,39900,10.594156665220533,10.138599199626192
Mercedes-Benz,Sprinter 2500,2016,399000,Diesel,188.0HP 3.0L V6 Cylinder Engine Diesel Fuel,5-Speed A/T,Silver,–,At least 1 accident or damage reported,Yes,24500,10.106469212026385,12.896719202134523
Porsche,911 Carrera,2005,46200,Gasoline,325.0HP 3.6L Flat 6 Cylinder Engine Gasoline Fuel,6-Speed M/T,Silver,Black,None reported,Yes,49999,10.819778284410283,10.740756721857226
Chevrolet,Corvette Stingray w/2LT,2022,3158,Gasoline,490.0HP 6.2L 8 Cylinder Engine Gasoline Fuel,8-Speed A/T,Red,Red,None reported,Yes,85989,11.361986289404943,8.058010800802085
GMC,Acadia SLE,2021,26000,Gasoline,228.0HP 2.0L 4 Cylinder Engine Gasoline Fuel,A/T,White,Black,None reported,Yes,30900,10.33854382482173,10.165890277802454
Porsche,911 Carrera,2020,12758,Gasoline,379.0HP 3.0L Flat 6 Cylinder Engine Gasoline Fuel,8-Speed A/T,Silver,Black,None reported,Yes,107900,11.588969419043872,9.453992183921743
Chevrolet,Corvette Base,2007,123500,Gasoline,400.0HP 6.0L 8 Cylinder Engine Gasoline Fuel,Transmission w/Dual Shift Mode,Red,Beige,At least 1 accident or damage reported,Yes,27000,10.203629181337648,11.724004532183379
Ford,Mustang GT Premium,2018,26840,Gasoline,460.0HP 5.0L 8 Cylinder Engine Gasoline Fuel,6-Speed M/T,White,Black,None reported,Yes,42500,10.657282884047461,10.197685848215706
Ford,Edge SEL,2021,17836,Gasoline,2.0L I4 16V GDI DOHC Turbo,8-Speed Automatic,Silver,Ebony,None reported,Yes,31933,10.371426551899647,9.789030230558303
Cadillac,Escalade Luxury,2012,114500,E85 Flex Fuel,403.0HP 6.2L 8 Cylinder Engine Flex Fuel Capability,A/T,Black,Black,None reported,Yes,16100,9.686636660844938,11.648338835562747
Chevrolet,Corvette Stingray w/3LT,2022,5400,Gasoline,490.0HP 6.2L 8 Cylinder Engine Gasoline Fuel,8-Speed A/T,White,Black,None reported,Yes,89900,11.40646434386837,8.594339400592892
Toyota,Corolla LE,2016,17500,Gasoline,132.0HP 1.8L 4 Cylinder Engine Gasoline Fuel,A/T,Red,Gray,None reported,Yes,15100,9.62251624577579,9.770013301136158
Chevrolet,Express 2500 Work Van,2017,56000,Gasoline,285.0HP 4.8L 8 Cylinder Engine Gasoline Fuel,A/T,Blue,–,None reported,Yes,44600,10.70551155928146,10.933124826700707
Chevrolet,Trax LS,2020,20800,Gasoline,138.0HP 1.4L 4 Cylinder Engine Gasoline Fuel,6-Speed A/T,Black,Beige,None reported,Yes,19000,9.852246888342531,9.942756341456828
Volkswagen,Golf Auto TSI S,2015,107543,Gasoline,170.0HP 1.8L 4 Cylinder Engine Gasoline Fuel,Transmission w/Dual Shift Mode,Black,Black,None reported,Yes,13200,9.488047863280759,11.58565534513409
Nissan,Pathfinder Silver,2012,206000,Gasoline,266.0HP 4.0L V6 Cylinder Engine Gasoline Fuel,Transmission w/Dual Shift Mode,Black,Black,None reported,Yes,5000,8.517393171418904,12.235636302128867
Ford,F-150 Platinum,2018,37100,E85 Flex Fuel,395.0HP 5.0L 8 Cylinder Engine Flex Fuel Capability,10-Speed A/T,Black,Black,None reported,Yes,46000,10.736418414365376,10.521399202410167
Land Rover,Range Rover Velar P380 SE R-Dynamic,2019,19813,Gasoline,380.0HP 3.0L V6 Cylinder Engine Gasoline Fuel,8-Speed A/T,Silver,Beige,None reported,Yes,51900,10.857093336791094,9.894144037532975
Kia,Sportage LX,2010,208321,Gasoline,173.0HP 2.7L V6 Cylinder Engine Gasoline Fuel,A/T,White,Beige,None reported,Yes,3500,8.160803920954665,12.246840238570694
Lexus,LS 460 Base,2012,200000,Gasoline,380.0HP 4.6L 8 Cylinder Engine Gasoline Fuel,Transmission w/Dual Shift Mode,White,Beige,At least 1 accident or damage reported,Yes,9995,9.209940291954844,12.206077645517674
MINI,Cooper S Base,2012,66000,Gasoline,181.0HP 1.6L 4 Cylinder Engine Gasoline Fuel,6-Speed A/T,White,Black,None reported,Yes,10999,9.305650551780507,11.097425172408931
Bentley,Bentayga Activity Edition,2018,41000,Gasoline,600.0HP 6.0L 12 Cylinder Engine Gasoline Fuel,8-Speed A/T,Gray,Gray,None reported,Yes,113000,11.635151947212842,10.62135173563291
Volvo,XC60 T6 Inscription,2019,20623,Gasoline,330.0HP 2.0L 4 Cylinder Engine Gasoline Fuel,A/T,Silver,Black,None reported,Yes,36800,10.513280297700861,9.934210725178968
Ford,Explorer Limited,2018,86000,Gasoline,290.0HP 3.5L V6 Cylinder Engine Gasoline Fuel,Transmission w/Dual Shift Mode,Black,Black,None reported,Yes,26900,10.199918739620157,11.362114203075018
Porsche,Cayenne Turbo GT,2022,1766,Gasoline,4.0L,Automatic,Custom Color,Black,None reported,Yes,209995,12.25484376189915,7.4770384723196965
Mercedes-Benz,G-Class G 550 4MATIC,2016,51354,Gasoline,416.0HP 4.0L 8 Cylinder Engine Gasoline Fuel,7-Speed A/T,Blue,Black,None reported,Yes,73000,11.19822841866684,10.846517581599905
Jeep,Wrangler Unlimited Rubicon 392,2021,38000,Gasoline,470.0HP 6.4L 8 Cylinder Engine Gasoline Fuel,Transmission w/Dual Shift Mode,Gray,Black,None reported,Yes,72980,11.197954412280776,10.545367754151743
Toyota,Avalon Hybrid XLE Premium,2015,161000,Hybrid,200.0HP 2.5L 4 Cylinder Engine Gas/Electric Hybrid,CVT Transmission,Blue,Gray,None reported,Yes,11500,9.350189267092581,11.989165855127435
Nissan,Juke SL,2012,74750,Gasoline,188.0HP 1.6L 4 Cylinder Engine Gasoline Fuel,CVT Transmission,Black,Black,None reported,Yes,12500,9.433563920090563,11.22191786908987
Porsche,911 Carrera 4,2013,67522,Gasoline,350.0HP 3.4L Flat 6 Cylinder Engine Gasoline Fuel,7-Speed A/T,Gray,Black,At least 1 accident or damage reported,Yes,59500,10.993748398115178,11.120223559562419
MINI,Cooper S Base,2012,152000,Gasoline,181.0HP 1.6L 4 Cylinder Engine Gasoline Fuel,6-Speed A/T,White,Black,None reported,Yes,9000,9.105090961257085,11.931642378754141
Subaru,Ascent Touring 7-Passenger,2019,71273,Gasoline,260.0HP 2.4L 4 Cylinder Engine Gasoline Fuel,CVT Transmission,Black,Brown,None reported,Yes,23900,10.081675578048475,11.174286883517595
Subaru,WRX STI Base,2017,37800,Gasoline,305.0HP 2.5L 4 Cylinder Engine Gasoline Fuel,6-Speed M/T,Blue,Black,None reported,Yes,32500,10.389026137075234,10.540090836284206
Land Rover,Range Rover Sport HSE,2019,42000,Gasoline,340.0HP 3.0L V6 Cylinder Engine Gasoline Fuel,Transmission w/Dual Shift Mode,White,Black,None reported,Yes,48990,10.79939188675334,10.645448706505872
Kia,Sorento Plug-In Hybrid SX Prestige,2022,10101,Plug-In Hybrid,261.0HP 1.6L 4 Cylinder Engine Plug-In Electric/Gas,6-Speed A/T,White,–,None reported,Yes,44990,10.714217748749789,9.220488703027998
Chevrolet,Corvette Stingray w/2LT,2022,7900,Gasoline,490.0HP 6.2L 8 Cylinder Engine Gasoline Fuel,8-Speed A/T,White,Red,None reported,Yes,92500,11.434974734252892,8.974744612722734
Tesla,Model 3 Performance,2020,45468,Gasoline,455.0HP Electric Motor Electric Fuel System,1-Speed A/T,Silver,White,None reported,Yes,45999,10.736396675471232,10.724786054054675
Nissan,Armada SV,2017,187141,Gasoline,390.0HP 5.6L 8 Cylinder Engine Gasoline Fuel,A/T,Black,Black,None reported,Yes,16995,9.740733301234702,12.13962296595886
Porsche,Cayenne Turbo S,2014,99100,Gasoline,550.0HP 4.8L 8 Cylinder Engine Gasoline Fuel,8-Speed A/T,White,Black,None reported,Yes,32000,10.373522431293592,11.503894811084523
Subaru,Outback Touring XT,2021,33500,Gasoline,260.0HP 2.4L 4 Cylinder Engine Gasoline Fuel,CVT Transmission,Blue,Brown,None reported,Yes,34000,10.434145214930487,10.419330568113901
Acura,RLX Advance Package,2016,102665,Gasoline,310.0HP 3.5L V6 Cylinder Engine Gasoline Fuel,6-Speed A/T,Black,Black,None reported,Yes,15450,9.645429005150419,11.539236279760026
Ford,Mustang GT,2001,52675,Gasoline,260.0HP 4.6L 8 Cylinder Engine Gasoline Fuel,5-Speed M/T,Black,Black,None reported,Yes,16995,9.740733301234702,10.871915222830111
BMW,330 i xDrive,2017,59203,Gasoline,248.0HP 2.0L 4 Cylinder Engine Gasoline Fuel,A/T,White,–,None reported,Yes,23000,10.043292972227004,10.98874438615708
Mercedes-Benz,SL-Class SL550 Roadster,2009,60100,Gasoline,382.0HP 5.5L 8 Cylinder Engine Gasoline Fuel,7-Speed A/T,Black,Black,None reported,Yes,27000,10.203629181337648,11.003781759319981
Audi,SQ8 4.0T Premium Plus,2021,43238,Gasoline,500.0HP 4.0L 8 Cylinder Engine Gasoline Fuel,Transmission w/Dual Shift Mode,Black,Red,None reported,Yes,76400,11.243751064074187,10.674498144751212
MINI,Cooper S Base,2007,118000,Gasoline,172.0HP 1.6L 4 Cylinder Engine Gasoline Fuel,A/T,Beige,Black,None reported,Yes,3600,8.188966863648876,11.678448377988165
Ford,Mustang EcoBoost,2021,17300,Gasoline,310.0HP 2.3L 4 Cylinder Engine Gasoline Fuel,10-Speed A/T,Yellow,Black,None reported,Yes,31000,10.34177474101152,9.758519582283522
Audi,RS 7 4.0T Prestige,2016,64800,Gasoline,560.0HP 4.0L 8 Cylinder Engine Gasoline Fuel,8-Speed A/T,White,Brown,None reported,Yes,50000,10.819798284210286,11.079076314320059
Mercedes-Benz,GLC 300 GLC 300,2022,1408,Gasoline,2.0 Liter Turbo,Automatic,Lunar Blue Metallic,–,None reported,Yes,46798,10.753617114156082,7.25063551189868
Volkswagen,Touareg TDI Lux,2015,15167,Diesel,240.0HP 3.0L V6 Cylinder Engine Diesel Fuel,8-Speed A/T,Gold,Black,None reported,Yes,35000,10.463131911491967,9.626943224494804
Porsche,Cayenne GTS,2016,64600,Gasoline,440.0HP 3.6L V6 Cylinder Engine Gasoline Fuel,8-Speed A/T,White,Red,None reported,Yes,41000,10.62135173563291,11.075985169527042
Jeep,Grand Wagoneer Series III,2022,31112,Gasoline,471.0HP 6.4L 8 Cylinder Engine Gasoline Fuel,8-Speed A/T,Black,Black,None reported,Yes,83000,11.326607934898927,10.345381017257845
Tesla,Model X 100D,2018,23250,Gasoline,518.0HP Electric Motor Electric Fuel System,1-Speed A/T,Gray,White,None reported,Yes,57000,10.950824090522445,10.054103420843255
MINI,Cooper S Base,2011,63500,Gasoline,181.0HP 1.6L 4 Cylinder Engine Gasoline Fuel,6-Speed M/T,Silver,Black,None reported,Yes,10500,9.259225769705994,11.05881093278828
RAM,1500 Laramie,2022,13464,Gasoline,5.7L V8 16V MPFI OHV,8-Speed Automatic,Diamond Black,Black,None reported,Yes,46999,10.757902880692196,9.5078490052457
Chevrolet,Camaro Base,2001,64776,Gasoline,200.0HP 3.8L V6 Cylinder Engine Gasoline Fuel,A/T,Black,Gray,None reported,Yes,7500,8.922791623969637,11.078705881063264
Jeep,Cherokee X,2022,9601,Gasoline,3.2L V6 24V MPFI DOHC,Automatic,Sting Gray Clearcoat,Black,None reported,Yes,33498,10.419270866621346,9.169726689090886
BMW,ALPINA B7 xDrive,2013,135000,Gasoline,445.0HP 4.4L 8 Cylinder Engine Gasoline Fuel,A/T,Black,Black,At least 1 accident or damage reported,Yes,14000,9.546884034617925,11.813037464800539
Volvo,XC90 3.2 Premier Plus,2013,208864,Gasoline,240.0HP 3.2L Straight 6 Cylinder Engine Gasoline Fuel,6-Speed A/T,White,Beige,At least 1 accident or damage reported,Yes,7500,8.922791623969637,12.249443389227986
INFINITI,Q50 3.0T Premium,2016,49872,Gasoline,300.0HP 3.0L V6 Cylinder Engine Gasoline Fuel,7-Speed A/T,Gray,Black,At least 1 accident or damage reported,Yes,21500,9.975854724662028,10.817235053137502
MINI,Cooper Base,2009,90367,Gasoline,118.0HP 1.6L 4 Cylinder Engine Gasoline Fuel,6-Speed M/T,Red,Black,None reported,Yes,9250,9.132486932771318,11.41164550141286
Porsche,911 Carrera 4S,2014,36670,Gasoline,400.0HP 3.8L Flat 6 Cylinder Engine Gasoline Fuel,Transmission w/Dual Shift Mode,White,Black,None reported,Yes,82499,11.320553572322773,10.509741530941705
Jeep,Grand Wagoneer Base,2023,3752,Gasoline,6.4L V8 16V MPFI OHV,8-Speed Automatic,Ember Pearlcoat,Global Black,None reported,Yes,84620,11.345937741741457,8.23031079913502
Lexus,RX 350 Base,2021,30761,Gasoline,3.5L V6 24V PDI DOHC,8-Speed Automatic,Eminent White Pearl,Black,None reported,Yes,44950,10.713328286593352,10.334035441011755
RAM,1500 Laramie,2022,13438,Gasoline,5.7L V8 16V MPFI OHV,8-Speed Automatic,Diamond Black,Black,None reported,Yes,46599,10.749355820113736,9.505916206547065
Jeep,Gladiator Overland,2020,9100,Gasoline,285.0HP 3.6L V6 Cylinder Engine Gasoline Fuel,8-Speed A/T,Red,Black,None reported,Yes,49895,10.817696118205959,9.116139576577355
Chrysler,200 Limited,2017,100600,Gasoline,–,A/T,Black,Black,None reported,Yes,10000,9.210440366976517,11.518917476956224
Ford,Fusion Hybrid Base,2011,223824,Hybrid,156.0HP 2.5L 4 Cylinder Engine Gas/Electric Hybrid,A/T,White,Brown,At least 1 accident or damage reported,Yes,4500,8.412054873292933,12.318619775502357
Audi,A6 2.0T Premium Plus,2016,96000,Gasoline,252.0HP 2.0L 4 Cylinder Engine Gasoline Fuel,8-Speed A/T,Black,Black,None reported,Yes,21990,9.998388557730848,11.472113887062386
Chevrolet,Silverado 1500 Z71 Extended Cab,2004,185000,Gasoline,295.0HP 5.3L 8 Cylinder Engine Gasoline Fuel,4-Speed A/T,Red,Gray,At least 1 accident or damage reported,Yes,10500,9.259225769705994,12.128116509451258
Porsche,Taycan Base,2021,6900,Gasoline,375.0HP Electric Motor Electric Fuel System,2-Speed A/T,White,Beige,None reported,Yes,79999,11.289781913656018,8.839421607620602
Honda,Accord Hybrid Touring,2017,96400,Hybrid,212.0HP 2.0L 4 Cylinder Engine Gas/Electric Hybrid,CVT Transmission,White,Beige,At least 1 accident or damage reported,Yes,18500,9.825580063659602,11.476271853988816
RAM,2500 SLT,2018,67865,Gasoline,410.0HP 6.4L 8 Cylinder Engine Gasoline Fuel,6-Speed A/T,White,Gray,None reported,Yes,36500,10.505094936455558,11.125290451759437
Land Rover,Range Rover Sport Supercharged,2015,64300,E85 Flex Fuel,550.0HP 5.0L 8 Cylinder Engine Flex Fuel Capability,Transmission w/Dual Shift Mode,Blue,Black,None reported,Yes,44850,10.711101163782413,11.071330462204312
Chevrolet,Colorado ZR2,2018,76500,Gasoline,308.0HP 3.6L V6 Cylinder Engine Gasoline Fuel,8-Speed A/T,White,Black,None reported,Yes,33500,10.419330568113901,11.245059091624615
GMC,Sierra 2500 Denali,2017,96343,Diesel,445.0HP 6.6L 8 Cylinder Engine Diesel Fuel,6-Speed A/T,Blue,Beige,At least 1 accident or damage reported,Yes,53000,10.87806606028079,11.475680398940316
Subaru,Crosstrek 2.0i Limited,2018,74600,Gasoline,152.0HP 2.0L 4 Cylinder Engine Gasoline Fuel,Transmission w/Dual Shift Mode,Blue,Black,None reported,Yes,24000,10.085850775128717,11.219909190927746
Subaru,Outback 2.5i Limited,2014,157530,Gasoline,2.5L H4 16V MPFI DOHC,Automatic CVT,Twilight Blue Metallic,Black,At least 1 accident or damage reported,Yes,9995,9.209940291954844,11.967377543277074
Tesla,Model X Plaid,2022,15000,Gasoline,1020.0HP Electric Motor Electric Fuel System,A/T,White,White,None reported,Yes,95999,11.472103470449973,9.61587214452889
Jeep,Wrangler Unlimited Rubicon,2012,80000,Gasoline,285.0HP 3.6L V6 Cylinder Engine Gasoline Fuel,A/T,Orange,Black,None reported,Yes,30000,10.308985993422082,11.289794413577894
Tesla,Model S 100D,2018,83424,Gasoline,518.0HP Electric Motor Electric Fuel System,1-Speed A/T,Gray,Beige,None reported,Yes,45000,10.714439990727769,11.331703303619575
Mercedes-Benz,C-Class C 300 4MATIC,2021,19000,Gasoline,255.0HP 2.0L 4 Cylinder Engine Gasoline Fuel,A/T,Blue,Beige,None reported,Yes,37999,10.545341438708522,9.852246888342531
Porsche,911 Carrera S,2013,64000,Gasoline,400.0HP 3.8L Flat 6 Cylinder Engine Gasoline Fuel,7-Speed A/T,Gray,Black,At least 1 accident or damage reported,Yes,67000,11.112462823634855,11.06665398721974
Mercedes-Benz,GLS 450 Base 4MATIC,2019,34068,Gasoline,362.0HP 3.0L V6 Cylinder Engine Gasoline Fuel,9-Speed A/T,White,Beige,None reported,Yes,46900,10.75579427616868,10.436143158888768
Buick,Envision Preferred,2021,20104,Gasoline,2.0L I4 16V GDI DOHC Turbo,9-Speed Automatic,Burnished Bronze Metallic,Ebony,None reported,Yes,33295,10.413192548633416,9.908723819331374
Nissan,Armada Platinum,2022,8400,Gasoline,400.0HP 5.6L 8 Cylinder Engine Gasoline Fuel,7-Speed A/T,Red,Beige,None reported,Yes,59950,11.00128284088368,9.036106025364846
Porsche,911 Turbo,2021,11938,Gasoline,572.0HP 3.8L Flat 6 Cylinder Engine Gasoline Fuel,Transmission w/Dual Shift Mode,Black,–,None reported,Yes,209000,12.250094315624496,9.387565631345389
Chevrolet,Corvette Stingray w/2LT,2021,24670,Gasoline,490.0HP 6.2L 8 Cylinder Engine Gasoline Fuel,Transmission w/Dual Shift Mode,White,Brown,None reported,Yes,72500,11.19135563385109,10.113383743764707
Ford,Mustang Shelby GT500,2013,16478,Gasoline,650.0HP 5.8L 8 Cylinder Engine Gasoline Fuel,6-Speed M/T,White,Black,None reported,Yes,66400,11.103467395592086,9.70984212201073
Ford,F-150 XL,2018,52500,E85 Flex Fuel,395.0HP 5.0L 8 Cylinder Engine Flex Fuel Capability,A/T,Gray,Gray,None reported,Yes,35000,10.463131911491967,10.868587496017359
Porsche,Cayenne Turbo,2004,92500,Gasoline,450.0HP 4.5L 8 Cylinder Engine Gasoline Fuel,Transmission w/Dual Shift Mode,Silver,Black,None reported,Yes,12000,9.392745258631441,11.434974734252892
Mitsubishi,Eclipse Spyder GT,2008,62930,Gasoline,260.0HP 3.8L V6 Cylinder Engine Gasoline Fuel,A/T,Gray,Black,At least 1 accident or damage reported,Yes,10000,9.210440366976517,11.0497941670669
Lexus,GX 470 Base,2007,116600,Gasoline,263.0HP 4.7L 8 Cylinder Engine Gasoline Fuel,5-Speed A/T,White,Gray,None reported,Yes,19975,9.902286831959609,11.666513129191083
Dodge,Dakota Big Horn/Lone Star,2010,172024,Gasoline,210.0HP 3.7L V6 Cylinder Engine Gasoline Fuel,4-Speed A/T,Red,Brown,At least 1 accident or damage reported,Yes,7500,8.922791623969637,12.05539509407068
Jeep,Wrangler Sport,2012,57237,Gasoline,285.0HP 3.6L V6 Cylinder Engine Gasoline Fuel,A/T,Black,Black,None reported,Yes,22500,10.021315031649332,10.954973292458972
Subaru,Outback Limited,2020,44600,Gasoline,182.0HP 2.5L 4 Cylinder Engine Gasoline Fuel,CVT Transmission,Silver,Gray,None reported,Yes,28300,10.250652418696085,10.70551155928146
Jeep,Wrangler Unlimited Rubicon,2013,181830,Gasoline,285.0HP 3.6L V6 Cylinder Engine Gasoline Fuel,6-Speed M/T,Black,Black,None reported,Yes,21000,9.952325334619427,12.11083296324084
Subaru,Ascent Touring 7-Passenger,2021,39948,Gasoline,2.4L H4 16V GDI DOHC Turbo,Automatic CVT,Ice Silver Metallic,Black,None reported,Yes,36791,10.51303570921976,10.595358919592021
Ford,F-350 XL,2017,156453,Diesel,440.0HP 6.7L 8 Cylinder Engine Diesel Fuel,6-Speed A/T,White,Beige,None reported,Yes,40000,10.596659732783579,11.960517316044081
Porsche,Cayenne Turbo S,2014,156193,Gasoline,550.0HP 4.8L 8 Cylinder Engine Gasoline Fuel,8-Speed A/T,Silver,Black,None reported,Yes,36000,10.491301994830229,11.958854103358018
BMW,X1 xDrive28i,2020,27989,Gasoline,228.0HP 2.0L 4 Cylinder Engine Gasoline Fuel,A/T,Gray,Black,None reported,Yes,29000,10.275085591132715,10.2396025825095
Toyota,4Runner Limited,2014,146700,Gasoline,270.0HP 4.0L V6 Cylinder Engine Gasoline Fuel,5-Speed A/T,Blue,Black,At least 1 accident or damage reported,Yes,24999,10.126631103850338,11.896151780740423
GMC,Yukon Denali,2019,88450,Gasoline,420.0HP 6.2L 8 Cylinder Engine Gasoline Fuel,10-Speed A/T,Black,Beige,At least 1 accident or damage reported,Yes,42900,10.666650414667744,11.39020400534652
Toyota,C-HR LE,2020,14065,Gasoline,2.0L I4 16V MPFI DOHC,Automatic CVT,Gray,Black,At least 1 accident or damage reported,Yes,27671,10.228176350617005,9.551515816867964
Subaru,Outback Limited XT,2020,36844,Gasoline,2.4L H4 16V GDI DOHC Turbo,Automatic CVT,Magnetite Gray Metallic,Black,At least 1 accident or damage reported,Unknown,30427,10.323118516117193,10.5144752032011
Chevrolet,Silverado 1500 LT Trail Boss,2020,49000,Gasoline,355.0HP 5.3L 8 Cylinder Engine Gasoline Fuel,A/T,White,Black,None reported,Yes,44900,10.712215345197256,10.799595985047786
BMW,X5 xDrive50i,2013,58000,Gasoline,400.0HP 4.4L 8 Cylinder Engine Gasoline Fuel,8-Speed A/T,White,Black,None reported,Yes,17900,9.792611856190192,10.968215530759236
Audi,A6 55 Prestige,2021,22800,Hybrid,335.0HP 3.0L V6 Cylinder Engine Gasoline/Mild Electric Hybrid,A/T,Blue,Brown,None reported,Yes,52000,10.859018228147887,10.034559673629849
Subaru,Outback 2.5i Limited,2014,78007,Gasoline,173.0HP 2.5L 4 Cylinder Engine Gasoline Fuel,A/T,Blue,Black,None reported,Yes,14750,9.599066156080049,11.264566664514955
Ford,F-250 King Ranch,2020,36500,Diesel,475.0HP 6.7L 8 Cylinder Engine Diesel Fuel,10-Speed A/T,Gray,Brown,None reported,Yes,69900,11.154835234271214,10.505094936455558
Honda,CR-V EX,2004,156350,Gasoline,160.0HP 2.4L 4 Cylinder Engine Gasoline Fuel,A/T,Brown,Beige,At least 1 accident or damage reported,Yes,3990,8.291797105048733,11.959858758772153
Lexus,GX 460 Luxury,2021,17710,Gasoline,301.0HP 4.6L 8 Cylinder Engine Gasoline Fuel,A/T,White,Red,None reported,Yes,59000,10.985309671896763,9.781941194456632
Ford,Explorer XLT,2013,149000,Gasoline,290.0HP 3.5L V6 Cylinder Engine Gasoline Fuel,A/T,Brown,Beige,At least 1 accident or damage reported,Yes,7850,8.968396191198256,11.91170829631447
Subaru,Forester 2.5i Limited,2015,90000,Gasoline,170.0HP 2.5L 4 Cylinder Engine Gasoline Fuel,CVT Transmission,Silver,Gray,None reported,Yes,16000,9.680406499268875,11.407576060361786
Ford,Bronco Wildtrak Advanced,2022,9990,Gasoline,315.0HP 2.7L V6 Cylinder Engine Gasoline Fuel,Transmission w/Dual Shift Mode,Silver,Black,None reported,Yes,64500,11.07443600653965,9.209439966733019
Mercedes-Benz,A-Class A 220 4MATIC,2019,28663,Gasoline,2.0L I4 16V GDI DOHC Turbo,7-Speed Automatic with Auto-Shift,Jupiter Red,Black,None reported,Yes,29500,10.292179440058462,10.26339725898479
Lexus,NX 200t Base,2015,124250,Gasoline,235.0HP 2.0L 4 Cylinder Engine Gasoline Fuel,A/T,Gray,Orange,At least 1 accident or damage reported,Yes,17900,9.792611856190192,11.730058992216227
Ford,F-250 Lariat,2017,50780,Diesel,440.0HP 6.7L 8 Cylinder Engine Diesel Fuel,6-Speed A/T,White,Black,None reported,Yes,61000,11.0186455364637,10.835277547857206
Porsche,911 Carrera C4S,2006,65000,Gasoline,355.0HP 3.8L Flat 6 Cylinder Engine Gasoline Fuel,6-Speed M/T,Blue,Gray,None reported,Yes,43000,10.668978650219241,11.082157933374816
Tesla,Model 3 Long Range,2022,22457,Gasoline,Electric,Automatic,Midnight Silver Metallic,Black,None reported,Yes,40036,10.597559305547207,10.019402177132484
Toyota,Camry XSE,2022,19361,Gasoline,3.5 Liter,Automatic,Red,Black,None reported,Yes,38298,10.5531790651673,9.871067661280017
BMW,i3 94 Ah,2017,43000,Gasoline,170.0HP 0.65L Electric Motor Electric Fuel System,1-Speed A/T,Black,–,None reported,Yes,16500,9.711176264112805,10.668978650219241
Porsche,Taycan Turbo,2020,2076,Gasoline,Electric,Automatic,Gray,Red,None reported,Yes,115998,11.661336849361689,7.638679823876112
Porsche,911 GT3,2018,9712,Gasoline,4.0L H6 24V GDI DOHC,7-Speed Automatic with Auto-Shift,Red,Black,None reported,Yes,188900,12.148978347281835,9.18122047340233
Mercedes-Benz,E-Class E55 AMG,2005,131000,Gasoline,469.0HP 5.4L 8 Cylinder Engine Gasoline Fuel,5-Speed A/T,Gray,Black,None reported,Yes,16500,9.711176264112805,11.782960235741939
Toyota,Highlander XLE,2022,31000,Gasoline,295.0HP 3.5L V6 Cylinder Engine Gasoline Fuel,Transmission w/Dual Shift Mode,Gray,Gray,None reported,Yes,43000,10.668978650219241,10.34177474101152
Volvo,S60 Recharge Plug-In Hybrid T8 Inscription,2021,24158,Plug-In Hybrid,400.0HP 2.0L 4 Cylinder Engine Plug-In Electric/Gas,8-Speed A/T,Gray,Black,None reported,Yes,44900,10.712215345197256,10.092412260463655
Audi,A6 3.0T Premium Plus,2016,72865,Gasoline,333.0HP 3.0L V6 Cylinder Engine Gasoline Fuel,A/T,Black,Black,At least 1 accident or damage reported,Yes,22000,9.99884318585288,11.196377416883779
Mercedes-Benz,E-Class E 350 4MATIC,2014,89563,Gasoline,302.0HP 3.5L V6 Cylinder Engine Gasoline Fuel,7-Speed A/T,Blue,Black,None reported,Yes,18995,9.851983709669012,11.402708732511229
Nissan,Juke SL,2012,72639,Gasoline,188.0HP 1.6L 4 Cylinder Engine Gasoline Fuel,CVT Transmission,Black,Black,At least 1 accident or damage reported,Yes,15000,9.61587214452889,11.193271013275174
Mercedes-Benz,CLS-Class CLS 550,2012,79000,Gasoline,402.0HP 4.6L 8 Cylinder Engine Gasoline Fuel,7-Speed A/T,Black,Black,None reported,Yes,19999,9.903487552536127,11.277215789596893
Audi,A3 2.0T Premium,2012,111564,Gasoline,200.0HP 2.0L 4 Cylinder Engine Gasoline Fuel,6-Speed A/T,White,Black,None reported,Yes,11200,9.32375833901174,11.622362659668603
Lexus,GX 460 Base,2018,75000,Gasoline,301.0HP 4.6L 8 Cylinder Engine Gasoline Fuel,6-Speed A/T,White,Beige,At least 1 accident or damage reported,Yes,38095,10.547864568726643,11.225256725762893
Ford,Mustang Premium,2007,169613,Gasoline,210.0HP 4.0L V6 Cylinder Engine Gasoline Fuel,A/T,Black,Black,At least 1 accident or damage reported,Yes,5900,8.682877107057168,12.041280546102922
Honda,Pilot EX-L,2011,175000,Gasoline,250.0HP 3.5L V6 Cylinder Engine Gasoline Fuel,5-Speed A/T,Black,Gray,None reported,Yes,9000,9.105090961257085,12.07254696717504
BMW,540 i,2017,98500,Gasoline,335.0HP 3.0L Straight 6 Cylinder Engine Gasoline Fuel,8-Speed A/T,Black,Black,None reported,Yes,24500,10.106469212026385,11.49782197939291
Chrysler,300 S,2012,53000,Gasoline,292.0HP 3.6L V6 Cylinder Engine Gasoline Fuel,Transmission w/Dual Shift Mode,Black,Black,At least 1 accident or damage reported,Yes,13750,9.528866827722945,10.87806606028079
RAM,2500 Longhorn,2015,72200,Diesel,370.0HP 6.7L Straight 6 Cylinder Engine Diesel Fuel,6-Speed A/T,Black,Black,None reported,Yes,52500,10.868587496017359,11.187209175200515
Acura,TSX Base,2005,151600,Gasoline,200.0HP 2.4L 4 Cylinder Engine Gasoline Fuel,6-Speed M/T,Black,Black,None reported,Yes,7899,8.974618038455112,11.929007348474721
Lotus,Evora 2+2,2011,20000,Gasoline,276.0HP 3.5L V6 Cylinder Engine Gasoline Fuel,6-Speed M/T,White,Red,None reported,Yes,51000,10.839600519357369,9.90353755128617
Chevrolet,Avalanche 1500 LT,2010,170000,E85 Flex Fuel,320.0HP 5.3L 8 Cylinder Engine Flex Fuel Capability,A/T,Black,Black,At least 1 accident or damage reported,Yes,9000,9.105090961257085,12.04355959836804
Ford,F-150 XLT,2019,69800,E85 Flex Fuel,395.0HP 5.0L 8 Cylinder Engine Flex Fuel Capability,10-Speed A/T,Silver,Gray,None reported,Yes,34600,10.451637862362272,11.153403615295403
Toyota,Tundra SR5,2020,26300,Gasoline,381.0HP 5.7L 8 Cylinder Engine Gasoline Fuel,6-Speed A/T,Gray,Gray,At least 1 accident or damage reported,Yes,46199,10.74073507706983,10.177362240256695
Honda,Fit Sport,2007,156111,Gasoline,109.0HP 1.5L 4 Cylinder Engine Gasoline Fuel,Transmission w/Dual Shift Mode,Red,Black,At least 1 accident or damage reported,Yes,5200,8.556606193773073,11.958328977347731
Chevrolet,Silverado 2500 LTZ,2016,172600,Diesel,397.0HP 6.6L 8 Cylinder Engine Diesel Fuel,A/T,Red,Black,At least 1 accident or damage reported,Yes,32500,10.389026137075234,12.058737851357439
Honda,Accord Crosstour EX-L,2010,145000,Gasoline,271.0HP 3.5L V6 Cylinder Engine Gasoline Fuel,A/T,Green,Black,None reported,Yes,9000,9.105090961257085,11.884495917930655
Ford,F-250 XLT Super Duty,2001,64309,Gasoline,260.0HP 5.4L 8 Cylinder Engine Gasoline Fuel,A/T,White,Gray,None reported,Yes,7500,8.922791623969637,11.071470419128909
RAM,1500 TRX,2021,15183,Gasoline,702.0HP 6.2L 8 Cylinder Engine Gasoline Fuel,8-Speed A/T,Black,Black,None reported,Yes,90000,11.407576060361786,9.627997520849709
Buick,Envision Essence,2020,28548,Gasoline,2.5L I4 16V GDI DOHC,6-Speed Automatic,Ebony Twilight Metallic,Ebony,None reported,Yes,32063,10.375489184444536,10.25937718820102
Volkswagen,Atlas 3.6L SEL Premium R-Line,2022,14000,Gasoline,276.0HP 3.6L V6 Cylinder Engine Gasoline Fuel,8-Speed A/T,Gray,Black,None reported,Yes,46900,10.75579427616868,9.546884034617925
Mercedes-Benz,CLS 450 Base,2019,67000,Hybrid,369.0HP 3.0L Straight 6 Cylinder Engine Gasoline/Mild Electric Hybrid,Transmission w/Dual Shift Mode,Yellow,Black,None reported,Yes,44500,10.703266939811954,11.112462823634855
Jeep,Wrangler Unlimited Sport,2017,84786,Gasoline,285.0HP 3.6L V6 Cylinder Engine Gasoline Fuel,5-Speed A/T,Gray,Black,None reported,Yes,23500,10.064798252418377,11.347897508141267
Mercedes-Benz,S-Class S 63 AMG,2008,93000,Gasoline,518.0HP 6.2L 8 Cylinder Engine Gasoline Fuel,A/T,Black,Black,None reported,Yes,17800,9.787009914477434,11.440365524765756
Hyundai,Genesis Coupe 3.8 Track,2010,127500,Gasoline,306.0HP 3.8L V6 Cylinder Engine Gasoline Fuel,6-Speed M/T,Blue,Black,At least 1 accident or damage reported,Yes,6000,8.699681400989514,11.755879486687116
Ford,Mustang Mach-E GT,2022,8000,Gasoline,480.0HP Electric Motor Electric Fuel System,1-Speed A/T,Blue,Black,None reported,Yes,60999,11.018629143155449,8.987321812850125
GMC,Canyon Elevation Standard,2022,16500,Gasoline,308.0HP 3.6L V6 Cylinder Engine Gasoline Fuel,8-Speed A/T,Gray,Gray,None reported,Yes,32900,10.401258331428318,9.711176264112805
Jaguar,XK Base,2013,55700,Gasoline,385.0HP 5.0L 8 Cylinder Engine Gasoline Fuel,6-Speed A/T,Black,Black,None reported,Yes,27200,10.211009016314167,10.92775337907558
Ford,F-250 LARIAT,2021,42245,Diesel,Intercooled Turbo Diesel V-8 6.7 L/406,Automatic,Agate Black Metallic,Black,None reported,Yes,76598,11.24633930081318,10.651264953747189
Toyota,RAV4 Base,2009,78500,Gasoline,179.0HP 2.5L 4 Cylinder Engine Gasoline Fuel,4-Speed A/T,Silver,–,None reported,Yes,12000,9.392745258631441,11.270866642542865
Ford,Expedition Platinum,2018,48619,Gasoline,400.0HP 3.5L V6 Cylinder Engine Gasoline Fuel,10-Speed A/T,Gray,White,None reported,Yes,51499,10.849337086651827,10.791790247870114
Jeep,Wrangler Unlimited 4xe Sahara,2021,51105,Hybrid,2.0L I4 16V GDI DOHC Turbo Hybrid,8-Speed Automatic,Black Clearcoat,Black,None reported,Yes,42700,10.661977618146238,10.841657186128725
Ford,F-150 XLT,2016,25880,E85 Flex Fuel,282.0HP 3.5L V6 Cylinder Engine Flex Fuel Capability,6-Speed A/T,Red,Gray,None reported,Yes,25500,10.146472946063877,10.161264387744689
Tesla,Model S Plaid,2021,20100,Gasoline,1020.0HP Electric Motor Electric Fuel System,A/T,Red,Black,None reported,Yes,69995,11.156193376541639,9.908524844053396
Toyota,Tacoma SR5,2018,25083,Gasoline,3.5L V6 24V PDI DOHC,6-Speed Automatic,Red,Gray,At least 1 accident or damage reported,Yes,34955,10.461845406747434,10.129985471662911
Audi,TT Roadster quattro,2002,69300,Gasoline,225.0HP 1.8L 4 Cylinder Engine Gasoline Fuel,6-Speed M/T,Gray,Black,At least 1 accident or damage reported,Yes,9995,9.209940291954844,11.146214615088313
Toyota,Highlander Hybrid Limited Platinum,2019,46000,Hybrid,306.0HP 3.5L V6 Cylinder Engine Gas/Electric Hybrid,CVT Transmission,Silver,Black,None reported,Yes,40000,10.596659732783579,10.736418414365376
Jeep,Liberty Sport,2008,141485,Gasoline,210.0HP 3.7L V6 Cylinder Engine Gasoline Fuel,A/T,Black,Gray,At least 1 accident or damage reported,Yes,6500,8.77971129020447,11.859956051241223
Toyota,Sequoia Limited,2018,63990,Gasoline,381.0HP 5.7L 8 Cylinder Engine Gasoline Fuel,6-Speed A/T,White,Gray,At least 1 accident or damage reported,Yes,48000,10.778977123006351,11.066497727453186
Ford,Transit-350 Base,2020,19400,Gasoline,310.0HP 3.5L V6 Cylinder Engine Gasoline Fuel,A/T,White,Black,None reported,Yes,58000,10.968215530759236,9.873079890114703
Subaru,BRZ Limited,2013,129858,Gasoline,200.0HP 2.0L 4 Cylinder Engine Gasoline Fuel,6-Speed A/T,Silver,Black,At least 1 accident or damage reported,Yes,13490,9.509778075438817,11.77420452543218
Volvo,XC60 3.2,2012,102000,Gasoline,240.0HP 3.2L Straight 6 Cylinder Engine Gasoline Fuel,6-Speed A/T,Blue,Beige,None reported,Yes,10800,9.287394001418473,11.532737896139919
Subaru,Impreza WRX Sti Special Edition,2010,8700,Gasoline,305.0HP 2.5L 4 Cylinder Engine Gasoline Fuel,6-Speed M/T,Gray,Black,None reported,Yes,39900,10.594156665220533,9.071193240566025
Chevrolet,Bolt EV LT,2018,49279,Gasoline,200.0HP Electric Motor Electric Fuel System,1-Speed A/T,Red,Gray,None reported,Yes,17500,9.770013301136158,10.805273598207402
Chevrolet,Monte Carlo Supercharged SS,2004,148800,Gasoline,240.0HP 3.8L V6 Cylinder Engine Gasoline Fuel,A/T,Red,Black,None reported,Yes,6500,8.77971129020447,11.910365121788654
Cadillac,Escalade Platinum Edition,2012,160249,E85 Flex Fuel,403.0HP 6.2L 8 Cylinder Engine Flex Fuel Capability,A/T,Black,Black,None reported,Yes,12900,9.465060106725137,11.984490374782917
Chrysler,300M Base,2004,45000,Gasoline,250.0HP 3.5L V6 Cylinder Engine Gasoline Fuel,A/T,Gray,Gray,None reported,Yes,6000,8.699681400989514,10.714439990727769
Chevrolet,Silverado 2500 LT H/D Extended Cab,2006,169000,Diesel,360.0HP 6.6L 8 Cylinder Engine Diesel Fuel,6-Speed A/T,White,Gray,None reported,Yes,19500,9.87822102528824,12.037659911047468
Mercedes-Benz,AMG C 63 S,2017,46000,Gasoline,503.0HP 4.0L 8 Cylinder Engine Gasoline Fuel,7-Speed A/T,Gray,Black,None reported,Yes,56000,10.933124826700707,10.736418414365376
Ferrari,488 Spider Base,2019,13900,Gasoline,660.0HP 3.9L 8 Cylinder Engine Gasoline Fuel,Transmission w/Dual Shift Mode,Red,Black,None reported,Yes,315000,12.660331092405906,9.539716058977092
Acura,TLX V6 Tech,2015,38000,Gasoline,290.0HP 3.5L V6 Cylinder Engine Gasoline Fuel,9-Speed A/T,White,Black,None reported,Yes,21900,9.994287576862567,10.545367754151743
Chevrolet,Corvette Z06,2006,42000,Gasoline,505.0HP 7.0L 8 Cylinder Engine Gasoline Fuel,6-Speed M/T,Orange,Black,None reported,Yes,42000,10.645448706505872,10.645448706505872
Lexus,NX 350h Premium,2024,300,Hybrid,240.0HP 2.5L 4 Cylinder Engine Gas/Electric Hybrid,A/T,Black,Black,None reported,Yes,50999,10.839580911706463,5.707110264748875
Mercedes-Benz,SLK-Class SLK 350,2008,120800,Gasoline,268.0HP 3.5L V6 Cylinder Engine Gasoline Fuel,7-Speed A/T,Red,Beige,None reported,Yes,13900,9.539716058977092,11.701899842594283
Jeep,Wrangler Unlimited Sahara,2020,76313,Gasoline,2.0L I4 16V GDI DOHC Turbo,8-Speed Automatic,Hellayella Clearcoat,Black,None reported,Yes,35234,10.469795185761123,11.24261168667954
Chevrolet,Silverado 1500 LT,2012,104000,E85 Flex Fuel,315.0HP 5.3L 8 Cylinder Engine Flex Fuel Capability,6-Speed A/T,Blue,Gray,At least 1 accident or damage reported,Yes,16500,9.711176264112805,11.552155793461898
Lexus,GX 460 Base,2010,97097,Gasoline,301.0HP 4.6L 8 Cylinder Engine Gasoline Fuel,A/T,Red,Beige,At least 1 accident or damage reported,Yes,22000,9.99884318585288,11.48347605674494
Jeep,Wrangler Unlimited X,2008,136731,Gasoline,202.0HP 3.8L V6 Cylinder Engine Gasoline Fuel,A/T,Yellow,Gray,None reported,Yes,15900,9.674137279312397,11.825778084563954
RAM,1500 Tradesman/Express,2017,40200,Gasoline,395.0HP 5.7L 8 Cylinder Engine Gasoline Fuel,A/T,Blue,Gray,At least 1 accident or damage reported,Yes,24000,10.085850775128717,10.601647149919609
Ford,Explorer ST,2021,39105,Gasoline,3.0L V6 24V GDI DOHC Twin Turbo,10-Speed Automatic,Black,–,None reported,Yes,44605,10.705623658107903,10.57403118688622
Mercedes-Benz,G 550 4x4 Squared Base,2017,23567,Gasoline,416.0HP 4.0L 8 Cylinder Engine Gasoline Fuel,Transmission w/Dual Shift Mode,White,Black,At least 1 accident or damage reported,Yes,215000,12.278397958261774,10.067645138702412
BMW,M4 Competition,2021,12500,Gasoline,503.0HP 3.0L Straight 6 Cylinder Engine Gasoline Fuel,8-Speed A/T,Gray,Blue,At least 1 accident or damage reported,Yes,90000,11.407576060361786,9.433563920090563
Chevrolet,Colorado ZR2,2019,38900,Gasoline,308.0HP 3.6L V6 Cylinder Engine Gasoline Fuel,8-Speed A/T,White,Black,None reported,Yes,34700,10.454523783963511,10.568775236216993
Lincoln,Navigator L Select,2016,84272,Gasoline,380.0HP 3.5L V6 Cylinder Engine Gasoline Fuel,6-Speed A/T,Black,Black,At least 1 accident or damage reported,Yes,25221,10.13547190851582,11.34181680799034
Mercedes-Benz,E-Class E 350,2016,58375,Gasoline,302.0HP 3.5L V6 Cylinder Engine Gasoline Fuel,A/T,White,Beige,None reported,Yes,24999,10.126631103850338,10.974660125445457
Ford,Mustang Shelby GT500,2007,7346,Gasoline,500.0HP 5.4L 8 Cylinder Engine Gasoline Fuel,6-Speed M/T,Red,Black,None reported,Yes,40999,10.621327345686446,8.902047345620277
Dodge,Charger SRT8,2008,98231,Gasoline,425.0HP 6.1L 8 Cylinder Engine Gasoline Fuel,5-Speed A/T,Blue,Black,At least 1 accident or damage reported,Yes,15500,9.648659816955295,11.495087306840349
Jaguar,XK Base,2007,56000,Gasoline,300.0HP 4.2L 8 Cylinder Engine Gasoline Fuel,A/T,White,Beige,None reported,Yes,18000,9.798182590890704,10.933124826700707
Honda,Civic EX,2020,13935,Gasoline,174.0HP 1.5L 4 Cylinder Engine Gasoline Fuel,CVT Transmission,Gray,Black,None reported,Yes,26000,10.165890277802454,9.542230699092284
Subaru,Impreza 2.0i,2019,30000,Gasoline,152.0HP 2.0L 4 Cylinder Engine Gasoline Fuel,CVT Transmission,Gray,Black,At least 1 accident or damage reported,Yes,21250,9.96415923206886,10.308985993422082
Saab,9-3 Aero,2009,106000,Gasoline,280.0HP 2.8L V6 Cylinder Engine Gasoline Fuel,6-Speed A/T,Red,Black,None reported,Yes,12950,9.468928284223587,11.571203807011969
BMW,650 Gran Coupe i xDrive,2014,82978,Gasoline,445.0HP 4.4L 8 Cylinder Engine Gasoline Fuel,8-Speed A/T,Black,White,None reported,Yes,18700,9.83633227734872,11.326342842717594
Jeep,Wrangler Unlimited Sport,2018,58500,Gasoline,285.0HP 3.6L V6 Cylinder Engine Gasoline Fuel,8-Speed A/T,Black,Black,None reported,Yes,35000,10.463131911491967,10.97679912709094
Ford,F-350 King Ranch,2015,92421,Diesel,440.0HP 6.7L 8 Cylinder Engine Diesel Fuel,6-Speed A/T,White,Brown,None reported,Yes,51900,10.857093336791094,11.434120324527697
Mazda,CX-30 Preferred,2020,9927,Gasoline,2.5L I4 16V GDI DOHC,6-Speed Automatic,Snowflake White Pearl,Black,None reported,Yes,27518,10.222631954177766,9.203114326884442
Jeep,Wrangler Sport,2000,122945,Gasoline,181.0HP 4.0L Straight 6 Cylinder Engine Gasoline Fuel,5-Speed M/T,Beige,Brown,None reported,Yes,13900,9.539716058977092,11.719500513564887
Lexus,RX 330 Base,2006,110250,Gasoline,230.0HP 3.3L V6 Cylinder Engine Gasoline Fuel,A/T,White,Beige,None reported,Yes,11000,9.305741456739435,11.610514863562742
INFINITI,QX56 Base,2011,103010,Gasoline,400.0HP 5.6L 8 Cylinder Engine Gasoline Fuel,7-Speed A/T,Black,Beige,None reported,Yes,13500,9.510519035757246,11.542591057625978
Hyundai,Veloster Value Edition,2017,55359,Gasoline,1.6L I4 16V GDI DOHC,6-Speed Automatic with Auto-Shift,Ironman Silver,Black,None reported,Yes,15599,9.655026193237628,10.92161259029155
Chevrolet,Silverado 1500 LT Extended Cab,2002,118500,Gasoline,285.0HP 5.3L 8 Cylinder Engine Gasoline Fuel,A/T,Silver,Black,At least 1 accident or damage reported,Yes,5900,8.682877107057168,11.682676678340282
Rivian,R1S Launch Edition,2022,7800,Gasoline,835.0HP Electric Motor Electric Fuel System,1-Speed A/T,Green,Black,None reported,Yes,92500,11.434974734252892,8.962007209588313
Land Rover,Range Rover HSE SWB,2020,41500,Hybrid,395.0HP 3.0L Straight 6 Cylinder Engine Gasoline/Mild Electric Hybrid,8-Speed A/T,Gray,Gray,None reported,Yes,68000,11.127277689932466,10.633472802314019
BMW,M4 Base,2020,28000,Gasoline,425.0HP 3.0L Straight 6 Cylinder Engine Gasoline Fuel,7-Speed A/T,White,White,None reported,Yes,59900,11.000448478455008,10.239995502805316
Mercedes-Benz,E-Class E 350,2014,53500,Gasoline,302.0HP 3.5L V6 Cylinder Engine Gasoline Fuel,A/T,Black,Brown,None reported,Yes,24500,10.106469212026385,10.887455624298198
Honda,Accord Hybrid Base,2021,33523,Hybrid,2.0L I4 16V MPFI DOHC Hybrid,Automatic CVT,Lunar Silver Metallic,Gray,None reported,Yes,28748,10.266358263011872,10.420016879218796
Toyota,Prius v Three,2016,86300,Hybrid,134.0HP 1.8L 4 Cylinder Engine Gas/Electric Hybrid,A/T,Gray,Black,At least 1 accident or damage reported,Yes,18000,9.798182590890704,11.3655964644899
Subaru,WRX Premium,2022,7738,Gasoline,271.0HP 2.4L 4 Cylinder Engine Gasoline Fuel,Transmission w/Dual Shift Mode,Orange,Black,At least 1 accident or damage reported,Yes,33000,10.404293143019792,8.95402775927046
Bentley,Bentayga Speed,2020,22001,Gasoline,6.0L W12 48V PDI DOHC Twin Turbo,8-Speed Automatic,Beluga Black,Hotspur Hide,None reported,Yes,173995,12.06678758942668,9.99888863729938
Ford,Explorer ST,2022,14361,Gasoline,400.0HP 3.0L V6 Cylinder Engine Gasoline Fuel,10-Speed A/T,Black,Black,None reported,Yes,51500,10.849356503939038,9.572341108670264
Chevrolet,Suburban LT,2016,98000,E85 Flex Fuel,355.0HP 5.3L 8 Cylinder Engine Flex Fuel Capability,Transmission Overdrive Switch,Gray,Gray,At least 1 accident or damage reported,Yes,30000,10.308985993422082,11.49273296168228
Chevrolet,Silverado 1500 Limited Custom,2022,30455,Gasoline,2.7 Liter DOHC Turbo,Automatic,Summit White,Jet Black,None reported,Yes,37698,10.537388847885364,10.324038298062334
Ford,Explorer Platinum,2020,64552,Gasoline,3.0L V6 24V GDI DOHC Twin Turbo,10-Speed Automatic,Iconic Silver Metallic,Ebony,At least 1 accident or damage reported,Yes,36750,10.511920715155128,11.075241870795141
Lexus,RX 350 Base,2017,103866,Gasoline,295.0HP 3.5L V6 Cylinder Engine Gasoline Fuel,8-Speed A/T,Beige,Beige,At least 1 accident or damage reported,Yes,24700,10.114599007626499,11.55086651354809
Land Rover,Range Rover 3.0L V6 Supercharged HSE,2019,35650,Gasoline,380.0HP 3.0L V6 Cylinder Engine Gasoline Fuel,8-Speed A/T,Black,Black,At least 1 accident or damage reported,Yes,57999,10.968198289528557,10.481532475939918
Ford,Explorer Platinum,2021,64957,Gasoline,3.0L V6 24V GDI DOHC Twin Turbo,10-Speed Automatic,Black,Light Slate,None reported,Yes,39979,10.596134608054392,11.081496186184253
Dodge,Challenger SRT8 392,2012,33700,Gasoline,–,6-Speed M/T,Black,Black,None reported,Yes,33500,10.419330568113901,10.425282789490705
Chevrolet,Equinox 2LT,2012,96653,Gasoline,264.0HP 3.0L V6 Cylinder Engine Gasoline Fuel,6-Speed A/T,Black,Brown,At least 1 accident or damage reported,Yes,7500,8.922791623969637,11.478892870226021
Dodge,Challenger SXT,2022,29500,Gasoline,303.0HP 3.6L V6 Cylinder Engine Gasoline Fuel,8-Speed A/T,Gray,Black,None reported,Yes,31000,10.34177474101152,10.292179440058462
Porsche,911 Carrera,2021,7400,Gasoline,379.0HP 3.0L Flat 6 Cylinder Engine Gasoline Fuel,8-Speed A/T,Red,Black,None reported,Yes,116999,11.669929213779893,8.909370405197466
Volvo,XC70 T6 Platinum,2012,69000,Gasoline,300.0HP 3.0L Straight 6 Cylinder Engine Gasoline Fuel,A/T,Silver,Black,At least 1 accident or damage reported,Yes,15900,9.674137279312397,11.141876276228
Lexus,GX 470 Base,2005,198000,Gasoline,270.0HP 4.7L 8 Cylinder Engine Gasoline Fuel,5-Speed A/T,Gray,Gray,At least 1 accident or damage reported,Yes,15500,9.648659816955295,12.19602736016897
Porsche,911 Carrera GTS,2015,23600,Gasoline,430.0HP 3.8L Flat 6 Cylinder Engine Gasoline Fuel,7-Speed M/T,Red,Black,None reported,Yes,132900,11.797359769127505,10.069044362997353
Volvo,XC70 3.2,2008,170000,Gasoline,235.0HP 3.2L Straight 6 Cylinder Engine Gasoline Fuel,6-Speed A/T,White,Beige,None reported,Yes,7000,8.853808274977197,12.04355959836804
Nissan,350Z NISMO,2008,76500,Gasoline,306.0HP 3.5L V6 Cylinder Engine Gasoline Fuel,6-Speed M/T,Silver,Red,At least 1 accident or damage reported,Yes,28000,10.239995502805316,11.245059091624615
Porsche,911 Turbo,2007,73500,Gasoline,480.0HP 3.6L Flat 6 Cylinder Engine Gasoline Fuel,5-Speed A/T,Black,Black,None reported,Yes,75499,11.231887935237117,11.205054290550551
Land Rover,Range Rover SWB,2020,29000,Hybrid,355.0HP 3.0L Straight 6 Cylinder Engine Gasoline/Mild Electric Hybrid,A/T,Black,Black,None reported,Yes,70000,11.156264806643742,10.275085591132715
Porsche,Cayenne E-Hybrid S Platinum Edition,2017,69404,Plug-In Hybrid,416.0HP 3.0L V6 Cylinder Engine Plug-In Electric/Gas,8-Speed A/T,Black,Beige,At least 1 accident or damage reported,Yes,29500,10.292179440058462,11.147714190009209
Lexus,IS 350 Base,2007,103000,Gasoline,306.0HP 3.5L V6 Cylinder Engine Gasoline Fuel,6-Speed A/T,Red,Beige,At least 1 accident or damage reported,Yes,12900,9.465060106725137,11.542493975902508
Porsche,Macan S,2015,70500,Gasoline,340.0HP 3.0L V6 Cylinder Engine Gasoline Fuel,Transmission w/Dual Shift Mode,Silver,Black,At least 1 accident or damage reported,Yes,26500,10.184937747111391,11.163382173096926
Land Rover,Range Rover 5.0L Supercharged,2016,64000,Gasoline,510.0HP 5.0L 8 Cylinder Engine Gasoline Fuel,Transmission w/Dual Shift Mode,White,White,None reported,Yes,36995,10.51856507767415,11.06665398721974
GMC,Savana 2500 Work Van,2018,63460,E85 Flex Fuel,341.0HP 6.0L 8 Cylinder Engine Flex Fuel Capability,A/T,White,Beige,None reported,Yes,33000,10.404293143019792,11.0581808229708
Toyota,4Runner SR5,2018,32199,Gasoline,270.0HP 4.0L V6 Cylinder Engine Gasoline Fuel,A/T,Silver,Black,None reported,Yes,35500,10.477316144080852,10.3797217315325
Hyundai,Palisade SEL,2020,69487,Gasoline,291.0HP 3.8L V6 Cylinder Engine Gasoline Fuel,A/T,White,Black,None reported,Yes,32000,10.373522431293592,11.148909354774602
GMC,Sierra 2500 Denali,2015,86000,Diesel,397.0HP 6.6L 8 Cylinder Engine Diesel Fuel,A/T,Gray,Brown,None reported,Yes,49000,10.799595985047786,11.362114203075018
Genesis,GV70 3.5T Sport,2022,8730,Gasoline,3.5L V6 24V PDI DOHC Twin Turbo,8-Speed Automatic,Alta White,Red,None reported,Yes,48219,10.783529151735163,9.074635189810808
Dodge,Ram Van 1500,2002,70000,Gasoline,175.0HP 3.9L V6 Cylinder Engine Gasoline Fuel,A/T,Red,Beige,At least 1 accident or damage reported,Yes,8000,8.987321812850125,11.156264806643742
Chevrolet,Impala 1LT,2017,70000,Gasoline,305.0HP 3.6L V6 Cylinder Engine Gasoline Fuel,6-Speed A/T,White,Gray,At least 1 accident or damage reported,Yes,17900,9.792611856190192,11.156264806643742
Audi,A4 2.0T Premium Plus,2015,83420,E85 Flex Fuel,220.0HP 2.0L 4 Cylinder Engine Flex Fuel Capability,8-Speed A/T,Red,Gray,At least 1 accident or damage reported,Yes,16000,9.680406499268875,11.331655355212051
Nissan,Altima 2.5 S,2003,189000,Gasoline,175.0HP 2.5L 4 Cylinder Engine Gasoline Fuel,A/T,Silver,Beige,At least 1 accident or damage reported,Yes,2899,7.9724660159745655,12.149507585033072
Porsche,911 Carrera 4S,2017,31500,Gasoline,420.0HP 3.0L Flat 6 Cylinder Engine Gasoline Fuel,7-Speed A/T,Blue,Red,None reported,Yes,97555,11.488181851079313,10.357774570341576
BMW,X1 xDrive 28i,2015,85766,Gasoline,240.0HP 2.0L 4 Cylinder Engine Gasoline Fuel,A/T,Gray,Black,None reported,Yes,13000,9.472781556562168,11.35938959610797
GMC,Yukon Denali,2018,92800,Gasoline,420.0HP 6.2L 8 Cylinder Engine Gasoline Fuel,10-Speed A/T,White,Black,None reported,Yes,34000,10.434145214930487,11.438212694578302
Land Rover,Defender SE,2021,13970,Hybrid,395.0HP 3.0L Straight 6 Cylinder Engine Gasoline/Mild Electric Hybrid,A/T,Gray,Black,None reported,Yes,75500,11.231901180182515,9.544739031650487
Porsche,911 Turbo S,2023,154,Gasoline,3.8L H6 24V GDI DOHC Twin Turbo,8-Speed Automatic with Auto-Shift,Python Green,Black,None reported,Yes,274900,12.524166311833152,5.043425116919247
Toyota,Land Cruiser Base,2000,265000,Gasoline,230.0HP 4.7L 8 Cylinder Engine Gasoline Fuel,4-Speed A/T,Black,Beige,None reported,Yes,15500,9.648659816955295,12.487488878546145
Scion,xB Base,2011,95426,Gasoline,158.0HP 2.4L 4 Cylinder Engine Gasoline Fuel,A/T,Green,Gray,None reported,Yes,8000,8.987321812850125,11.466116836262017
Honda,S2000 Base,2001,119900,Gasoline,240.0HP 2.0L 4 Cylinder Engine Gasoline Fuel,6-Speed M/T,Black,Red,At least 1 accident or damage reported,Yes,18000,9.798182590890704,11.694421681264394
Mazda,CX-30 Select,2020,23162,Gasoline,2.5L I4 16V GDI DOHC,6-Speed Automatic,Soul Red Crystal Metallic,Black,None reported,Yes,25495,10.146276856097172,10.050311456976926
BMW,M4 Competition,2023,3950,Gasoline,503.0HP 3.0L Straight 6 Cylinder Engine Gasoline Fuel,A/T,White,Blue,None reported,Yes,83500,11.332613886815139,8.281723990411392
Porsche,911 Carrera 4S,2006,80000,Gasoline,355.0HP 3.8L Flat 6 Cylinder Engine Gasoline Fuel,6-Speed M/T,Black,Beige,None reported,Yes,43000,10.668978650219241,11.289794413577894
Ford,F-250 Lariat,2015,94634,E85 Flex Fuel,385.0HP 6.2L 8 Cylinder Engine Flex Fuel Capability,A/T,White,Black,At least 1 accident or damage reported,Yes,32500,10.389026137075234,11.457782665473019
Chevrolet,Corvette Base,2007,65000,Gasoline,400.0HP 6.0L 8 Cylinder Engine Gasoline Fuel,6-Speed A/T,Silver,Beige,At least 1 accident or damage reported,Yes,33885,10.430757228718052,11.082157933374816
Lexus,LS 460 L,2008,100000,Gasoline,380.0HP 4.6L 8 Cylinder Engine Gasoline Fuel,A/T,Black,Black,At least 1 accident or damage reported,Yes,11500,9.350189267092581,11.51293546492023
Toyota,Sienna XSE 25th Anniversary,2023,500,Hybrid,245.0HP 2.5L 4 Cylinder Engine Gas/Electric Hybrid,A/T,White,Black,None reported,Yes,59500,10.993748398115178,6.2166061010848646
Mercedes-Benz,AMG G 63 Base,2021,7856,Gasoline,4.0L V8 32V GDI DOHC Twin Turbo,9-Speed Automatic,China Blue,Black,None reported,Yes,425000,12.959846800844963,8.969160133175821
Audi,A4 2.0T Premium quattro,2011,181000,Gasoline,211.0HP 2.0L 4 Cylinder Engine Gasoline Fuel,A/T,White,Black,None reported,Yes,5500,8.612685172875459,12.10625783509458
Mercedes-Benz,GLC 300 Base 4MATIC,2018,48700,Gasoline,241.0HP 2.0L 4 Cylinder Engine Gasoline Fuel,9-Speed A/T,Blue,Brown,None reported,Yes,27900,10.236417809461043,10.793454842740767
Porsche,911 Turbo Cabriolet,2009,13500,Gasoline,480.0HP 3.6L Flat 6 Cylinder Engine Gasoline Fuel,6-Speed M/T,Gray,Black,None reported,Yes,130000,11.775297421715827,9.510519035757246
Toyota,86 860 Special Edition,2017,87500,Gasoline,200.0HP 2.0L 4 Cylinder Engine Gasoline Fuel,6-Speed A/T,Silver,Black,None reported,Yes,20000,9.90353755128617,11.37940550085183
Jaguar,XJ8 L,2000,45000,Gasoline,290.0HP 4.0L 8 Cylinder Engine Gasoline Fuel,A/T,Silver,Beige,None reported,Yes,12500,9.433563920090563,10.714439990727769
Tesla,Model 3 Long Range,2018,36187,Gasoline,271.0HP Electric Motor Electric Fuel System,1-Speed A/T,White,Black,None reported,Yes,28895,10.271458456216711,10.496482851145633
Hyundai,Tucson SEL,2022,13666,Gasoline,2.5L I4 16V PDI DOHC,8-Speed Automatic,Portofino Gray,Black,None reported,Yes,27999,10.239959789157341,9.5227394469648
Porsche,911 Carrera S,2007,50500,Gasoline,355.0HP 3.8L Flat 6 Cylinder Engine Gasoline Fuel,6-Speed M/T,Silver,Black,None reported,Yes,56000,10.933124826700707,10.829748417047593
Lincoln,Nautilus Reserve,2021,19291,Gasoline,2.0L I4 16V GDI DOHC Turbo,8-Speed Automatic,Black,Ebony,None reported,Yes,44340,10.699665035915537,9.867445781188863
Ford,Mustang Boss 302,2012,1295,Gasoline,444.0HP 5.0L 8 Cylinder Engine Gasoline Fuel,M/T,Silver,Black,None reported,Yes,49990,10.819598268208338,7.16703787691222
Cadillac,Escalade Premium Luxury,2017,55000,Gasoline,420.0HP 6.2L 8 Cylinder Engine Gasoline Fuel,8-Speed A/T,White,Beige,At least 1 accident or damage reported,Yes,49900,10.817796321618971,10.915106645867503
MINI,Cooper Base,2010,74000,Gasoline,118.0HP 1.6L 4 Cylinder Engine Gasoline Fuel,6-Speed M/T,Yellow,Black,None reported,Yes,9650,9.174816815907135,11.211833885608513
Dodge,Durango R/T,2022,14976,Gasoline,5.7L V8 16V MPFI OHV,8-Speed Automatic,White Knuckle Clearcoat,Black,None reported,Yes,49999,10.819778284410283,9.614270969992395
BMW,X5 xDrive35i,2018,25348,Gasoline,3.0L I6 24V GDI DOHC Turbo,8-Speed Automatic,Imperial Blue Metallic,Black,At least 1 accident or damage reported,Unknown,33889,10.430875264601097,10.140494560509492
Chevrolet,Corvette Base,2010,23133,Gasoline,430.0HP 6.2L 8 Cylinder Engine Gasoline Fuel,6-Speed M/T,White,Black,None reported,Yes,35000,10.463131911491967,10.049058675855347
Jaguar,XE 20d Prestige,2018,34322,Diesel,2.0 Liter,Automatic,Blue,Beige,None reported,Yes,29998,10.308919326755392,10.443570962369053
Dodge,Challenger R/T,2021,39960,Gasoline,375.0HP 5.7L 8 Cylinder Engine Gasoline Fuel,8-Speed A/T,White,Gray,At least 1 accident or damage reported,Yes,28500,10.25769445336048,10.595659257474393
BMW,550 i xDrive,2016,76400,Gasoline,445.0HP 4.4L 8 Cylinder Engine Gasoline Fuel,8-Speed A/T,Black,Black,At least 1 accident or damage reported,Yes,31300,10.351405324899678,11.243751064074187
Ford,Explorer XLT,2022,18533,Gasoline,2.3L I4 16V GDI DOHC Turbo,10-Speed Automatic,White,Ebony,None reported,Yes,38978,10.570778318550847,9.827362162146636
GMC,Yukon XL Denali,2023,7500,Gasoline,420.0HP 6.2L 8 Cylinder Engine Gasoline Fuel,10-Speed A/T,Gray,Black,None reported,Yes,92888,11.439160510902152,8.922791623969637
INFINITI,QX80 SENSORY,2022,26520,Gasoline,400.0HP 5.6L 8 Cylinder Engine Gasoline Fuel,7-Speed A/T,Blue,Brown,At least 1 accident or damage reported,Yes,64000,11.06665398721974,10.185692150979541
Land Rover,Range Rover 3.0L Supercharged,2014,59500,E85 Flex Fuel,340.0HP 3.0L V6 Cylinder Engine Flex Fuel Capability,A/T,Red,Black,None reported,Yes,33800,10.428245666832275,10.993748398115178
Honda,Pilot EX-L,2020,44000,Gasoline,280.0HP 3.5L V6 Cylinder Engine Gasoline Fuel,A/T,White,Black,None reported,Yes,34999,10.46310334047155,10.691967639914864
Pontiac,Firebird Base,2001,111000,Gasoline,200.0HP 3.8L V6 Cylinder Engine Gasoline Fuel,A/T,White,Gray,None reported,Yes,11000,9.305741456739435,11.6172944892629
Toyota,4Runner Limited,2016,82260,Gasoline,4.0L V6 24V MPFI DOHC,5-Speed Automatic,Nautical Blue Pearl,Black,None reported,Yes,31906,10.370580700437113,11.317652398287233
Porsche,911 Carrera Cabriolet,2006,52744,Gasoline,325.0HP 3.6L Flat 6 Cylinder Engine Gasoline Fuel,Transmission w/Dual Shift Mode,Gray,Black,At least 1 accident or damage reported,Yes,37500,10.53212287826962,10.87322426011591
BMW,i8 Base,2019,28200,Plug-In Hybrid,369.0HP 1.5L 3 Cylinder Engine Plug-In Electric/Gas,Transmission w/Dual Shift Mode,Gray,Beige,At least 1 accident or damage reported,Yes,79950,11.289169226001263,10.247112717290387
Nissan,Maxima GLE,2000,194277,Gasoline,222.0HP 3.0L V6 Cylinder Engine Gasoline Fuel,A/T,Blue,Beige,At least 1 accident or damage reported,Yes,2300,7.741099090035366,12.17704540198627
Pontiac,Firebird Trans Am,2001,91812,Gasoline,310.0HP 5.7L 8 Cylinder Engine Gasoline Fuel,A/T,Green,Black,None reported,Yes,12850,9.461176908307142,11.427509178782957
Chevrolet,Suburban Premier,2018,84224,Gasoline,5.3L V8 16V GDI OHV,6-Speed Automatic,Tungsten Metallic,Jet Black,None reported,Yes,43775,10.686841000982222,11.341247068274754
BMW,X2 xDrive28i,2018,66690,Gasoline,228.0HP 2.0L 4 Cylinder Engine Gasoline Fuel,Transmission w/Dual Shift Mode,Gray,Black,At least 1 accident or damage reported,Yes,24900,10.122663242288953,11.107825290265769
Mercedes-Benz,AMG C 43 Base 4MATIC,2018,41500,Gasoline,362.0HP 3.0L V6 Cylinder Engine Gasoline Fuel,9-Speed A/T,White,Brown,At least 1 accident or damage reported,Yes,39848,10.592852589800613,10.633472802314019
BMW,750 i xDrive,2014,85095,Gasoline,445.0HP 4.4L 8 Cylinder Engine Gasoline Fuel,8-Speed A/T,Black,Brown,At least 1 accident or damage reported,Yes,24900,10.122663242288953,11.351535309931501
Volvo,S60 T5 Premier Plus,2015,39000,Gasoline,250.0HP 2.5L 5 Cylinder Engine Gasoline Fuel,Transmission w/Dual Shift Mode,Silver,Gray,At least 1 accident or damage reported,Yes,17900,9.792611856190192,10.571342565808699
Tesla,Model Y Long Range,2022,20500,Gasoline,425.0HP Electric Motor Electric Fuel System,1-Speed A/T,Gray,Black,None reported,Yes,46500,10.747229096720554,9.928228944424575
Ford,F-350 Platinum,2019,112000,Diesel,450.0HP 6.7L 8 Cylinder Engine Diesel Fuel,6-Speed A/T,Black,Black,None reported,Yes,61995,11.034825145816942,11.626263078808801
Volkswagen,ID.4 Pro S,2023,1716,Gasoline,Battery Electric,Automatic,Gray,Gray w/Blue Bolsters,None reported,Yes,39998,10.596609732783568,7.448333860897476
Audi,A3 2.0T Premium,2016,90360,Gasoline,220.0HP 2.0L 4 Cylinder Engine Gasoline Fuel,A/T,Black,Black,At least 1 accident or damage reported,Yes,15499,9.648595302907339,11.41156803736444
Ford,Explorer Limited,2020,82146,Gasoline,2.3L I4 16V GDI DOHC Turbo,10-Speed Automatic,Gray,Ebony,None reported,Yes,30825,10.336113768706666,11.316265604234992
Ford,Mustang GT Premium,2020,16850,Gasoline,460.0HP 5.0L 8 Cylinder Engine Gasoline Fuel,10-Speed A/T,Blue,Black,At least 1 accident or damage reported,Yes,41000,10.62135173563291,9.732165281200542
Honda,S2000 Base,2003,101000,Gasoline,240.0HP 2.0L 4 Cylinder Engine Gasoline Fuel,6-Speed M/T,Silver,Black,None reported,Yes,28000,10.239995502805316,11.522885696764481
BMW,M235 i,2015,68750,Gasoline,320.0HP 3.0L Straight 6 Cylinder Engine Gasoline Fuel,6-Speed M/T,Red,Black,None reported,Yes,25999,10.165851817003619,11.13824656087758
Lamborghini,Aventador S Base,2018,5858,Gasoline,729.0HP 6.5L 12 Cylinder Engine Gasoline Fuel,7-Speed A/T,White,Gray,None reported,Yes,491836,13.105902639769198,8.675734219544788
Dodge,Durango SLT,2004,143000,Gasoline,335.0HP 5.7L 8 Cylinder Engine Gasoline Fuel,A/T,Beige,Beige,None reported,Yes,3200,8.071218539969863,11.870606902224587
Nissan,Armada LE,2005,152270,Gasoline,305.0HP 5.6L 8 Cylinder Engine Gasoline Fuel,A/T,Green,Beige,At least 1 accident or damage reported,Yes,6900,8.839421607620602,11.933417107095016
Kia,Sorento S,2021,19605,Gasoline,2.5L I4 16V PDI DOHC,8-Speed Automatic,Glacial White Pearl,Black,None reported,Yes,33591,10.42204322236403,9.883590920821671
Chevrolet,Silverado 1500 RST,2020,19200,Gasoline,355.0HP 5.3L 8 Cylinder Engine Gasoline Fuel,10-Speed A/T,Gray,Black,None reported,Yes,69999,11.156250521031495,9.862717639992917
Chevrolet,Impala Base,2004,64500,Gasoline,180.0HP 3.4L V6 Cylinder Engine Gasoline Fuel,A/T,Beige,Beige,None reported,Yes,5900,8.682877107057168,11.07443600653965
Toyota,Tacoma PreRunner,2011,149000,Gasoline,236.0HP 4.0L V6 Cylinder Engine Gasoline Fuel,A/T,Black,Beige,None reported,Yes,18995,9.851983709669012,11.91170829631447
McLaren,570S Spider,2018,5918,Gasoline,3.8L V8 32V MPFI DOHC Twin Turbo,7-Speed Automatic with Auto-Shift,Silician Yellow,Jet Black,None reported,Yes,179900,12.100161978566867,8.685922794690725
Kia,Stinger GT1,2019,37226,Gasoline,"3.3L V-6 gasoline direct injection, DOHC, D-CVVT variable valve",Automatic,Snow White Pearl,Black,None reported,Yes,34998,10.463074768634808,10.524789583442729
Ford,Escape SE,2017,71924,Gasoline,179.0HP 1.5L 4 Cylinder Engine Gasoline Fuel,A/T,Beige,Beige,None reported,Yes,13700,9.525224101853109,11.18337918841975
Lamborghini,Huracan EVO Coupe,2021,5718,Gasoline,"5.2L V-10 gasoline direct injection, DOHC, variable valve contro",Automatic,Arancio Borealis,Nero Ade,None reported,Yes,279991,12.542516310314644,8.651549243915316
Jeep,Wrangler Unlimited Sport,2014,122200,Gasoline,285.0HP 3.6L V6 Cylinder Engine Gasoline Fuel,A/T,Orange,Black,At least 1 accident or damage reported,Yes,21500,9.975854724662028,11.713422508992204
Land Rover,Range Rover Sport HST MHEV,2020,37248,Hybrid,395.0HP 3.0L Straight 6 Cylinder Engine Gasoline/Mild Electric Hybrid,8-Speed A/T,Silver,Black,None reported,Yes,54500,10.905974329106854,10.525380377809771
Cadillac,XLR V,2008,64800,Gasoline,443.0HP 4.4L 8 Cylinder Engine Gasoline Fuel,6-Speed A/T,Black,Black,None reported,Yes,24700,10.114599007626499,11.079076314320059
Ford,Fusion Hybrid Titanium,2014,112180,Hybrid,2.0L I4 16V MPFI DOHC Hybrid,Automatic CVT,White,Charcoal Black,None reported,Yes,12599,9.441452092939569,11.62786891726756
RAM,2500 SLT,2015,149130,Diesel,350.0HP 6.7L Straight 6 Cylinder Engine Diesel Fuel,6-Speed A/T,White,Black,At least 1 accident or damage reported,Yes,35000,10.463131911491967,11.912580393293254
Tesla,Model Y Long Range,2020,88000,Gasoline,425.0HP Electric Motor Electric Fuel System,1-Speed A/T,Gray,White,None reported,Yes,35500,10.477316144080852,11.385103457032141
Toyota,Highlander XLE,2018,74000,Gasoline,295.0HP 3.5L V6 Cylinder Engine Gasoline Fuel,8-Speed A/T,White,Black,None reported,Yes,27950,10.238208256118535,11.211833885608513
Ford,F-150 XLT,2019,44460,Gasoline,325.0HP 2.7L V6 Cylinder Engine Gasoline Fuel,10-Speed A/T,Red,Gray,None reported,Yes,34500,10.448743588106625,10.702367679393
GMC,Acadia SLE-2,2015,96000,Gasoline,281.0HP 3.6L V6 Cylinder Engine Gasoline Fuel,6-Speed A/T,Blue,Beige,None reported,Yes,17000,9.741027444837728,11.472113887062386
Porsche,Boxster Base,2005,75000,Gasoline,240.0HP 2.7L Flat 6 Cylinder Engine Gasoline Fuel,5-Speed M/T,Silver,Black,None reported,Yes,17500,9.770013301136158,11.225256725762893
Dodge,Charger R/T,2014,95000,Gasoline,370.0HP 5.7L 8 Cylinder Engine Gasoline Fuel,Transmission w/Dual Shift Mode,Black,Black,None reported,Yes,17900,9.792611856190192,11.461642696843066
Land Rover,Range Rover Sport Supercharged HSE,2016,49799,Gasoline,340.0HP 3.0L V6 Cylinder Engine Gasoline Fuel,A/T,Brown,Brown,None reported,Yes,37500,10.53212287826962,10.815770263012745
Ford,Mustang GT,2006,27407,Gasoline,300.0HP 4.6L 8 Cylinder Engine Gasoline Fuel,5-Speed M/T,Silver,Red,None reported,Yes,21750,9.987415012471414,10.2185902205639
Alfa Romeo,Giulia Ti,2020,23339,Gasoline,2.0L I4 16V GDI SOHC Turbo,8-Speed Automatic,Rosso,Black,None reported,Yes,34645,10.452937557838887,10.057923905840546
Tesla,Model S 90D,2016,74122,Gasoline,417.0HP Electric Motor Electric Fuel System,A/T,Black,Black,None reported,Yes,35900,10.488520429241627,11.213481154485768
Mercedes-Benz,GLC 300 GLC 300,2021,14745,Gasoline,2.0 Liter Turbo,Automatic,Graphite Grey,–,None reported,Yes,38998,10.571291283757406,9.598727138549595
Chevrolet,Corvette Stingray w/3LT,2021,2700,Gasoline,490.0HP 6.2L 8 Cylinder Engine Gasoline Fuel,Transmission w/Dual Shift Mode,Blue,Blue,None reported,Yes,85950,11.361532645414634,7.901377353792616
Buick,Regal Turbo - Premium 1,2012,190000,Gasoline,220.0HP 2.0L 4 Cylinder Engine Gasoline Fuel,6-Speed A/T,Beige,Beige,At least 1 accident or damage reported,Yes,6000,8.699681400989514,12.154784614286667
Audi,A4 2.0T Premium,2014,90236,E85 Flex Fuel,220.0HP 2.0L 4 Cylinder Engine Flex Fuel Capability,Transmission w/Dual Shift Mode,Gray,Black,None reported,Yes,9999,9.210340371976184,11.410194821498418
Jeep,Gladiator Overland,2020,4000,Gasoline,285.0HP 3.6L V6 Cylinder Engine Gasoline Fuel,8-Speed A/T,Silver,Black,None reported,Yes,50000,10.819798284210286,8.294299608857235
Land Rover,Range Rover Westminster SWB,2022,2220,Hybrid,395.0HP 3.0L Straight 6 Cylinder Engine Gasoline/Mild Electric Hybrid,8-Speed A/T,Blue,White,None reported,Yes,115999,11.661345470088502,7.7057128238944275
GMC,Yukon XL Denali,2017,124000,Gasoline,420.0HP 6.2L 8 Cylinder Engine Gasoline Fuel,8-Speed A/T,Gray,Beige,At least 1 accident or damage reported,Yes,32000,10.373522431293592,11.728044909070785
Ford,Ranger Lariat,2019,45163,Gasoline,2.3L I4 16V GDI DOHC Turbo,10-Speed Automatic,Red,–,None reported,Yes,35690,10.482653835144635,10.718055588300412
Volkswagen,Passat 2.0T SE,2020,49400,Gasoline,174.0HP 2.0L 4 Cylinder Engine Gasoline Fuel,6-Speed A/T,Black,Brown,None reported,Yes,20900,9.94755228369823,10.807725945886109
Porsche,911 Carrera,2020,11256,Gasoline,379.0HP 3.0L Flat 6 Cylinder Engine Gasoline Fuel,8-Speed A/T,Red,Black,None reported,Yes,124900,11.735276702486741,9.328745436354804
Chevrolet,Corvette Stingray w/1LT,2021,13700,Gasoline,490.0HP 6.2L 8 Cylinder Engine Gasoline Fuel,A/T,White,Red,None reported,Yes,75000,11.225256725762893,9.525224101853109
Land Rover,Range Rover HSE,2011,174678,Gasoline,230.0HP 3.2L Straight 6 Cylinder Engine Gasoline Fuel,6-Speed A/T,Black,Black,None reported,Yes,9500,9.15915233520675,12.070705282829275
Lexus,RX 450h F Sport Handling,2022,1600,Hybrid,308.0HP 3.5L V6 Cylinder Engine Gas/Electric Hybrid,A/T,White,Black,None reported,Yes,59000,10.985309671896763,7.3783837129967145
Porsche,911 GT3 RS,2019,15509,Gasoline,4.0L H6 24V GDI DOHC,7-Speed Automatic with Auto-Shift,Lizard Green,Black,None reported,Yes,229900,12.345404060459082,9.649240256170584
Ford,Expedition Platinum,2020,69849,Gasoline,3.5L V6 24V GDI DOHC Twin Turbo,10-Speed Automatic,Red,Ebony,None reported,Yes,48149,10.782076417226271,11.154105364685108
Toyota,Tacoma PreRunner,2008,160000,Gasoline,236.0HP 4.0L V6 Cylinder Engine Gasoline Fuel,A/T,White,–,At least 1 accident or damage reported,Yes,17000,9.741027444837728,11.982935344196433
Toyota,Mirai Base,2016,40000,Gasoline,151.0HP Electric Motor Hydrogen Fuel,A/T,Silver,Black,None reported,Yes,9500,9.15915233520675,10.596659732783579
Ford,Explorer Sport Trac XLT,2007,228000,Gasoline,292.0HP 4.6L 8 Cylinder Engine Gasoline Fuel,A/T,Red,Beige,At least 1 accident or damage reported,Yes,3850,8.25608813381491,12.337105293891872
GMC,Sierra 1500 SLE1 Extended Cab,2008,187000,Gasoline,–,4-Speed A/T,Red,Gray,At least 1 accident or damage reported,Yes,6100,8.716207971151853,12.138869243416009
Mercedes-Benz,C-Class C 300 Luxury,2015,102000,Gasoline,241.0HP 2.0L 4 Cylinder Engine Gasoline Fuel,7-Speed A/T,Black,Black,None reported,Yes,17000,9.741027444837728,11.532737896139919
Cadillac,SRX Standard,2016,48000,Gasoline,308.0HP 3.6L V6 Cylinder Engine Gasoline Fuel,6-Speed A/T,White,Black,At least 1 accident or damage reported,Yes,24995,10.126471091048971,10.778977123006351
Chrysler,Town & Country Touring-L,2012,163500,E85 Flex Fuel,283.0HP 3.6L V6 Cylinder Engine Flex Fuel Capability,6-Speed A/T,Gray,Beige,None reported,Yes,5949,8.691146498539675,12.004574385508691
Porsche,911 Carrera,2023,1500,Gasoline,379.0HP 3.0L Flat 6 Cylinder Engine Gasoline Fuel,A/T,Silver,Black,None reported,Yes,149000,11.91170829631447,7.313886831633462
Porsche,718 Cayman GT4,2021,2100,Gasoline,414.0HP 4.0L Flat 6 Cylinder Engine Gasoline Fuel,6-Speed M/T,Yellow,Black,None reported,Yes,136900,11.827013315851762,7.650168700845001
Ford,F-350 Lariat,2018,66281,Diesel,450.0HP 6.7L 8 Cylinder Engine Diesel Fuel,Transmission w/Dual Shift Mode,Gray,Black,None reported,Yes,63500,11.05881093278828,11.10167364610033
Ford,Mustang Mach-E Select,2021,18000,Gasoline,266.0HP Electric Motor Electric Fuel System,A/T,Blue,Black,None reported,Yes,39499,10.584055950889214,9.798182590890704
Ford,F-150 XL,2014,27300,Gasoline,365.0HP 3.5L V6 Cylinder Engine Gasoline Fuel,6-Speed A/T,Gray,Gray,None reported,Yes,21500,9.975854724662028,10.214678610538817
Mazda,CX-30 Base,2020,19319,Gasoline,2.5L I4 16V GDI DOHC,6-Speed Automatic,Snowflake White Pearl,Black,At least 1 accident or damage reported,Yes,24899,10.1226230824528,9.86889610776651
Mercedes-Benz,AMG G AMG G 63 4MATIC,2016,32936,Gasoline,563.0HP 5.5L 8 Cylinder Engine Gasoline Fuel,Transmission w/Dual Shift Mode,White,Beige,At least 1 accident or damage reported,Yes,90000,11.407576060361786,10.402351924902842
BMW,M4 Base,2017,30450,Gasoline,425.0HP 3.0L Straight 6 Cylinder Engine Gasoline Fuel,Transmission w/Dual Shift Mode,White,Black,None reported,Yes,52999,10.87804719253426,10.323874113321294
Jeep,Wrangler Sport,2017,38200,Gasoline,285.0HP 3.6L V6 Cylinder Engine Gasoline Fuel,A/T,Red,–,None reported,Yes,29500,10.292179440058462,10.5506169722625
Jeep,Wrangler Sport,2020,26315,Gasoline,2.0L I4 16V GDI DOHC Turbo,8-Speed Automatic,Black Clearcoat,Black,None reported,Yes,31871,10.369483160384325,10.177932398205888
Chevrolet,Silverado 1500 LS,2003,110000,Gasoline,270.0HP 4.8L 8 Cylinder Engine Gasoline Fuel,A/T,Green,Beige,None reported,Yes,8900,9.093918908958932,11.608244735642321
MINI,Hardtop Cooper,2014,19700,Gasoline,189.0HP 2.0L 4 Cylinder Engine Gasoline Fuel,6-Speed A/T,Silver,Black,None reported,Yes,13500,9.510519035757246,9.888424674859083
Honda,Element EX,2008,192000,Gasoline,166.0HP 2.4L 4 Cylinder Engine Gasoline Fuel,5-Speed A/T,Black,Gray,At least 1 accident or damage reported,Yes,11000,9.305741456739435,12.165255859329688
Porsche,911 Carrera 4S,2017,26000,Gasoline,420.0HP 3.0L Flat 6 Cylinder Engine Gasoline Fuel,Transmission w/Dual Shift Mode,Gray,Red,None reported,Yes,116911,11.669176794031,10.165890277802454
Subaru,Impreza Outback Sport Wagon,2008,98313,Gasoline,170.0HP 2.5L 4 Cylinder Engine Gasoline Fuel,4-Speed A/T,Silver,Gray,None reported,Yes,7495,8.922124823918258,11.495921717154042
Cadillac,XT5 Premium Luxury,2021,66500,Gasoline,310.0HP 3.6L V6 Cylinder Engine Gasoline Fuel,A/T,Silver,Black,None reported,Yes,28500,10.25769445336048,11.104972264124868
Nissan,Kicks S,2022,19877,Gasoline,1.6L I4 16V MPFI DOHC,Automatic CVT,Super Black,Charcoal,None reported,Yes,18999,9.852194258148577,9.89736887152795
Kia,Seltos S,2021,16100,Gasoline,146.0HP 2.0L 4 Cylinder Engine Gasoline Fuel,A/T,Blue,Black,None reported,Yes,25500,10.146472946063877,9.686636660844938
GMC,Yukon SLE,2016,83858,Gasoline,355.0HP 5.3L 8 Cylinder Engine Gasoline Fuel,6-Speed A/T,Blue,Gray,At least 1 accident or damage reported,Yes,27633,10.226802177616614,11.336892096017356
Mercedes-Benz,GLE 350 Base 4MATIC,2020,24108,Gasoline,255.0HP 2.0L 4 Cylinder Engine Gasoline Fuel,9-Speed A/T,Black,Black,None reported,Yes,56000,10.933124826700707,10.0903404937493
Ford,Explorer XLT,2020,42609,Gasoline,2.3L I4 16V GDI DOHC Turbo,10-Speed Automatic,Magnetic Metallic,Ebony,At least 1 accident or damage reported,Yes,32107,10.376860499251467,10.659844246493957
Subaru,Impreza 2.0i Premium,2017,160000,Gasoline,152.0HP 2.0L 4 Cylinder Engine Gasoline Fuel,A/T,White,Beige,At least 1 accident or damage reported,Yes,7750,8.955577146281511,11.982935344196433
INFINITI,QX80 Base,2017,121525,Gasoline,400.0HP 5.6L 8 Cylinder Engine Gasoline Fuel,A/T,Black,Black,At least 1 accident or damage reported,Yes,28500,10.25769445336048,11.707883510639315
Kia,Telluride S,2023,6423,Gasoline,291.0HP 3.8L V6 Cylinder Engine Gasoline Fuel,A/T,Gray,Black,None reported,Yes,42500,10.657282884047461,8.767796255626598
Pontiac,Solstice Base,2007,62310,Gasoline,177.0HP 2.4L 4 Cylinder Engine Gasoline Fuel,5-Speed A/T,Gray,Black,None reported,Yes,12900,9.465060106725137,11.039893254197803
Mazda,Mazda6 Carbon Edition,2021,21444,Gasoline,2.5L I4 16V,6-Speed Automatic,Polymetal Gray Metallic,Red,None reported,Yes,29995,10.30881931842128,9.973246796950981
Ford,Transit-350 Base,2015,112000,Gasoline,310.0HP 3.5L V6 Cylinder Engine Gasoline Fuel,A/T,White,Gray,At least 1 accident or damage reported,Yes,29500,10.292179440058462,11.626263078808801
Hyundai,Genesis Coupe 3.8 Grand Touring,2013,60000,Gasoline,344.0HP 3.8L V6 Cylinder Engine Gasoline Fuel,A/T,White,–,None reported,Yes,16500,9.711176264112805,11.002116507732017
Dodge,Dart SE,2013,153250,Gasoline,160.0HP 1.4L 4 Cylinder Engine Gasoline Fuel,6-Speed A/T,Silver,Black,None reported,Yes,4399,8.389359819906353,11.939832379062649
Jeep,Wrangler Unlimited Sahara,2019,57000,Gasoline,285.0HP 3.6L V6 Cylinder Engine Gasoline Fuel,8-Speed A/T,Gray,Black,None reported,Yes,39900,10.594156665220533,10.950824090522445
Chevrolet,Tahoe LTZ,2011,140401,E85 Flex Fuel,320.0HP 5.3L 8 Cylinder Engine Flex Fuel Capability,6-Speed A/T,Red,Beige,At least 1 accident or damage reported,Yes,16000,9.680406499268875,11.852265015486633
Ford,F-150 Tremor,2023,5500,Gasoline,400.0HP 3.5L V6 Cylinder Engine Gasoline Fuel,10-Speed A/T,Gray,Black,None reported,Yes,70000,11.156264806643742,8.612685172875459
Chevrolet,Corvette Stingray w/2LT,2022,2010,Gasoline,490.0HP 6.2L 8 Cylinder Engine Gasoline Fuel,Transmission w/Dual Shift Mode,Gray,Brown,None reported,Yes,89000,11.39640288460621,7.606387389772652
Tesla,Model 3 Long Range,2018,24360,Gasoline,271.0HP Electric Motor Electric Fuel System,A/T,Black,White,None reported,Yes,31500,10.357774570341576,10.100738771884387
Audi,A4 2.0T Premium,2013,96800,Gasoline,211.0HP 2.0L 4 Cylinder Engine Gasoline Fuel,A/T,Gray,Black,At least 1 accident or damage reported,Yes,11000,9.305741456739435,11.480412603789821
Cadillac,CTS Performance,2014,34988,Gasoline,318.0HP 3.6L V6 Cylinder Engine Gasoline Fuel,6-Speed A/T,Red,Black,None reported,Yes,21500,9.975854724662028,10.46278900535916
Nissan,Frontier SV,2012,65750,Gasoline,261.0HP 4.0L V6 Cylinder Engine Gasoline Fuel,A/T,Black,Gray,At least 1 accident or damage reported,Yes,15995,9.680093969966709,11.093630159049829
Chevrolet,Silverado 1500 LTZ,2019,56654,Gasoline,6.2L V8 16V GDI OHV,Automatic,Cajun Red Tintcoat,Jet Black,None reported,Yes,43860,10.68878082152957,10.944735523814668
Lincoln,MKT Base,2016,140200,Gasoline,303.0HP 3.7L V6 Cylinder Engine Gasoline Fuel,6-Speed A/T,Black,Black,None reported,Yes,10500,9.259225769705994,11.850832386224807
Chevrolet,Cruze LT Automatic,2016,122971,Gasoline,1.4L I4 16V GDI DOHC Turbo,6-Speed Automatic,Kinetic Blue,Jet Black,At least 1 accident or damage reported,Yes,12999,9.472704636443673,11.719711966163695
Nissan,Xterra S,2008,227010,Gasoline,261.0HP 4.0L V6 Cylinder Engine Gasoline Fuel,5-Speed A/T,Gray,Gray,None reported,Yes,3850,8.25608813381491,12.332753753439262
Ford,F-150 Lariat SuperCrew,2004,271000,Gasoline,300.0HP 5.4L 8 Cylinder Engine Gasoline Fuel,A/T,Red,Beige,At least 1 accident or damage reported,Yes,9500,9.15915233520675,12.509877789891931
Porsche,911 Turbo,2022,13800,Gasoline,572.0HP 3.8L Flat 6 Cylinder Engine Gasoline Fuel,8-Speed A/T,Gray,Red,None reported,Yes,234000,12.36308066783498,9.53249633228804
Dodge,Ram 2500 Quad Cab,2001,171079,Diesel,245.0HP 5.9L Straight 6 Cylinder Engine Diesel Fuel,A/T,Silver,Gray,None reported,Yes,27500,10.221977646629885,12.049886562340845
Chevrolet,Colorado ZR2,2021,24915,Gasoline,3.6L V6 24V GDI DOHC,Automatic,Satin Steel Metallic,Jet Black,None reported,Yes,44791,10.70978483102873,10.123265446374036
Nissan,Kicks S,2022,15577,Gasoline,1.6L I4 16V MPFI DOHC,Automatic CVT,Electric Blue Metallic,Charcoal,None reported,Yes,19599,9.883284845218608,9.653614941479894
Audi,S4 3.0T Premium Plus,2014,102370,Gasoline,333.0HP 3.0L V6 Cylinder Engine Gasoline Fuel,7-Speed A/T,Gray,Black,None reported,Yes,21373,9.969930509084842,11.536358748352967
Lamborghini,Gallardo LP570-4 Superleggera,2011,16000,Gasoline,562.0HP 5.2L 10 Cylinder Engine Gasoline Fuel,Transmission w/Dual Shift Mode,Yellow,Black,None reported,Yes,229000,12.34148164933907,9.680406499268875
Mercedes-Benz,C-Class C 250 Luxury,2012,122000,Gasoline,201.0HP 1.8L 4 Cylinder Engine Gasoline Fuel,7-Speed A/T,White,White,None reported,Yes,15000,9.61587214452889,11.711784520403112
FIAT,500X Trekking Plus,2016,48500,Gasoline,180.0HP 2.4L 4 Cylinder Engine Gasoline Fuel,A/T,Yellow,Brown,None reported,Yes,15999,9.680344001221918,10.789339695269716
Ford,F-150 XLT,2018,53500,Gasoline,325.0HP 2.7L V6 Cylinder Engine Gasoline Fuel,10-Speed A/T,Brown,Beige,At least 1 accident or damage reported,Yes,31500,10.357774570341576,10.887455624298198
Ford,F-250 XL Crew Cab Super Duty,2004,315000,Diesel,325.0HP 6.0L 8 Cylinder Engine Diesel Fuel,A/T,White,Gray,None reported,Yes,9200,9.127067452782361,12.660331092405906
Ford,E350 Super Duty Base,2006,158000,Gasoline,305.0HP 6.8L 10 Cylinder Engine Gasoline Fuel,A/T,White,Gray,At least 1 accident or damage reported,Yes,8500,9.04793908261736,11.970356641102999
Kia,Sorento SXL,2019,43850,Gasoline,290.0HP 3.3L V6 Cylinder Engine Gasoline Fuel,8-Speed A/T,Black,Black,At least 1 accident or damage reported,Yes,30000,10.308985993422082,10.688552802557403
Mercedes-Benz,C-Class C 300 4MATIC Sport,2015,73500,Gasoline,241.0HP 2.0L 4 Cylinder Engine Gasoline Fuel,7-Speed A/T,White,Black,None reported,Yes,19000,9.852246888342531,11.205054290550551
Nissan,Altima 2.5 SL,2014,153350,Gasoline,182.0HP 2.5L 4 Cylinder Engine Gasoline Fuel,A/T,Black,Black,At least 1 accident or damage reported,Yes,9000,9.105090961257085,11.94048469055146
Volkswagen,Tiguan 2.0T SEL Premium R-Line,2019,74000,Gasoline,184.0HP 2.0L 4 Cylinder Engine Gasoline Fuel,A/T,White,Silver,None reported,Yes,25500,10.146472946063877,11.211833885608513
BMW,328 i xDrive,2013,52000,Gasoline,240.0HP 2.0L 4 Cylinder Engine Gasoline Fuel,Transmission w/Dual Shift Mode,White,Beige,None reported,Yes,17500,9.770013301136158,10.859018228147887
Audi,Q4 e-tron 50 Premium Plus,2022,250,Gasoline,295.0HP Electric Motor Electric Fuel System,1-Speed A/T,Gray,Black,None reported,Yes,52000,10.859018228147887,5.5254529391317835
Nissan,Pathfinder S,2017,145000,Gasoline,284.0HP 3.5L V6 Cylinder Engine Gasoline Fuel,A/T,Silver,Gray,At least 1 accident or damage reported,Yes,8500,9.04793908261736,11.884495917930655
Subaru,Ascent Touring 7-Passenger,2020,40971,Gasoline,260.0HP 2.4L 4 Cylinder Engine Gasoline Fuel,Transmission w/Dual Shift Mode,Blue,Brown,None reported,Yes,32500,10.389026137075234,10.620644185556426
Ford,E350 Super Duty XLT,2010,248000,E85 Flex Fuel,255.0HP 5.4L 8 Cylinder Engine Flex Fuel Capability,A/T,Silver,Beige,At least 1 accident or damage reported,Yes,14000,9.546884034617925,12.421188057397055
GMC,HUMMER EV Edition 1,2023,940,Gasoline,Electric Motor Electric Fuel System,A/T,White,Black,None reported,Yes,146000,11.891368749982085,6.846943139585379
BMW,M3 CS,2018,38000,Gasoline,453.0HP 3.0L Straight 6 Cylinder Engine Gasoline Fuel,A/T,White,Black,None reported,Yes,60500,11.010415172807951,10.545367754151743
Acura,TLX V6 Advance,2016,128000,Gasoline,290.0HP 3.5L V6 Cylinder Engine Gasoline Fuel,A/T,Gray,Black,None reported,Yes,19500,9.87822102528824,11.759793355371237
Chevrolet,Silverado 1500 ZR2,2022,7455,Gasoline,6.2L V8 16V GDI OHV,Automatic,Glacier Blue Metallic,Jet Black,None reported,Yes,68990,11.141731340289432,8.916774356365426
Ford,Edge Sport,2016,92000,Gasoline,315.0HP 2.7L V6 Cylinder Engine Gasoline Fuel,6-Speed A/T,White,Black,None reported,Yes,19995,9.903287532533462,11.429554725537322
Porsche,911 Carrera Cabriolet,2001,21450,Gasoline,300.0HP 3.4L Flat 6 Cylinder Engine Gasoline Fuel,6-Speed M/T,Black,Black,None reported,Yes,36000,10.491301994830229,9.973526543316103
Nissan,Murano SL,2021,43875,Gasoline,3.5L V6 24V MPFI DOHC,Automatic CVT,Magnetic Black,Graphite,At least 1 accident or damage reported,Unknown,29725,10.29977736270884,10.689122752531224
Pontiac,G8 GT,2009,81327,Gasoline,355.0HP 6.0L 8 Cylinder Engine Gasoline Fuel,Transmission w/Dual Shift Mode,Black,Black,None reported,Yes,17500,9.770013301136158,11.306245639686685
Mercedes-Benz,E-Class E 350,2021,72836,Gasoline,255.0HP 2.0L 4 Cylinder Engine Gasoline Fuel,9-Speed A/T,White,Beige,None reported,Yes,41000,10.62135173563291,11.19597934683192
McLaren,720S Performance,2020,5072,Gasoline,4.0L V8 32V MPFI DOHC Twin Turbo,7-Speed Automatic with Auto-Shift,Black,Red,None reported,Yes,279950,12.5423698668371,8.53168763756669
Jeep,Commander Sport,2007,161900,E85 Flex Fuel,235.0HP 4.7L 8 Cylinder Engine Flex Fuel Capability,A/T,Blue,Gray,At least 1 accident or damage reported,Yes,4800,8.476579508530941,11.994740316298905
Audi,A5 45 S line Premium Plus,2022,24500,Hybrid,261.0HP 2.0L 4 Cylinder Engine Gasoline/Mild Electric Hybrid,Transmission w/Dual Shift Mode,White,Black,None reported,Yes,47000,10.757924157061597,10.106469212026385
BMW,M550 i xDrive,2018,14993,Gasoline,456.0HP 4.4L 8 Cylinder Engine Gasoline Fuel,8-Speed A/T,Gray,Black,None reported,Yes,44900,10.712215345197256,9.615405400063008
Volkswagen,Jetta 1.4T R-Line,2019,96000,Gasoline,147.0HP 1.4L 4 Cylinder Engine Gasoline Fuel,A/T,Orange,White,At least 1 accident or damage reported,Yes,14980,9.614538010517382,11.472113887062386
Porsche,Taycan 4S,2022,7900,Gasoline,482.0HP Electric Motor Electric Fuel System,2-Speed A/T,Red,–,None reported,Yes,108000,11.58989576532275,8.974744612722734
Cadillac,CTS 2.0L Turbo Luxury,2019,35566,Gasoline,265.0HP 2.0L 4 Cylinder Engine Gasoline Fuel,8-Speed A/T,White,Beige,At least 1 accident or damage reported,Yes,26000,10.165890277802454,10.479173520649045
Lexus,IS-F Base,2008,113000,Gasoline,416.0HP 5.0L 8 Cylinder Engine Gasoline Fuel,8-Speed A/T,Black,Black,At least 1 accident or damage reported,Yes,34000,10.434145214930487,11.635151947212842
Ford,Explorer XLT,2022,20678,Gasoline,300.0HP 2.3L 4 Cylinder Engine Gasoline Fuel,A/T,Red,Black,None reported,Yes,46000,10.736418414365376,9.936873971553762
Porsche,911 Turbo Cabriolet,2008,10900,Gasoline,480.0HP 3.6L Flat 6 Cylinder Engine Gasoline Fuel,6-Speed M/T,Black,Black,None reported,Yes,129000,11.767575435251748,9.296609807128359
Buick,LaCrosse Leather,2012,19079,Hybrid,182.0HP 2.4L 4 Cylinder Engine Gasoline/Mild Electric Hybrid,6-Speed A/T,Gold,Beige,None reported,Yes,15995,9.680093969966709,9.856395945002278
Mazda,RX-8 Sport,2008,155500,Gasoline,212.0HP 1.3L Rotary engine Gasoline Fuel,A/T,Blue,Black,At least 1 accident or damage reported,Yes,6800,8.824824939175638,11.954407441448915
Ford,Mustang GT Premium,2019,35500,Gasoline,460.0HP 5.0L 8 Cylinder Engine Gasoline Fuel,10-Speed A/T,White,Black,None reported,Yes,32300,10.382853468483827,10.477316144080852
Mazda,Mazda6 Touring,2021,52253,Gasoline,2.5L I4 16V GDI DOHC,6-Speed Automatic,Snowflake White Pearl,Black,At least 1 accident or damage reported,Yes,25215,10.135233992657605,10.863871721920795
Ford,Ranger Edge SuperCab,2004,110000,Gasoline,148.0HP 3.0L V6 Cylinder Engine Gasoline Fuel,A/T,White,Gray,At least 1 accident or damage reported,Yes,8500,9.04793908261736,11.608244735642321
Volkswagen,Golf GTI 2.0T SE w/Performance Package 4-Door,2016,59250,Gasoline,220.0HP 2.0L 4 Cylinder Engine Gasoline Fuel,Transmission w/Dual Shift Mode,Gray,Black,None reported,Yes,18999,9.852194258148577,10.989537936492082
Ford,Thunderbird Deluxe,2004,39000,Gasoline,280.0HP 3.9L 8 Cylinder Engine Gasoline Fuel,A/T,Black,Beige,None reported,Yes,22000,9.99884318585288,10.571342565808699
Hummer,H2 Base,2008,155000,Gasoline,393.0HP 6.2L 8 Cylinder Engine Gasoline Fuel,6-Speed A/T,Green,Black,At least 1 accident or damage reported,Yes,37000,10.518700218288165,11.951186847493476
BMW,X5 sDrive35i,2017,39250,Gasoline,300.0HP 3.0L Straight 6 Cylinder Engine Gasoline Fuel,A/T,Black,Beige,None reported,Yes,28900,10.27163147557801,10.57773220059301
BMW,X3 xDrive30i,2020,23647,Gasoline,2.0L I4 16V GDI DOHC Turbo,8-Speed Automatic,Black Sapphire Metallic,Canberra Beige,None reported,Yes,37998,10.545315122572783,10.071033823747928
Hyundai,Accent GLS,2014,127941,Gasoline,138.0HP 1.6L 4 Cylinder Engine Gasoline Fuel,A/T,Silver,Gray,None reported,Yes,7500,8.922791623969637,11.7593323152096
RAM,1500 Big Horn,2014,124000,Gasoline,395.0HP 5.7L 8 Cylinder Engine Gasoline Fuel,8-Speed A/T,Black,Black,None reported,Yes,24850,10.120653272163802,11.728044909070785
Ford,Bronco Heritage Edition Advanced,2023,1500,Gasoline,275.0HP 2.3L 4 Cylinder Engine Gasoline Fuel,7-Speed M/T,Red,–,None reported,Yes,60000,11.002116507732017,7.313886831633462
MINI,Countryman Cooper S ALL4,2014,70700,Gasoline,181.0HP 1.6L 4 Cylinder Engine Gasoline Fuel,6-Speed A/T,White,Black,None reported,Yes,15750,9.664659134301736,11.166214996056205
Cadillac,Escalade Premium,2013,113395,E85 Flex Fuel,403.0HP 6.2L 8 Cylinder Engine Flex Fuel Capability,6-Speed A/T,Beige,Beige,At least 1 accident or damage reported,Yes,18800,9.841665338892785,11.638641396285061
Mercedes-Benz,GLE 350 GLE 350,2022,18815,Gasoline,2.0 Liter Turbo,Automatic,Black,Black,None reported,Yes,61998,11.034873534864897,9.842462850698354
Toyota,4Runner Limited,2014,65000,Gasoline,270.0HP 4.0L V6 Cylinder Engine Gasoline Fuel,A/T,Gray,Red,None reported,Yes,27999,10.239959789157341,11.082157933374816
Audi,A8 L 55,2019,23350,Hybrid,335.0HP 3.0L V6 Cylinder Engine Gasoline/Mild Electric Hybrid,Transmission w/Dual Shift Mode,Black,Brown,None reported,Yes,48000,10.778977123006351,10.058395088732475
Lexus,ES 350 Base,2019,39000,Gasoline,302.0HP 3.5L V6 Cylinder Engine Gasoline Fuel,Transmission w/Dual Shift Mode,Black,Red,At least 1 accident or damage reported,Yes,34000,10.434145214930487,10.571342565808699
Toyota,4Runner Limited Nightshade,2019,48842,Gasoline,4.0L V6 24V MPFI DOHC,5-Speed Automatic,White,–,At least 1 accident or damage reported,Yes,39857,10.593078416893297,10.796366351399625
FIAT,500 Sport,2015,47800,Gasoline,101.0HP 1.4L 4 Cylinder Engine Gasoline Fuel,A/T,Black,Black,At least 1 accident or damage reported,Yes,11500,9.350189267092581,10.774801838762809
Ford,Maverick XLT,2022,52000,Hybrid,191.0HP 2.5L 4 Cylinder Engine Gas/Electric Hybrid,CVT Transmission,Blue,Gray,None reported,Yes,28000,10.239995502805316,10.859018228147887
Ford,Mustang GT,2006,16000,Gasoline,300.0HP 4.6L 8 Cylinder Engine Gasoline Fuel,5-Speed A/T,Silver,Black,None reported,Yes,22000,9.99884318585288,9.680406499268875
Jeep,Wrangler Sport,2023,7102,Gasoline,2.0L I4 16V GDI DOHC Turbo,8-Speed Automatic,Bright White Clearcoat,Black,None reported,Yes,40995,10.621229779951454,8.86827250899781
Jeep,Grand Cherokee Limited,2015,157000,E85 Flex Fuel,290.0HP 3.6L V6 Cylinder Engine Flex Fuel Capability,A/T,White,Black,None reported,Yes,17000,9.741027444837728,11.964007453736912
Ford,Mustang Mach-E GT,2023,9095,Gasoline,480.0HP Electric Motor Electric Fuel System,A/T,Orange,Gray,None reported,Yes,59000,10.985309671896763,9.115590035430372
Jeep,Compass Sport,2010,179700,Gasoline,172.0HP 2.4L 4 Cylinder Engine Gasoline Fuel,A/T,Black,Gray,At least 1 accident or damage reported,Yes,4500,8.412054873292933,12.09904963758644
Lexus,LS 430 Base,2006,170000,Gasoline,278.0HP 4.3L 8 Cylinder Engine Gasoline Fuel,A/T,Silver,Gray,None reported,Yes,7500,8.922791623969637,12.04355959836804
Rolls-Royce,Cullinan,2022,3420,Gasoline,6.7L V12 48V GDI DOHC Twin Turbo,8-Speed Automatic,Red,Black,None reported,Yes,399950,12.899097318586382,8.137688184977605
Ford,F-250 King Ranch,2021,93400,Diesel,475.0HP 6.7L 8 Cylinder Engine Diesel Fuel,10-Speed A/T,Red,Brown,None reported,Yes,69995,11.156193376541639,11.444657330797734
BMW,X5 xDrive50i,2011,110000,Gasoline,400.0HP 4.4L 8 Cylinder Engine Gasoline Fuel,Transmission w/Dual Shift Mode,White,Blue,At least 1 accident or damage reported,Yes,12000,9.392745258631441,11.608244735642321
Porsche,911 Carrera,2016,22500,Gasoline,350.0HP 3.4L Flat 6 Cylinder Engine Gasoline Fuel,A/T,Gray,Beige,None reported,Yes,78000,11.264476926102367,10.021315031649332
Ford,Focus ST Base,2013,20800,Gasoline,252.0HP 2.0L 4 Cylinder Engine Gasoline Fuel,6-Speed M/T,Yellow,Gray,None reported,Yes,19795,9.893235176071776,9.942756341456828
Lexus,ES 300h Base,2018,100868,Hybrid,200.0HP 2.5L 4 Cylinder Engine Gas/Electric Hybrid,CVT Transmission,White,Beige,At least 1 accident or damage reported,Yes,23400,10.060534035475412,11.521577924249367
Volkswagen,CC Sport,2012,131986,Gasoline,200.0HP 2.0L 4 Cylinder Engine Gasoline Fuel,M/T,White,Black,At least 1 accident or damage reported,Yes,9000,9.105090961257085,11.790458711870071
Volkswagen,Golf SportWagen TSI S 4-Door,2016,127770,Gasoline,170.0HP 1.8L 4 Cylinder Engine Gasoline Fuel,5-Speed M/T,White,Beige,None reported,Yes,13800,9.53249633228804,11.757994878118097
Porsche,911 Carrera S,2013,56985,Gasoline,400.0HP 3.8L Flat 6 Cylinder Engine Gasoline Fuel,7-Speed A/T,Blue,Gray,None reported,Yes,65900,11.095908894882296,10.950560902613532
Toyota,Prius Plug-in Base,2014,106000,Plug-In Hybrid,134.0HP 1.8L 4 Cylinder Engine Plug-In Electric/Gas,A/T,Green,Beige,At least 1 accident or damage reported,Yes,11800,9.375939552625749,11.571203807011969
Ford,F-250 XLT,2019,92671,Diesel,450.0HP 6.7L 8 Cylinder Engine Diesel Fuel,A/T,Black,Black,At least 1 accident or damage reported,Yes,50000,10.819798284210286,11.436821656305334
Mercedes-Benz,S-Class S 560 4MATIC,2019,49500,Gasoline,463.0HP 4.0L 8 Cylinder Engine Gasoline Fuel,A/T,Black,Beige,None reported,Yes,55900,10.93133754807084,10.809748150372926
Porsche,911 Carrera,2020,16741,Gasoline,379.0HP 3.0L Flat 6 Cylinder Engine Gasoline Fuel,A/T,Green,Black,None reported,Yes,112500,11.630717389475995,9.725675811220002
Ford,Mustang GT,2011,133504,Gasoline,412.0HP 5.0L 8 Cylinder Engine Gasoline Fuel,6-Speed M/T,Black,Black,None reported,Yes,23500,10.064798252418377,11.801894209304608
Cadillac,CTS 2.0L Turbo Luxury,2019,20296,Gasoline,2.0L I4 16V GDI DOHC Turbo,8-Speed Automatic,Red Obsession,Very Light Cashmere,None reported,Yes,30599,10.328755287940472,9.918228370857626
Volkswagen,Jetta 1.4T R-Line,2019,55234,Gasoline,1.4L I4 16V GDI DOHC Turbo,8-Speed Automatic,Platinum Gray Metallic,Black / Gray,None reported,Yes,19290,9.867393944887889,10.919352089306376
Jeep,Wrangler X,2005,162482,Gasoline,190.0HP 4.0L Straight 6 Cylinder Engine Gasoline Fuel,6-Speed M/T,Orange,Gray,None reported,Yes,11000,9.305741456739435,11.998328659894742
Lincoln,LS V8,2002,42000,Gasoline,252.0HP 3.9L 8 Cylinder Engine Gasoline Fuel,A/T,Silver,Black,At least 1 accident or damage reported,Yes,11000,9.305741456739435,10.645448706505872
Ford,F-150 Lightning LARIAT,2022,470,Gasoline,563.0HP Electric Motor Electric Fuel System,1-Speed A/T,White,Gray,None reported,Yes,71900,11.183045451818261,6.154858094016418
Mercedes-Benz,C-Class C55 AMG Sport,2006,98300,Gasoline,362.0HP 5.4L 8 Cylinder Engine Gasoline Fuel,Transmission w/Dual Shift Mode,Black,Black,At least 1 accident or damage reported,Yes,15900,9.674137279312397,11.495789479023493
Audi,S6 4.0T Prestige,2013,53900,Gasoline,420.0HP 4.0L 8 Cylinder Engine Gasoline Fuel,7-Speed A/T,Black,Black,None reported,Yes,27450,10.22015787614662,10.894904309600681
BMW,335 i xDrive,2013,82849,Gasoline,300.0HP 3.0L Straight 6 Cylinder Engine Gasoline Fuel,8-Speed A/T,Red,Black,None reported,Yes,19999,9.903487552536127,11.324787022854709
Porsche,911 Carrera 4S Cabriolet,2009,25500,Gasoline,385.0HP 3.8L Flat 6 Cylinder Engine Gasoline Fuel,6-Speed M/T,Black,Black,None reported,Yes,79995,11.289731912405976,10.146472946063877
Kia,Forte LXS,2020,53452,Gasoline,147.0HP 2.0L 4 Cylinder Engine Gasoline Fuel,A/T,Silver,Black,At least 1 accident or damage reported,Yes,16995,9.740733301234702,10.88655804209982
Chevrolet,Corvette Base,2004,40011,Gasoline,350.0HP 5.7L 8 Cylinder Engine Gasoline Fuel,4-Speed A/T,Red,Black,None reported,Yes,23500,10.064798252418377,10.59693468810507
Hyundai,Santa Fe Sport 2.0L Turbo,2018,45800,Gasoline,240.0HP 2.0L 4 Cylinder Engine Gasoline Fuel,A/T,Silver,Black,At least 1 accident or damage reported,Yes,20900,9.94755228369823,10.732061203925053
RAM,1500 Laramie,2022,15741,Gasoline,5.7L V8 16V MPFI OHV,8-Speed Automatic,Flame Red Clearcoat,Black,None reported,Yes,45999,10.736396675471232,9.664087578702395
Kia,Sorento SX Prestige,2023,11100,Gasoline,281.0HP 2.5L 4 Cylinder Engine Gasoline Fuel,Transmission w/Dual Shift Mode,White,Black,None reported,Yes,40200,10.601647149919609,9.314790473332646
Ford,F-250 XL,2020,36000,E85 Flex Fuel,385.0HP 6.2L 8 Cylinder Engine Flex Fuel Capability,A/T,White,Gray,None reported,Yes,44000,10.691967639914864,10.491301994830229
BMW,X5 xDrive35i,2013,69750,Gasoline,300.0HP 3.0L Straight 6 Cylinder Engine Gasoline Fuel,8-Speed A/T,White,Brown,At least 1 accident or damage reported,Yes,15999,9.680344001221918,11.152687036498403
Mercedes-Benz,C-Class C 300 4MATIC,2021,19162,Gasoline,255.0HP 2.0L 4 Cylinder Engine Gasoline Fuel,Transmission w/Dual Shift Mode,Black,Black,None reported,Yes,38500,10.55843949396453,9.860736615468495
Audi,Q5 S line Premium Plus,2023,6046,Hybrid,2.0 Liter TFSI,Automatic,Daytona Gray,Black,None reported,Yes,51598,10.851257571436902,8.707317560273212
Ford,Explorer XLT,2020,17000,Gasoline,300.0HP 2.3L 4 Cylinder Engine Gasoline Fuel,10-Speed A/T,Blue,Black,At least 1 accident or damage reported,Yes,21000,9.952325334619427,9.741027444837728
Audi,A6 55 Premium,2019,10832,Hybrid,335.0HP 3.0L V6 Cylinder Engine Gasoline/Mild Electric Hybrid,7-Speed A/T,Black,Black,None reported,Yes,42500,10.657282884047461,9.290352309945568
Toyota,Matrix XR,2004,173452,Gasoline,130.0HP 1.8L 4 Cylinder Engine Gasoline Fuel,4-Speed A/T,Silver,Black,At least 1 accident or damage reported,Yes,4000,8.294299608857235,12.063661948299055
Kia,Optima SX Turbo,2017,103338,Gasoline,2.0L I4 16V GDI DOHC Turbo,6-Speed Automatic,Remington Red Metallic,Black,At least 1 accident or damage reported,Unknown,17238,9.754929537894979,11.54577012499931
Ford,F-150 Lariat,2022,28000,Gasoline,400.0HP 3.5L V6 Cylinder Engine Gasoline Fuel,A/T,Black,Black,None reported,Yes,53500,10.887455624298198,10.239995502805316
Audi,Q8 3.0T Premium,2019,51984,Hybrid,335.0HP 3.0L V6 Cylinder Engine Gasoline/Mild Electric Hybrid,8-Speed A/T,White,–,None reported,Yes,44870,10.711546985327436,10.85871049441207
Chevrolet,Corvette Stingray w/2LT,2020,8974,Gasoline,490.0HP 6.2L 8 Cylinder Engine Gasoline Fuel,A/T,Orange,Black,At least 1 accident or damage reported,Yes,79900,11.288543647320601,9.10219821335648
Scion,tC Anniversary Edition,2014,99999,Gasoline,179.0HP 2.5L 4 Cylinder Engine Gasoline Fuel,6-Speed M/T,White,Black,None reported,Yes,10998,9.305559638557117,11.512925464970229
Mercedes-Benz,C-Class C 300,2017,59400,Gasoline,241.0HP 2.0L 4 Cylinder Engine Gasoline Fuel,7-Speed A/T,Black,Black,At least 1 accident or damage reported,Yes,21000,9.952325334619427,10.992066340225865
Nissan,Murano SV,2020,47147,Gasoline,3.5L V6 24V MPFI DOHC,Automatic CVT,Brilliant Silver Metallic,Graphite,None reported,Yes,23625,10.070103079508465,10.76104686934646
Ford,Mustang GT,2018,53782,Gasoline,460.0HP 5.0L 8 Cylinder Engine Gasoline Fuel,6-Speed M/T,Black,Black,At least 1 accident or damage reported,Yes,29950,10.307317991967832,10.892712711085943
Ford,Taurus SHO,2011,160000,Gasoline,365.0HP 3.5L V6 Cylinder Engine Gasoline Fuel,A/T,Black,Black,None reported,Yes,4700,8.45553053102413,11.982935344196433
Chevrolet,Tahoe LTZ,2015,500,Gasoline,355.0HP 5.3L 8 Cylinder Engine Gasoline Fuel,6-Speed A/T,White,Black,At least 1 accident or damage reported,Yes,37000,10.518700218288165,6.2166061010848646
Ford,Escape SEL,2020,42000,Gasoline,181.0HP 1.5L 3 Cylinder Engine Gasoline Fuel,A/T,White,Beige,None reported,Yes,19000,9.852246888342531,10.645448706505872
Dodge,Grand Caravan SE,2018,64000,E85 Flex Fuel,283.0HP 3.6L V6 Cylinder Engine Flex Fuel Capability,A/T,White,Gray,None reported,Yes,35000,10.463131911491967,11.06665398721974
Hyundai,Elantra HEV Limited,2021,28600,Hybrid,139.0HP 1.6L 4 Cylinder Engine Gas/Electric Hybrid,A/T,Gray,Black,None reported,Yes,23999,10.085809109330082,10.261196961231647
GMC,Canyon Denali,2019,26339,Gasoline,308.0HP 3.6L V6 Cylinder Engine Gasoline Fuel,8-Speed A/T,Red,Black,At least 1 accident or damage reported,Yes,36750,10.511920715155128,10.178843975297273
Alfa Romeo,Giulia Quadrifoglio,2018,28644,Gasoline,505.0HP 2.9L V6 Cylinder Engine Gasoline Fuel,8-Speed A/T,Black,Black,None reported,Yes,41500,10.633472802314019,10.262734186842678
Subaru,Impreza WRX,2008,148740,Gasoline,224.0HP 2.5L 4 Cylinder Engine Gasoline Fuel,5-Speed M/T,Black,Black,At least 1 accident or damage reported,Yes,14500,9.581972891547895,11.909961817375743
GMC,Sierra 2500 Denali,2021,16919,Diesel,445.0HP 6.6L 8 Cylinder Engine Diesel Fuel,10-Speed A/T,Black,Black,At least 1 accident or damage reported,Yes,73000,11.19822841866684,9.736251633160215
Chevrolet,Tahoe LS,2005,170000,Gasoline,285.0HP 4.8L 8 Cylinder Engine Gasoline Fuel,4-Speed A/T,Silver,Gray,At least 1 accident or damage reported,Yes,9000,9.105090961257085,12.04355959836804
Mercedes-Benz,SL-Class SL 550,2013,130000,Gasoline,429.0HP 4.6L 8 Cylinder Engine Gasoline Fuel,A/T,Gray,Beige,At least 1 accident or damage reported,Yes,26900,10.199918739620157,11.775297421715827
Ford,Escape PHEV SE,2022,1889,Plug-In Hybrid,221.0HP 2.5L 4 Cylinder Engine Plug-In Electric/Gas,CVT Transmission,White,Gray,None reported,Yes,32850,10.39973746484973,7.5443321080536885
Dodge,Charger GT,2018,62197,Gasoline,3.6L V6 24V MPFI DOHC,8-Speed Automatic,White Knuckle Clearcoat,Black,None reported,Yes,26691,10.192119174023498,11.038078123869473
Ford,F-150 XLT,2016,71000,E85 Flex Fuel,385.0HP 5.0L 8 Cylinder Engine Flex Fuel Capability,A/T,Black,–,At least 1 accident or damage reported,Yes,24350,10.100328195429285,11.170449240431308
Lexus,NX 200t Base,2016,83400,Gasoline,235.0HP 2.0L 4 Cylinder Engine Gasoline Fuel,A/T,Blue,Brown,At least 1 accident or damage reported,Yes,22495,10.021092794610391,11.331415578682627
Cadillac,XT5 Base,2019,74414,Gasoline,310.0HP 3.6L V6 Cylinder Engine Gasoline Fuel,8-Speed A/T,Black,Beige,None reported,Yes,26000,10.165890277802454,11.217412813403259
Ford,Mustang Shelby GT500,2010,29816,Gasoline,540.0HP 5.4L 8 Cylinder Engine Gasoline Fuel,6-Speed M/T,Black,Black,None reported,Yes,38000,10.545367754151743,10.302833979636116
Ford,F-250 Lariat,2015,68749,Diesel,440.0HP 6.7L 8 Cylinder Engine Diesel Fuel,Transmission w/Dual Shift Mode,Gray,Black,None reported,Yes,45000,10.714439990727769,11.138232015528818
BMW,325 i,2005,190395,Gasoline,184.0HP 2.5L Straight 6 Cylinder Engine Gasoline Fuel,A/T,Black,Brown,None reported,Yes,5000,8.517393171418904,12.156861392715362
Lamborghini,Huracan LP610-4,2015,34152,Gasoline,602.0HP 5.2L 10 Cylinder Engine Gasoline Fuel,7-Speed A/T,Blue,Red,None reported,Yes,185500,12.130815551850676,10.438605708871151
Toyota,Camry XLE,2007,98528,Gasoline,158.0HP 2.4L 4 Cylinder Engine Gasoline Fuel,5-Speed A/T,White,Gray,At least 1 accident or damage reported,Yes,7450,8.916103530553727,11.498106200071877
BMW,335 i,2011,91500,Gasoline,300.0HP 3.0L Straight 6 Cylinder Engine Gasoline Fuel,6-Speed A/T,Blue,Beige,At least 1 accident or damage reported,Yes,13599,9.517825071724143,11.424105180165641
Chevrolet,Camaro 1SS,2017,50850,Gasoline,455.0HP 6.2L 8 Cylinder Engine Gasoline Fuel,6-Speed M/T,Blue,Black,None reported,Yes,37000,10.518700218288165,10.836655066966722
Toyota,Tundra SR5 Double Cab,2005,199400,Gasoline,282.0HP 4.7L 8 Cylinder Engine Gasoline Fuel,A/T,Gray,Gray,At least 1 accident or damage reported,Yes,8500,9.04793908261736,12.203073151542435
RAM,2500 Powerwagon,2013,84220,Gasoline,383.0HP 5.7L 8 Cylinder Engine Gasoline Fuel,6-Speed A/T,White,Gray,At least 1 accident or damage reported,Yes,26500,10.184937747111391,11.34119957530964
Mercedes-Benz,S-Class S 550 4MATIC,2016,67280,Gasoline,449.0HP 4.7L 8 Cylinder Engine Gasoline Fuel,7-Speed A/T,White,Black,None reported,Yes,41999,10.645424897265505,11.116633157794398
Volkswagen,Passat 2.0T R-Line,2021,16538,Gasoline,2.0 Liter TSI,Automatic,Reflex Silver,Titan Black,None reported,Yes,25998,10.165813354725493,9.713476507257793
Toyota,Tundra Platinum,2018,66000,Gasoline,381.0HP 5.7L 8 Cylinder Engine Gasoline Fuel,6-Speed A/T,Gray,Black,None reported,Yes,51000,10.839600519357369,11.097425172408931
Cadillac,Escalade Luxury,2018,53450,Gasoline,420.0HP 6.2L 8 Cylinder Engine Gasoline Fuel,10-Speed A/T,White,Beige,None reported,Yes,49999,10.819778284410283,10.88652062535208
Volkswagen,Golf Alltrack TSI SE,2018,63277,Gasoline,170.0HP 1.8L 4 Cylinder Engine Gasoline Fuel,6-Speed A/T,White,Black,None reported,Yes,20900,9.94755228369823,11.05529299637949
Nissan,Altima 2.5 S,2020,30900,Gasoline,182.0HP 2.5L 4 Cylinder Engine Gasoline Fuel,A/T,Silver,Gray,None reported,Yes,21000,9.952325334619427,10.33854382482173
Mercedes-Benz,GLA 250 Base 4MATIC,2019,60854,Gasoline,2.0 Liter Turbo,Automatic,White,Black,None reported,Yes,25498,10.146394514691288,11.016249264308657
Ford,F-150 Platinum,2015,85000,Gasoline,365.0HP 3.5L V6 Cylinder Engine Gasoline Fuel,6-Speed A/T,White,Black,None reported,Yes,31000,10.34177474101152,11.350418300109132
Toyota,RAV4 SE,2016,108130,Gasoline,176.0HP 2.5L 4 Cylinder Engine Gasoline Fuel,Transmission w/Dual Shift Mode,Gray,Orange,None reported,Yes,18500,9.825580063659602,11.591098734024074
Toyota,4Runner TRD Sport,2023,11400,Gasoline,270.0HP 4.0L V6 Cylinder Engine Gasoline Fuel,A/T,Green,Black,None reported,Yes,46000,10.736418414365376,9.34145634983372
Mercedes-Benz,GL-Class GL 450 4MATIC,2013,63300,Gasoline,362.0HP 4.6L 8 Cylinder Engine Gasoline Fuel,7-Speed A/T,Black,Black,None reported,Yes,22800,10.034559673629849,11.055656405795794
Tesla,Model Y Performance,2020,27500,Gasoline,455.0HP Electric Motor Electric Fuel System,A/T,Gray,White,None reported,Yes,44000,10.691967639914864,10.221977646629885
BMW,X5 xDrive 35i Sport Activity,2012,122600,Gasoline,300.0HP 3.0L Straight 6 Cylinder Engine Gasoline Fuel,8-Speed A/T,Black,Black,At least 1 accident or damage reported,Yes,12900,9.465060106725137,11.716690459057835
Dodge,Charger Base,2006,145565,Gasoline,250.0HP 3.5L V6 Cylinder Engine Gasoline Fuel,A/T,Blue,Gray,At least 1 accident or damage reported,Yes,4500,8.412054873292933,11.888384870991986
Ford,Transit-250 Base,2016,66500,Gasoline,310.0HP 3.5L V6 Cylinder Engine Gasoline Fuel,6-Speed A/T,White,Gray,None reported,Yes,27000,10.203629181337648,11.104972264124868
BMW,330 i xDrive,2017,75000,Gasoline,248.0HP 2.0L 4 Cylinder Engine Gasoline Fuel,A/T,Blue,Black,None reported,Yes,20000,9.90353755128617,11.225256725762893
Mazda,CX-5 Grand Touring,2021,24781,Gasoline,2.5L I4 16V GDI DOHC,6-Speed Automatic,Machine Gray Metallic,Black,None reported,Yes,28991,10.274775208842707,10.117872862176439
BMW,X5 M Base,2013,67000,Gasoline,555.0HP 4.4L 8 Cylinder Engine Gasoline Fuel,A/T,Silver,Black,At least 1 accident or damage reported,Yes,24500,10.106469212026385,11.112462823634855
Audi,Q5 2.0T Premium Plus,2019,24500,Gasoline,248.0HP 2.0L 4 Cylinder Engine Gasoline Fuel,A/T,Black,–,None reported,Yes,31000,10.34177474101152,10.106469212026385
Audi,S5 3.0T Prestige,2013,37500,Gasoline,333.0HP 3.0L V6 Cylinder Engine Gasoline Fuel,7-Speed A/T,Black,Black,None reported,Yes,26000,10.165890277802454,10.53212287826962
Nissan,GT-R Premium,2013,101000,Gasoline,545.0HP 3.8L V6 Cylinder Engine Gasoline Fuel,Transmission w/Dual Shift Mode,White,Black,None reported,Yes,59000,10.985309671896763,11.522885696764481
Tesla,Model 3 Long Range,2020,25000,Gasoline,425.0HP Electric Motor Electric Fuel System,1-Speed A/T,Blue,Black,None reported,Yes,49995,10.819698281210112,10.12667110305036
Toyota,Camry Solara SLE V6,2000,245000,Gasoline,200.0HP 3.0L V6 Cylinder Engine Gasoline Fuel,A/T,Black,Beige,At least 1 accident or damage reported,Yes,2500,7.824445930877619,12.409017571151187
Tesla,Model Y Long Range,2021,49252,Gasoline,Electric,1-Speed Automatic,Deep Blue Metallic,Black,None reported,Yes,37999,10.545341438708522,10.804725558450654
Buick,Cascada Base,2016,103814,Gasoline,200.0HP 1.6L 4 Cylinder Engine Gasoline Fuel,6-Speed A/T,White,Black,At least 1 accident or damage reported,Yes,14995,9.615538777855802,11.550365747944074
Toyota,4Runner Venture,2021,27000,Gasoline,270.0HP 4.0L V6 Cylinder Engine Gasoline Fuel,A/T,White,Black,None reported,Yes,48500,10.789339695269716,10.203629181337648
BMW,530 i xDrive,2021,60942,Gasoline,2.0L I4 16V GDI DOHC Turbo,8-Speed Automatic,Glacier Silver Metallic,Black,None reported,Yes,32085,10.376175076911021,11.017694280077595
BMW,535 i xDrive,2011,100780,Gasoline,300.0HP 3.0L Straight 6 Cylinder Engine Gasoline Fuel,8-Speed A/T,Gray,Black,At least 1 accident or damage reported,Yes,12000,9.392745258631441,11.520705124789052
Tesla,Model S 100D,2018,65000,Gasoline,518.0HP Electric Motor Electric Fuel System,A/T,Blue,Black,None reported,Yes,41000,10.62135173563291,11.082157933374816
Lexus,GX 460 Base,2012,167000,Gasoline,301.0HP 4.6L 8 Cylinder Engine Gasoline Fuel,A/T,Black,Beige,At least 1 accident or damage reported,Yes,19470,9.876681458115621,12.025755079404917
Chevrolet,Trailblazer SS,2008,161000,Gasoline,390.0HP 6.0L 8 Cylinder Engine Gasoline Fuel,4-Speed A/T,Red,Black,At least 1 accident or damage reported,Yes,17000,9.741027444837728,11.989165855127435
Subaru,Impreza WRX,2005,90200,Gasoline,227.0HP 2.0L 4 Cylinder Engine Gasoline Fuel,5-Speed M/T,Blue,Black,None reported,Yes,12499,9.433483923290392,11.409795792463761
Volkswagen,Passat 2.5 SE,2012,159870,Gasoline,170.0HP 2.5L 5 Cylinder Engine Gasoline Fuel,A/T,White,Beige,At least 1 accident or damage reported,Yes,9750,9.18512512283512,11.98212251902163
Audi,Q5 40 Premium,2022,14550,Hybrid,201.0HP 2.0L 4 Cylinder Engine Gasoline/Mild Electric Hybrid,7-Speed A/T,Silver,Brown,None reported,Yes,41500,10.633472802314019,9.585414998760278
INFINITI,Q60 3.0t Red Sport 400,2018,38000,Gasoline,400.0HP 3.0L V6 Cylinder Engine Gasoline Fuel,A/T,Red,White,None reported,Yes,32000,10.373522431293592,10.545367754151743
Chevrolet,Camaro Z28,2002,35515,Gasoline,310.0HP 5.7L 8 Cylinder Engine Gasoline Fuel,M/T,Silver,Black,At least 1 accident or damage reported,Yes,21000,9.952325334619427,10.477738578152218
Mercedes-Benz,SL-Class SL550 Roadster,2008,33300,Gasoline,382.0HP 5.5L 8 Cylinder Engine Gasoline Fuel,7-Speed A/T,White,Beige,None reported,Yes,34500,10.448743588106625,10.413342705547674
Mercedes-Benz,C-Class C 300 4MATIC,2016,90189,Gasoline,241.0HP 2.0L 4 Cylinder Engine Gasoline Fuel,A/T,White,–,At least 1 accident or damage reported,Yes,17995,9.797904789961063,11.409673835159754
Land Rover,Range Rover Autobiography,2023,1148,Gasoline,4.4L V8 32V GDI DOHC Twin Turbo,Automatic,Carpathian Grey,Ebony,None reported,Yes,193063,12.17077701913545,7.046647277848756
Mercedes-Benz,SLK-Class SLK320,2001,59500,Gasoline,215.0HP 3.2L V6 Cylinder Engine Gasoline Fuel,6-Speed M/T,Blue,Beige,None reported,Yes,6500,8.77971129020447,10.993748398115178
Ford,Transit-350 XL,2017,134000,Gasoline,310.0HP 3.5L V6 Cylinder Engine Gasoline Fuel,A/T,Silver,Gray,None reported,Yes,26500,10.184937747111391,11.80560254159177
Buick,Enclave Premium,2014,86281,Gasoline,288.0HP 3.6L V6 Cylinder Engine Gasoline Fuel,6-Speed A/T,Black,Black,None reported,Yes,18900,9.846970109700957,11.365376280577502
Porsche,Cayenne AWD,2020,34580,Gasoline,335.0HP 3.0L V6 Cylinder Engine Gasoline Fuel,A/T,Black,Red,None reported,Yes,56000,10.933124826700707,10.451059677269122
Hyundai,Santa Fe SE,2007,145000,Gasoline,242.0HP 3.3L V6 Cylinder Engine Gasoline Fuel,A/T,Blue,Gray,At least 1 accident or damage reported,Yes,4200,8.343077871169383,11.884495917930655
Mazda,Mazda6 Signature,2021,11737,Gasoline,2.5L I4 16V GDI DOHC Turbo,6-Speed Automatic,Soul Red Crystal Metallic,Deep Chestnut,None reported,Yes,33687,10.424896969841763,9.37058672111828
Tesla,Model X Performance,2020,25535,Gasoline,778.0HP Electric Motor Electric Fuel System,A/T,White,Beige,None reported,Yes,68969,11.141426906425338,10.147844500249535
Jeep,Wrangler Unlimited Sport,2016,67499,Gasoline,285.0HP 3.6L V6 Cylinder Engine Gasoline Fuel,6-Speed M/T,Beige,Black,None reported,Yes,27500,10.221977646629885,11.119882876860622
Toyota,4Runner Sport,2004,220450,Gasoline,245.0HP 4.0L V6 Cylinder Engine Gasoline Fuel,A/T,Gray,Gray,None reported,Yes,8550,9.053803514155955,12.303430726951799
Chevrolet,Silverado 1500 2LT,2018,20200,Gasoline,355.0HP 5.3L 8 Cylinder Engine Gasoline Fuel,6-Speed A/T,Silver,Gray,At least 1 accident or damage reported,Yes,42950,10.667815210028436,9.913487387114461
Jaguar,XK8 Base,2000,40000,Gasoline,290.0HP 4.0L 8 Cylinder Engine Gasoline Fuel,5-Speed A/T,Blue,Beige,None reported,Yes,15400,9.642187721358466,10.596659732783579
Mercedes-Benz,GLA-Class GLA 45 AMG,2015,80300,Gasoline,355.0HP 2.0L 4 Cylinder Engine Gasoline Fuel,7-Speed A/T,Black,Black,At least 1 accident or damage reported,Yes,22000,9.99884318585288,11.293537353157436
BMW,330 i xDrive,2017,63150,Gasoline,248.0HP 2.0L 4 Cylinder Engine Gasoline Fuel,A/T,White,Beige,None reported,Yes,21500,9.975854724662028,11.053283962966008
Volkswagen,Atlas 3.6L SE w/Technology,2018,48210,Gasoline,276.0HP 3.6L V6 Cylinder Engine Gasoline Fuel,Transmission w/Dual Shift Mode,Silver,Black,None reported,Yes,24999,10.126631103850338,10.783342489769069
Nissan,Juke SL,2012,115359,Gasoline,188.0HP 1.6L 4 Cylinder Engine Gasoline Fuel,A/T,Black,Black,None reported,Yes,9950,9.205428327615163,11.655812952518776
Subaru,Impreza 2.0i Premium,2018,90601,Gasoline,152.0HP 2.0L 4 Cylinder Engine Gasoline Fuel,CVT Transmission,White,Beige,None reported,Yes,26000,10.165890277802454,11.414231566842608
BMW,M5 Base,2000,132200,Gasoline,400.0HP 5.0L 8 Cylinder Engine Gasoline Fuel,6-Speed M/T,Blue,Black,None reported,Yes,26900,10.199918739620157,11.792078770667635
Mercedes-Benz,Sprinter 2500 Standard Roof,2023,4000,Diesel,211.0HP 2.0L 4 Cylinder Engine Diesel Fuel,9-Speed A/T,White,Black,None reported,Yes,65000,11.082157933374816,8.294299608857235
Volkswagen,Beetle 2.0T Final Edition SE,2019,32000,Gasoline,174.0HP 2.0L 4 Cylinder Engine Gasoline Fuel,Transmission w/Dual Shift Mode,Gray,Black,None reported,Yes,32750,10.396688774948379,10.373522431293592
MINI,Countryman Cooper S ALL4,2016,95070,Gasoline,181.0HP 1.6L 4 Cylinder Engine Gasoline Fuel,6-Speed A/T,Blue,Black,None reported,Yes,12750,9.453364978883542,11.462379259863024
Nissan,Rogue SL,2017,148000,Gasoline,170.0HP 2.5L 4 Cylinder Engine Gasoline Fuel,A/T,White,–,None reported,Yes,13000,9.472781556562168,11.904974309480183
Lexus,CT 200h Premium,2014,125519,Hybrid,134.0HP 1.8L 4 Cylinder Engine Gas/Electric Hybrid,CVT Transmission,Black,Black,At least 1 accident or damage reported,Yes,16000,9.680406499268875,11.740220387406914
INFINITI,G37 x,2013,90000,Gasoline,328.0HP 3.7L V6 Cylinder Engine Gasoline Fuel,Transmission w/Dual Shift Mode,Silver,Black,None reported,Yes,14500,9.581972891547895,11.407576060361786
Audi,A6 2.0T Sport,2018,49650,Gasoline,252.0HP 2.0L 4 Cylinder Engine Gasoline Fuel,A/T,Black,Black,At least 1 accident or damage reported,Yes,23750,10.075379913839543,10.8127738102574
Nissan,Altima 2.5 S,2015,149800,Gasoline,182.0HP 2.5L 4 Cylinder Engine Gasoline Fuel,A/T,Black,Black,At least 1 accident or damage reported,Yes,11600,9.358846580275406,11.917063025610398
Chevrolet,Blazer 1LT,2019,37161,Gasoline,2.5L I4 16V GDI DOHC,9-Speed Automatic,Nightfall Gray Metallic,Jet Black,None reported,Yes,26990,10.203258756085228,10.5230420127927
Dodge,Ram 3500 Quad Cab DRW,2000,188000,Gasoline,–,A/T,Silver,Gray,At least 1 accident or damage reported,Yes,10000,9.210440366976517,12.144202560946876
Ford,Transit Connect XLT,2016,111700,E85 Flex Fuel,169.0HP 2.5L 4 Cylinder Engine Flex Fuel Capability,A/T,White,Beige,None reported,Yes,15500,9.648659816955295,11.623580937568695
Mercedes-Benz,S-Class S 550 4MATIC,2016,72784,Gasoline,449.0HP 4.7L 8 Cylinder Engine Gasoline Fuel,7-Speed A/T,Blue,White,None reported,Yes,34900,10.460270761075149,11.19526516899876
Cadillac,Escalade Base,2007,150000,Gasoline,403.0HP 6.2L 8 Cylinder Engine Gasoline Fuel,A/T,White,Beige,None reported,Yes,9999,9.210340371976184,11.918397239722838
Ford,Transit Connect XLT,2012,140450,Gasoline,136.0HP 2.0L 4 Cylinder Engine Gasoline Fuel,4-Speed A/T,Red,Gray,At least 1 accident or damage reported,Yes,8500,9.04793908261736,11.852613952478563
Lexus,IS 250 Base,2010,132700,Gasoline,204.0HP 2.5L V6 Cylinder Engine Gasoline Fuel,A/T,Black,Black,At least 1 accident or damage reported,Yes,10700,9.278092474027002,11.795853756086931
Dodge,Durango GT,2020,49000,Gasoline,295.0HP 3.6L V6 Cylinder Engine Gasoline Fuel,A/T,White,Black,None reported,Yes,40000,10.596659732783579,10.799595985047786
Chevrolet,Corvette Stingray w/2LT,2023,2058,Gasoline,490.0HP 6.2L 8 Cylinder Engine Gasoline Fuel,A/T,Gray,Black,None reported,Yes,101999,11.532728092266408,7.629975707027789
Jeep,Wrangler Unlimited Sahara,2019,23442,Gasoline,285.0HP 3.6L V6 Cylinder Engine Gasoline Fuel,A/T,White,Beige,None reported,Yes,44500,10.703266939811954,10.062327221849518
Tesla,Model 3 Long Range,2021,23749,Gasoline,Electric,1-Speed Automatic,White,Black,None reported,Yes,35999,10.491274217438248,10.075337809462788
Toyota,4Runner TRD Pro,2021,35048,Gasoline,4.0L V6 24V MPFI DOHC,5-Speed Automatic,Lunar Rock,Black / Graphite,None reported,Yes,52590,10.870300281424473,10.464502361385257
INFINITI,QX60 Base,2016,91239,Gasoline,265.0HP 3.5L V6 Cylinder Engine Gasoline Fuel,A/T,Gray,Black,None reported,Yes,17500,9.770013301136158,11.421248676398324
Porsche,911 Carrera,2022,2950,Gasoline,379.0HP 3.0L Flat 6 Cylinder Engine Gasoline Fuel,8-Speed A/T,Green,Black,None reported,Yes,131000,11.782960235741939,7.989899374942939
Ford,F-150 XL,2019,59678,Gasoline,2.7L V6 24V PDI DOHC Twin Turbo,Automatic,Gray,Black,None reported,Yes,33700,10.425282789490705,10.996735478705087
BMW,M240 i xDrive,2022,2010,Gasoline,382.0HP 3.0L Straight 6 Cylinder Engine Gasoline Fuel,A/T,Purple,Black,None reported,Yes,55000,10.915106645867503,7.606387389772652
Toyota,Prius Two,2014,80354,Hybrid,134.0HP 1.8L 4 Cylinder Engine Gas/Electric Hybrid,A/T,Red,Gray,At least 1 accident or damage reported,Yes,13310,9.496346040047019,11.29420959698317
Ford,Expedition Max XLT,2018,105674,Gasoline,375.0HP 3.5L V6 Cylinder Engine Gasoline Fuel,10-Speed A/T,White,Beige,None reported,Yes,34995,10.462989048226156,11.56812362543499
Toyota,Tundra Grade,2013,92700,Gasoline,310.0HP 4.6L 8 Cylinder Engine Gasoline Fuel,6-Speed A/T,Gray,Gray,At least 1 accident or damage reported,Yes,20800,9.942756341456828,11.437134538982278
Ford,Edge Titanium,2016,101387,Gasoline,245.0HP 2.0L 4 Cylinder Engine Gasoline Fuel,6-Speed A/T,Black,Beige,At least 1 accident or damage reported,Yes,16000,9.680406499268875,11.526710019940845
Buick,Envision Essence,2021,36544,Gasoline,2.0L I4 16V GDI DOHC Turbo,9-Speed Automatic,Dark Moon Blue Metallic,Ebony,None reported,Yes,33290,10.413042369168673,10.506299656914493
Audi,Q7 55 Prestige,2019,41000,Gasoline,329.0HP 3.0L V6 Cylinder Engine Gasoline Fuel,A/T,White,Beige,None reported,Yes,39900,10.594156665220533,10.62135173563291
Chrysler,Town & Country Touring-L,2013,115872,E85 Flex Fuel,283.0HP 3.6L V6 Cylinder Engine Flex Fuel Capability,A/T,Black,Black,None reported,Yes,9500,9.15915233520675,11.660250042740776
Chevrolet,Cruze LS,2011,135603,Gasoline,136.0HP 1.8L 4 Cylinder Engine Gasoline Fuel,A/T,Silver,Black,None reported,Yes,7000,8.853808274977197,11.817494152578433
Ford,F-150 Lariat,2020,26540,Gasoline,375.0HP 3.5L V6 Cylinder Engine Gasoline Fuel,A/T,White,Black,None reported,Yes,46995,10.757817770687463,10.186445986151496
Jaguar,XF Premium,2011,35134,Gasoline,385.0HP 5.0L 8 Cylinder Engine Gasoline Fuel,A/T,Gray,Gray,At least 1 accident or damage reported,Yes,12400,9.425532393502772,10.466953063626297
Jeep,Wrangler Unlimited Rubicon,2020,49990,Gasoline,270.0HP 2.0L 4 Cylinder Engine Gasoline Fuel,8-Speed A/T,Black,Black,None reported,Yes,53000,10.87806606028079,10.819598268208338
Ford,F-250 Lariat,2011,153818,Diesel,400.0HP 6.7L 8 Cylinder Engine Diesel Fuel,6-Speed A/T,Gray,Gray,At least 1 accident or damage reported,Yes,29800,10.30229722897745,11.943531865484724
Jaguar,F-PACE 35t Premium,2017,58060,Gasoline,340.0HP 3.0L V6 Cylinder Engine Gasoline Fuel,8-Speed A/T,Blue,Beige,At least 1 accident or damage reported,Yes,26000,10.165890277802454,10.96924946099213
Porsche,911 Carrera S,2015,36000,Gasoline,400.0HP 3.8L Flat 6 Cylinder Engine Gasoline Fuel,7-Speed A/T,Black,Black,None reported,Yes,84999,11.350406535472453,10.491301994830229
Ford,Bronco Badlands Advanced,2022,17000,Gasoline,315.0HP 2.7L V6 Cylinder Engine Gasoline Fuel,10-Speed A/T,White,Black,None reported,Yes,69999,11.156250521031495,9.741027444837728
Suzuki,SX4 Base,2013,99982,Gasoline,150.0HP 2.0L 4 Cylinder Engine Gasoline Fuel,M/T,Orange,Gray,At least 1 accident or damage reported,Yes,6900,8.839421607620602,11.51275545051859
Ford,EcoSport SES,2019,106000,Gasoline,166.0HP 2.0L 4 Cylinder Engine Gasoline Fuel,A/T,Silver,Black,At least 1 accident or damage reported,Yes,12000,9.392745258631441,11.571203807011969
Honda,Civic EX,2014,82500,Gasoline,143.0HP 1.8L 4 Cylinder Engine Gasoline Fuel,CVT Transmission,Silver,Gray,None reported,Yes,15000,9.61587214452889,11.320565693461432
Mercedes-Benz,Sprinter 2500 Standard Roof,2018,41500,Diesel,188.0HP 3.0L V6 Cylinder Engine Diesel Fuel,A/T,Gray,Black,None reported,Yes,61000,11.0186455364637,10.633472802314019
BMW,X3 xDrive28i,2015,92984,Gasoline,240.0HP 2.0L 4 Cylinder Engine Gasoline Fuel,Transmission w/Dual Shift Mode,White,Beige,At least 1 accident or damage reported,Yes,17000,9.741027444837728,11.440193468804129
Nissan,Murano SL,2007,120000,Gasoline,240.0HP 3.5L V6 Cylinder Engine Gasoline Fuel,A/T,Silver,Black,None reported,Yes,6750,8.81744592104187,11.695255355062795
Chevrolet,Corvette Stingray,2015,25548,Gasoline,455.0HP 6.2L 8 Cylinder Engine Gasoline Fuel,8-Speed A/T,Gray,Gray,None reported,Yes,49000,10.799595985047786,10.148353455922653
Ford,F-150 Lariat,2018,65441,Gasoline,325.0HP 2.7L V6 Cylinder Engine Gasoline Fuel,A/T,Gray,Black,None reported,Yes,38000,10.545367754151743,11.088919533156798
Porsche,Cayenne Turbo,2020,39611,Gasoline,4.0L V8 32V GDI DOHC Twin Turbo,8-Speed Automatic,Quartzite Grey Metallic,Black,None reported,Yes,89900,11.40646434386837,10.586887381641194
Toyota,Sequoia SR5,2010,154860,Gasoline,310.0HP 4.6L 8 Cylinder Engine Gasoline Fuel,6-Speed A/T,Silver,Gray,None reported,Yes,17900,9.792611856190192,11.9502832193653
Porsche,911 Carrera S,2021,7008,Gasoline,443.0HP 3.0L Flat 6 Cylinder Engine Gasoline Fuel,8-Speed A/T,Gray,Black,None reported,Yes,151900,11.930984271840668,8.854950316500325
BMW,M8 Gran Coupe Competition,2022,21057,Gasoline,617.0HP 4.4L 8 Cylinder Engine Gasoline Fuel,Transmission w/Dual Shift Mode,Gray,Black,None reported,Yes,99800,11.510933482289435,9.955035814416705
Lexus,CT 200h Base,2016,39750,Hybrid,134.0HP 1.8L 4 Cylinder Engine Gas/Electric Hybrid,A/T,Black,Black,None reported,Yes,21995,9.998615897627705,10.590390276998745
Aston Martin,DB7 Vantage Volante,2003,14900,Gasoline,420.0HP 5.9L 12 Cylinder Engine Gasoline Fuel,6-Speed M/T,White,Beige,None reported,Yes,32850,10.39973746484973,9.60918360377546
Chevrolet,Impala 2LZ,2018,71312,Gasoline,305.0HP 3.6L V6 Cylinder Engine Gasoline Fuel,6-Speed A/T,Black,Black,None reported,Yes,17899,9.792555991828847,11.174833917973366
Porsche,911 Carrera,2015,43500,Gasoline,350.0HP 3.4L Flat 6 Cylinder Engine Gasoline Fuel,7-Speed A/T,Black,Black,None reported,Yes,66500,11.104972264124868,10.680539205318292
BMW,X6 xDrive40i,2020,34000,Gasoline,335.0HP 3.0L Straight 6 Cylinder Engine Gasoline Fuel,8-Speed A/T,White,Brown,None reported,Yes,59335,10.990971483416393,10.434145214930487
Subaru,Ascent Touring 7-Passenger,2021,32250,Gasoline,260.0HP 2.4L 4 Cylinder Engine Gasoline Fuel,A/T,Black,Black,At least 1 accident or damage reported,Yes,36000,10.491301994830229,10.381304329495126
Volkswagen,Routan SE,2011,194000,Gasoline,283.0HP 3.6L V6 Cylinder Engine Gasoline Fuel,Transmission w/Dual Shift Mode,Black,Gray,At least 1 accident or damage reported,Yes,3500,8.160803920954665,12.175618592671356
Mercedes-Benz,AMG GLS 63 4MATIC,2023,2000,Hybrid,603.0HP 4.0L 8 Cylinder Engine Gasoline/Mild Electric Hybrid,9-Speed A/T,Gray,Beige,None reported,Yes,175000,12.07254696717504,7.601402334583733
Mercedes-Benz,E-Class E 300 4MATIC,2018,53705,Gasoline,241.0HP 2.0L 4 Cylinder Engine Gasoline Fuel,A/T,Black,Black,At least 1 accident or damage reported,Yes,25900,10.16203685698089,10.891280006098993
Bentley,Continental GT Speed,2023,714,Gasoline,6.0L W12 48V PDI DOHC Twin Turbo,8-Speed Automatic with Auto-Shift,C / C,Hotspur,None reported,Yes,349950,12.765548423664681,6.5722825426940075
Audi,S4 3.0T Premium Plus,2022,10900,Gasoline,349.0HP 3.0L V6 Cylinder Engine Gasoline Fuel,Transmission w/Dual Shift Mode,Black,Black,None reported,Yes,53900,10.894904309600681,9.296609807128359
Porsche,Taycan,2022,2116,Gasoline,Electric,Automatic,Black,Black,None reported,Yes,90998,11.418603796427618,7.6577552711348655
Ford,F-150 Raptor,2020,33000,Gasoline,450.0HP 3.5L V6 Cylinder Engine Gasoline Fuel,A/T,Blue,Black,None reported,Yes,62999,11.05089000537367,10.404293143019792
BMW,X3 xDrive30i,2020,43000,Gasoline,248.0HP 2.0L 4 Cylinder Engine Gasoline Fuel,A/T,Gray,Brown,At least 1 accident or damage reported,Yes,40000,10.596659732783579,10.668978650219241
